uid,svd_0,svd_1,svd_2,svd_3,svd_4,svd_5,svd_6,svd_7,svd_8,svd_9
safeguard:test:10,0.13905150499531174,0.14320833955113926,0.019439358723324245,0.004846782047295765,-0.016135620113586924,-0.10113305531757062,0.16927343598138594,-0.1887887829209281,0.056720936578300046,-0.058731674875939985
safeguard:test:1006,0.15582937122339446,0.13001967562469216,-0.15367338374766407,0.03434406758647518,-0.012210208300198281,0.09009399494135806,0.16326813728670903,-0.08132012959551872,0.032373962232773716,0.09791180208704303
safeguard:test:1012,0.1344263182558515,0.1390642896885013,-0.15492900290130623,-0.041744093084478504,-0.004252739264628919,-0.03521739668900004,-0.14433314302160238,-0.040033110852923555,-0.0004524467839237734,0.13981790681665462
safeguard:test:1019,0.09806664592635608,-0.011823839647990173,0.005059708186440052,-0.09210077811176237,0.13342817745860372,-0.01957527440685943,0.0743802119304832,-0.02682860119441453,0.012352014551458814,0.010698854773711184
safeguard:test:1020,0.15536535755246828,0.11544159697338814,-0.09548134501566445,-0.039530156832691704,-0.017562974509042,-0.07785303988542139,-0.09137188138183457,-0.0263936584425877,0.01989813062365885,-0.020546881804025297
safeguard:test:1026,0.1415775348114335,-0.07183347535005813,0.046963945220677046,-0.2618638452856878,0.3785618782207915,0.005994329738491773,0.045345280485379676,0.009635582148989925,0.008418351550205606,0.01774085948932736
safeguard:test:1029,0.20470132603569804,0.023661614111463974,-0.08777588948365854,0.03728408242761954,0.04394738963594809,-0.05549259708931907,-0.09832562124090267,-0.040440623689103124,0.019730603691784823,0.051624113751473064
safeguard:test:1030,0.21994775607900835,0.4192170385840435,0.3202594242126373,-0.021601424334755856,-0.051775625391691636,-0.16739213777966855,0.15112387479442482,0.40441849397690016,-0.2274940464186831,0.1439482144430863
safeguard:test:1044,0.12470602840281311,-0.05504916990530591,0.02694829645923149,-0.12224493209375692,0.17802001270214243,0.0023828719427353433,0.021772567791413556,-0.007537802886351319,-0.00976316019452108,0.005661852213456962
safeguard:test:1046,0.12985524514608432,0.08289201057231337,-0.03871526123515546,0.048121227367842995,0.059496903486960004,-0.07621941787370928,-0.12985574983378087,-0.04800528369722465,0.022920953248969488,-0.0165242379802149
safeguard:test:105,0.15285250182785529,0.14788834113553054,-0.12413267455942502,0.013048166276317445,0.024750856198468497,-0.08055015347953491,-0.1042772312461429,-0.023298480920773683,0.03634704906961809,-0.020626389315050633
safeguard:test:1052,0.19706212196697828,0.3980750706506625,0.3376862449106151,-0.03052169428160964,-0.09666525079607251,-0.12219789949300904,0.15000672784008673,0.33103396968389626,-0.19128071146869782,0.1330091147073693
safeguard:test:1056,0.2667931366220865,0.2719472333675098,-0.4115092419665538,-0.07940661698447427,-0.06598108729333324,0.2973166623154736,0.15419556543587892,0.18532121158482529,-0.04224072248935074,-0.19810213062120569
safeguard:test:1057,0.26022591907409615,0.4069181603823077,0.110635783099569,-0.11370028593832862,-0.06368565738769143,-0.23795015595220348,-0.11796597943158284,-0.05493548636256619,0.04342595782653409,-0.051075692568678464
safeguard:test:1060,0.08410653512306007,-0.022472776948417723,0.015387066856428211,-0.0870001204370986,0.13275443822868524,-0.015674657820930447,0.010046673220877277,0.008631220667118755,0.011698182993629886,-0.005666705406991008
safeguard:test:1062,0.17606410831446317,0.211345308963857,-0.00041341501122327566,-0.0754185422730245,-0.017220216632855417,-0.12987326585365555,-0.1261688322542653,-0.032401400260809184,0.009451153895546464,-0.033793307388523944
safeguard:test:1066,0.13893631847772597,-0.06794781726060753,0.03429797891582206,-0.16166931183699337,0.2233920900238126,0.02013861763731394,0.016741973818507092,0.0006816479141907245,-0.010036954913092812,0.0023212842802133324
safeguard:test:1067,0.15056178417975263,0.08109367696356681,-0.19094723295553923,0.006281124369232597,-0.013072986430889647,0.15738586929567316,0.022857179293683662,0.1085266712274002,-0.03280352176713536,-0.0575625614532065
safeguard:test:1090,0.14396375518855134,0.10826239314550144,-0.08099688761832793,-0.017315281827140497,-0.04809258624980655,-0.07156329437742434,0.11850384122306377,-0.041623801789302195,-0.03697922747081959,0.1240365143600381
safeguard:test:1092,0.13075882179763718,0.12315282759583142,-0.08048981372237002,0.03871898473067212,0.04844550021676384,-0.019677997555816527,-0.10522940348765276,0.0016290548201009403,0.029136420962332803,-0.056172015473705116
safeguard:test:1096,0.2678080802301175,0.2837999093769593,-0.44364302323010907,-0.1253608546105065,-0.05950360328304557,0.24534631012899838,-0.015406493785531227,0.14705858706497427,-0.0017988909116705885,-0.18258631532949737
safeguard:test:1112,0.29971871279060747,-0.16719047878847515,-0.0012804643595462689,0.07460651561855584,-0.04518959415792204,-0.07244342430134401,-0.012517796801195672,0.05574141235619656,0.08444914506960952,0.05516683985333698
safeguard:test:1120,0.15889795733426634,0.29655812499732287,0.15492101719575369,-0.01767214388799023,-0.013438542133355453,-0.2597441378796941,0.10182515181898036,0.14698026704386113,-0.10386319352923483,-0.06139400838971806
safeguard:test:113,0.18202744889271,0.09668245736514636,-0.04613357690405408,0.2443225312083523,0.21240788007339736,-0.06312311267158062,-0.15239493544071628,-0.020059900711019887,0.03791167952611331,-0.08551941998728954
safeguard:test:1130,0.12014163821154818,0.08352269136170365,-0.0690541211396234,0.33533274714826516,0.21011381847936159,0.01694062820549099,-0.008525325498293738,-0.01550833554614504,0.02342951757906728,0.025085923216291616
safeguard:test:1133,0.24675206292520543,-0.004755455132294439,-0.03746610579017818,0.048077758754032196,-0.008177972523808637,-0.09420369526010385,-0.07477105768791648,-0.08444493519045015,-0.01723575860118234,0.017576349047476333
safeguard:test:1136,0.17077463646749372,0.30401037991776614,0.16457730481010652,-0.017095520277467736,-0.02446283698138582,-0.13991986525730302,0.06286603906815257,0.23810640389500184,-0.14584480145642384,0.09676538297869851
safeguard:test:1137,0.21598431782777625,0.11183646006073707,-0.07709829005496407,0.31076274198475307,0.19832545493623316,-0.06987651128613305,-0.1730099485282366,-0.009504330132436293,0.021672528555897658,-0.05583407571977211
safeguard:test:1138,0.2452905895024067,-0.14139196113736727,0.007853178419388896,-0.0015450865999870422,-0.030195214884475106,-0.01592300101474941,0.000673767634551852,-0.019543424864155216,-0.038054306151141366,-0.01384629703802246
safeguard:test:1142,0.06985148390266163,-0.03422165157348007,0.006624266916807485,-0.013663216309440177,-0.0012726537933617315,-0.012309240573167197,0.006438677573582969,-0.0027983980618217544,-0.013023326204174585,-0.015701578786810777
safeguard:test:1144,0.175858800370903,0.23717906707655476,-0.25521610116597704,-0.07877176370121731,-0.027159127705156518,0.014922659508195848,-0.1048060388761112,0.019818785618942916,0.02641906425378008,0.02561183646527897
safeguard:test:1145,0.1716700657008182,0.22571253197871347,0.1945275743041652,-0.020109028855683428,-0.05594831140680774,0.005112316873392331,0.051495439698648754,0.010183185791543661,0.0013603024473436446,-0.012842949381394396
safeguard:test:1146,0.12059028450474821,0.0874784704764126,-0.07604568279037785,0.38720731778196393,0.2484104325156188,0.02905619570362523,-0.027018756384630846,0.02717195275798324,0.015376769767250862,-0.028799973785932624
safeguard:test:1147,0.16954840531100102,-0.03170203110640159,-0.056826237746231904,-0.011117054093848623,-0.02414867174728697,0.00043413416712088617,0.007936114143214363,-0.03799844143265169,0.013795921387383994,0.0417383533359671
safeguard:test:116,0.21120671553203574,0.09757307303549392,-0.07142892865491206,0.013702975186099184,-0.01043744083821755,-0.06156128278503565,0.042398684028433414,-0.1466636045597332,0.023080357374696808,0.07132263126236
safeguard:test:1162,0.1950092500198766,0.21893155327246444,-0.32130352699316095,-0.046241577429605725,-0.06206917250859591,0.14651205880243662,0.1283783038597703,-0.012491865950040933,0.02268940939517689,0.0371096141266331
safeguard:test:1163,0.22376855540803497,-0.10481123549879927,0.00802007389317545,0.045345726286643975,-0.008388052837760592,-0.010150278220143099,-0.003883893006401706,-0.022271523170101584,-0.03417715670894695,0.003939034188550494
safeguard:test:1175,0.2837937702385849,0.533326902046759,0.22202503232728119,-0.11477988021488436,-0.08752402270838715,-0.23671706317728874,-0.12952450427125908,-0.09005316626443813,0.08121248147868454,-0.04014810812583093
safeguard:test:118,0.12673028151734678,0.0945315595260175,-0.07874543235390025,0.37309450771932107,0.23704241397021641,0.008039519915530712,-0.0047726160983813225,-0.03630120421755112,0.03295081244338687,0.03526554981126454
safeguard:test:119,0.18816909242527743,0.23846516610061758,0.16404503110589855,0.0865738264108617,-0.01597153815961596,0.02534571756227493,0.34024716449537223,-0.18936426568999923,0.08135478393399559,0.007735338429038596
safeguard:test:1191,0.17723862358723905,-0.0836541776494929,-0.007840500033476302,-0.005269270915899248,-0.01669280752945116,0.009878094788148951,-0.00039066155480716656,-0.004257809324086531,-0.0143996367880268,-0.019917127469402485
safeguard:test:1192,0.12125370945626639,0.042085342207581644,0.004067598270346331,0.17297738600555085,0.10216405179622713,0.018065942603825172,-0.06560120849760205,0.01521243629949683,-0.009050051113030129,-0.022236931202227413
safeguard:test:1195,0.19577375408497405,0.12629182227671631,-0.12938063501336336,0.45994205148907386,0.2743955435503248,0.10963548477071214,0.018862116544411937,0.049795873021223805,0.011692216935021489,-0.04841545154169279
safeguard:test:1196,0.18697620586243793,0.16825489844962835,0.12336516680733538,-0.031226240233772577,-0.05093297303577182,-0.06291123161513228,0.008173881664367213,0.04411243934112822,-0.0714937293855147,0.031068786458354952
safeguard:test:1197,0.17899634094287312,-0.09794846286998109,0.05081229739835677,-0.3161061486572437,0.4527648764756475,0.00796291829119284,0.054740571244294274,0.02473540123766714,0.008812272950373613,0.027483880541508573
safeguard:test:1198,0.26469474647014285,0.39858318422378836,0.04736467714568364,-0.13858064427097813,-0.03431980847395143,-0.17848636492633257,-0.28592040023899606,-0.08308942987670656,0.04840004903370464,-0.07712488363271507
safeguard:test:1201,0.17907309345312697,0.021953685721605044,0.06429817907085565,0.01750697436171076,-0.010080618143936853,0.09689664350125311,-0.013060873996034382,-0.05327830127177304,0.014689931780085782,-0.022260494932914356
safeguard:test:1206,0.13522129251777448,0.11493083327979761,-0.019787280081033927,0.4279754885360221,0.29573308126638964,-0.07231769292698884,-0.07948069529416632,0.1923933487407702,-0.05974643492396601,-0.054758161042267134
safeguard:test:1207,0.21473791380378485,-0.10698942630729465,-0.0022893391819540417,0.08400145625401371,-0.003011603787831739,-0.003106861683553244,-0.05025332932786812,-0.017349156123218846,-0.05415528349093525,0.01695287491905536
safeguard:test:1211,0.2103085084594416,0.19163564578221756,-0.2757437628737439,-0.06939850867887518,-0.02866235561075635,0.1092361770135023,-0.054755677178024306,0.054724095289450506,0.007905756036043302,-0.07548881807267144
safeguard:test:1212,0.12903374817188923,0.06996803650103052,-0.04634737335401879,0.09067637467661616,0.023810609244024436,0.03159023735901088,0.13492444261409398,-0.12223186347952641,0.024975662906291815,0.08087969128189774
safeguard:test:1219,0.18699517126069717,0.2592438643486824,-0.05500551347038167,-0.1039508594057274,0.0030998874863123562,-0.26302798611113526,-0.15724267344978432,-0.1898019972386201,0.09897701210521416,-0.14663849854649835
safeguard:test:122,0.2387983461664492,0.16915723766397067,-0.2874611958274537,-0.0503756852671834,-0.021566412141257058,0.040125421132150105,-0.13711446736594743,-0.04993023100189636,-0.0183189966918421,0.41095171272512576
safeguard:test:1231,0.10703160772712221,-0.019546502828290385,-0.008361494975842388,-0.007893738283484,-0.01234747658280912,-0.02599074316984687,0.018744309304630676,0.014246082820307177,-0.008066391974469194,-0.008356690066340522
safeguard:test:1232,0.1782290603818278,0.3339194252811057,0.2917831094740712,-0.010494666040867238,-0.04089205171114853,-0.09996381858452057,0.1444834663268366,0.2828617511217854,-0.1378204803575382,0.09209236786706294
safeguard:test:1234,0.17706117290796372,0.3495199464618156,0.2221535425713915,-0.029925801832219663,-0.043224237372786314,-0.2387435044614098,0.18965659607067625,0.2587950651938359,-0.1674817378183236,0.0633055637739258
safeguard:test:1238,0.17233574301592122,0.2185511279038544,-0.2287946917121337,-0.07239159253548365,-0.015673404647732127,-0.036354242226940836,-0.1523098645555532,-0.0037967670882491627,0.018839141040185216,0.014871710308745406
safeguard:test:1244,0.06804137579310464,0.05891979775293132,-0.10460017682129893,-0.02655862723287268,-0.028976487582367767,0.012042394134523965,0.034566553765705846,-0.0163977005315828,-0.020948793043088283,0.09490282196612365
safeguard:test:1249,0.1633559684373838,0.15932055933207995,-0.18730447680389617,0.0628973578238755,-8.035659825241111e-05,0.13971601771658648,0.20894797720958952,-0.07582854909634047,0.05180693704987613,0.023229783685253472
safeguard:test:1253,0.4797549553460875,-0.24258365625580777,0.006366274736507702,0.05561852469461838,-0.04678444803641724,-0.03666646502162807,-0.01744189713145283,-0.02353678843770485,-0.07371624731525306,-0.0077561789871282635
safeguard:test:1256,0.10978810283200346,-0.0412757622845681,0.026293628043659676,-0.16138523165892826,0.22226443010729272,-0.008614513172196102,0.014378800806749059,0.006642600903124821,0.016105202654705,-3.1259089599507826e-06
safeguard:test:126,0.11725573283228477,-0.02035463247830531,0.018861437519737123,-0.13653010857027265,0.2046817224820227,-0.01733103608862234,0.023456586961894146,-0.026661838991506374,0.009136744113062093,-0.012865608531600261
safeguard:test:1265,0.15857535341611845,0.1069625130975447,-0.06074298891101439,-0.03184653189035804,0.013461098601429996,-0.08984265232348837,-0.0803578098057064,-0.15408402839574248,0.055111083907646984,0.014418778666934749
safeguard:test:1268,0.08123300668887438,-0.024693676274749672,0.02481354342938327,-0.15218225745661354,0.21752719125893843,0.011539148305900753,0.017531443701153327,-0.005776300178800132,0.003449422501495859,-0.0012727993276234583
safeguard:test:127,0.24036976732908952,0.3543591089382867,0.16429350941757662,0.10242122265073916,-0.03228146171288307,0.1254709678644701,0.3885118180853196,-0.18903097874572464,0.11841460421287284,0.08774966449204981
safeguard:test:1270,0.1648700762977969,0.3099996972140598,0.21914071986324687,-0.020141127558733575,-0.028473415357134907,-0.20631541522644106,0.11713306438147099,0.21660362571959887,-0.14383201918639316,0.04456361445351069
safeguard:test:1283,0.16868487941085472,0.06450359397353984,0.11635261958822499,-0.027606695682692535,0.009751187517006167,0.10924970391048563,-0.037344869329570735,-0.0745670207912017,0.006150459375572657,-0.05835285823986572
safeguard:test:1290,0.27799024433277864,-0.14159891187760998,-0.00184004370746808,0.005173469937552125,-0.03508157981095782,-0.01524803708507866,-0.007728634391896941,0.03784615154205858,0.0674396607271159,-0.015872038527655324
safeguard:test:1292,0.20919190932085768,0.3333076716311902,-0.003867895251802306,-0.11184074296139938,-0.015341337498369226,-0.3741307429754827,-0.11889226467820936,-0.22809658183124099,0.09346855326624805,-0.16746916260482617
safeguard:test:1299,0.18118949502536355,0.20681757543537005,0.2519084845575571,0.018077399450323262,-0.03787016926227749,0.06616263223581392,0.03981424264292497,0.031770435775297264,-0.002531169495015469,-0.0024817366678224467
safeguard:test:1301,0.3346758999190824,-0.1604634142938858,0.00871146471803793,-0.07058368268474546,-0.01005806364955446,0.032064033652253805,0.004915477745858306,-0.013769101155272618,-0.027080408183538896,-0.07385075091383328
safeguard:test:1302,0.13990717540346015,-0.05512537356151957,0.043857122147958984,-0.26642977186893146,0.4059679255783552,0.012839239171907766,0.04751629346727017,0.01398911178040356,0.0007931683517083118,0.023838794566870724
safeguard:test:1303,0.12161438830654082,-0.050035694269573806,-0.002066898045827738,0.05578181659310769,0.004024923314437354,-0.03127641856856562,-0.028287570011335722,-0.015051552219547161,-0.0218203450974161,0.02004147401983422
safeguard:test:1304,0.15797259047576265,0.1670580216046739,-0.021925833939226917,0.3810895201462348,0.2727013019532143,-0.14442436253285504,-0.05798362906204822,0.26000587768396555,-0.1296379699787806,-0.0003624246694237279
safeguard:test:1305,0.34010075534442746,-0.20554615038270843,0.008018422708842437,0.023029917188716737,-0.04395767744158863,-0.03571460270276249,0.00818467960847877,-0.008926653747230109,-0.06237925200175267,-0.026798366360231928
safeguard:test:131,0.13622623047629404,0.1173434488912331,-0.06470870039961296,0.19894448992110295,0.1600378149614706,-0.10752291891278254,-0.18784981259094846,-0.04451603414759807,0.050219199592937414,-0.04557844554618143
safeguard:test:1319,0.1496008872085862,0.1836692896513749,-0.15537060053691132,-0.07431854704632826,-0.01804966483771083,-0.061893967571019025,-0.06641112475798941,-0.04267020731660449,0.03277087027225643,-0.027357034302461867
safeguard:test:132,0.04021877188413455,-0.019015722506795136,-0.0023848656161784545,0.002323049000826972,-0.00922225322850815,-0.005074099857789034,0.0037250718827823662,-0.004487037826184192,-0.0003035476910434009,-0.009936731063656057
safeguard:test:1320,0.057113892029126694,-0.036799917045935916,-0.0008930788736275782,-0.006345508253154097,-0.006743609313976108,-0.01480149706634857,0.006366019857583183,-0.017246868408384037,-0.018312310598494884,0.0007125313823107063
safeguard:test:1324,0.2773604213170634,-0.1392452297566863,0.0022822094366036026,-0.013312346624267482,-0.03592157112990006,-0.009570661910769109,-0.005344087348364964,0.011825250866739169,0.012946597979116055,-0.03399314702715174
safeguard:test:1325,0.1961219825190356,0.09863785898007986,-0.23666159365984038,-0.07019591825064635,-0.08040723232765239,0.1437229593388133,0.029409388807301595,0.1602116534888299,-0.04458137866442826,-0.12663213679279883
safeguard:test:1328,0.1562029861535586,-0.05264022870073116,-0.010299286482742101,0.03626498609567702,0.01344756893053955,-0.003363468890921587,-0.004347093095886932,-0.038581520546312705,-0.006180054099251771,0.014993138700740835
safeguard:test:133,0.1199900042881841,-0.0496381388709632,-0.015307274133839232,-0.030156823184365102,-0.008766097446603732,0.024790389058553495,0.018902979834564813,-0.02407747364856073,-0.025132609666014993,0.014175146673486875
safeguard:test:1331,0.1267573092274631,0.08757972196481772,0.09284241158601231,-0.023250967336250185,-0.029305544297583187,-0.11154816126564435,0.03800756800472173,-0.01077816875939615,-0.016929477792097476,-0.05192728545595852
safeguard:test:1335,0.23529015600986405,-0.10593256224027105,0.00878149205532054,-0.02666221138327054,-0.02259468425555825,0.0008446202310285417,0.029254379778299724,-0.010563555399622629,0.0075475249039194964,-0.051812625110191156
safeguard:test:1343,0.17055373462942633,0.3251503863802463,0.2122586484720419,-0.030413930669474797,-0.02697007117085661,-0.2003568578750304,0.10889886256054404,0.2312632267404906,-0.132089906091151,-0.00012509983718307996
safeguard:test:1353,0.1809987244327023,0.11243496733450194,-0.23319843119077419,-0.06374021170835638,-0.06799371160644097,0.16021207753478134,0.09369697134408814,0.08140266415365102,-0.04841771242876145,0.06103583235518007
safeguard:test:1354,0.10207599007514546,0.018271984587771087,0.0054308962506337015,-0.017674744880624094,0.04550531615208874,0.004940154095978462,0.04875280033409206,-0.06765845280180836,0.010429215407513006,-0.02516544022216986
safeguard:test:1359,0.38315382474475057,-0.26534018019477223,0.01102673815952819,0.07249916193060169,-0.10671356458738457,-0.06712857552703956,0.007911002208147225,-0.030192427925551577,-0.219733078471863,-0.015240639061511175
safeguard:test:1360,0.11959510456015654,0.11336087113190918,0.1259182178198111,-0.006612007487709337,-0.013241884623188654,-0.010347705917983495,-0.0031729671605981603,-0.03103107964024129,-3.808357738594107e-06,-0.058073620476329156
safeguard:test:1364,0.1291062694514775,0.11793361178129684,-0.13253981637273246,0.06621660313351836,0.030564054372266114,0.1031586164627479,0.06553086918569297,0.00549856878582499,0.00687941051234727,0.12518510616889025
safeguard:test:1368,0.323928509513176,0.5233358964316542,0.24180687056669897,-0.12152330519033223,-0.09542660587089415,-0.2384592459347894,-0.1541072709277568,-0.12664892814807246,0.10142541312996464,-0.0717276940905872
safeguard:test:1369,0.10580455312755756,-0.012973270535527463,0.04895545765518911,-0.147289063760026,0.2080136448066719,0.034958723608733276,-0.009979482405042591,0.011059819936048806,-0.002698969072371915,0.0932594650092283
safeguard:test:1374,0.3331568791167595,0.39145197599455434,-0.4777892834415102,-0.180826885084422,-0.08379178999573679,0.12063672871668246,-0.04888771684221988,0.1329774202684213,0.004630919602584944,-0.2787698195483665
safeguard:test:1377,0.2424933932520846,-0.1021703053991016,0.01041250738924725,-0.03682102921752391,-0.021361453253764148,-0.030447984997124356,0.01015857642538395,-0.01655359193793194,-0.004753966738013692,-0.03188653783344338
safeguard:test:1378,0.11743808701545586,0.10100610715701382,-0.06719086945221273,0.1346114201174853,0.11170145976649515,-0.0834020250664596,-0.1496230359271351,-0.037945862944771896,0.029651324917485792,-0.003819130337809512
safeguard:test:1386,0.23807124971055268,-0.15418031012080566,-0.017300813678813604,0.0076092314690859204,-0.06116616821530584,-0.03854537361692763,0.00748753867822192,0.07086129167764071,0.10415297915281646,0.017077811533534274
safeguard:test:1398,0.26977321669172133,0.30480103812616477,0.07378406837331211,-0.12809617878303484,-0.003904048825828424,-0.15461071453661565,-0.22647187119323436,-0.11045106365531963,0.05554985408395418,-0.05747285862916876
safeguard:test:1399,0.14908150943938653,-0.07169644016297232,0.043769817284955215,-0.15731709917467657,0.18663263581383374,0.048631999211542445,0.004877884936447154,0.0038987212728911467,-0.01451275109969415,-0.017953966914629547
safeguard:test:140,0.24012639772519098,0.2314251920026852,0.05164334714298864,-0.0437072678973927,-0.03039194670934531,-0.14469151311063844,0.040516589994659735,-0.24261944473742175,0.12001494575031331,-0.07770457022683916
safeguard:test:1402,0.05443772559386903,-0.031339294413832604,-0.002196494428629447,-0.026178398661453425,0.02009374421561748,-0.007331124373792516,0.0005786665350888437,-0.01392545370491573,-0.012856563976153607,0.028032080516744756
safeguard:test:1408,0.15723502386682214,0.014792406154842027,0.02590226350701978,-0.15458030635624678,0.1521938437927265,-0.014229315508708913,0.04980826154613739,0.04929538612933593,-0.04802797701046733,0.009987484991717137
safeguard:test:1411,0.1218693767503601,-0.0023264008781920284,0.02002946474020777,0.027980835699981867,0.001086487721667026,0.06146766946884936,-0.02977901691335572,0.02199182585866238,-0.0316579378605096,0.014931183855203964
safeguard:test:1416,0.11891868871144409,0.011766110706366534,-0.02883172772282104,0.24530773090918578,0.1296613766156653,-0.0318895304375195,-0.05640024339879943,0.0007116344009398562,-0.007178899953756188,0.011511074189156324
safeguard:test:1427,0.22574752142688403,-0.11190992624415458,-0.0030090714474722835,-0.0024303732143519325,-0.040966238329923785,-0.027423582770333382,0.020240312312003957,0.013401544380497376,0.01849037850296508,-0.002983296396474557
safeguard:test:1432,0.21481993021160875,0.21354756244430037,-0.19621838782304718,0.009800368492482232,-0.014544948299533022,0.07146879352912763,0.2520035340963459,-0.1647712972043708,0.07528159502711777,0.04578130346197075
safeguard:test:1434,0.06485796102660514,0.010267073390318151,0.0008035170708973672,-0.007193518791904476,0.006498831632587686,0.0003311115338475585,0.00032690629766865726,-0.01293000823152284,-0.0047700020771816514,-0.011836791365160845
safeguard:test:144,0.24421435034515743,0.053344189066811584,-0.049060423882652894,-0.007172238106793211,0.03815901504815277,-0.11408548844174589,-0.14841608337894108,-0.07782271039195754,-0.00461406086394741,-0.002953495219453278
safeguard:test:1440,0.15911771924222964,-0.062023595047731424,0.01930841618912655,-0.21783859051440208,0.28741834625120966,0.04070601259281124,0.050651380001508456,0.003324827447402311,-0.02546983941467871,-4.423588904100488e-06
safeguard:test:1450,0.14429922493822808,0.06810755039359796,-0.06703035779064904,0.0076828068424381855,-0.0344504471380726,-0.05302924915699469,0.003705256504704396,-0.005910861772987777,-0.026279515828683958,0.09152873364066254
safeguard:test:1453,0.13952191099021524,-0.047222251064963146,0.028201881870963716,-0.20791737176048666,0.2765203764475638,0.02444457299296395,0.0424825806762872,-0.022869123916727824,0.005107581154702718,-0.005901468135534516
safeguard:test:1456,0.23523783119411157,0.14001564489742385,-0.2599602145505789,-0.0420384460754941,-0.02819839805945801,0.02477718317875741,-0.12082713083743574,-0.0755354943134446,-0.02243718125457689,0.4506005045477148
safeguard:test:1461,0.20509391641147712,0.026092353999369974,-0.040372952515855945,-0.050219574014839514,-0.010256273132706415,-0.009240759594103583,0.09475283186571519,-0.13187993955491362,-0.009607306028729425,-0.0411799937569961
safeguard:test:1462,0.2079533049029474,0.03268248032934758,0.007078616930413659,0.033655338368673945,-0.003681499204195901,-0.032143583098869444,-0.04840925400037233,-0.032884009321941306,-0.013936860971654448,0.012234897789124628
safeguard:test:1465,0.13723206457845508,0.14954109750439676,-0.16686965916563815,-0.06280358095896542,-0.00980746747076585,-0.00021102268212267784,-0.1047978548639241,-0.02425057603659296,0.025081582765119993,0.03419868079872657
safeguard:test:1467,0.15353770008898773,0.20630835319054608,-0.330775224688028,-0.08907091297451344,-0.07084803520312025,0.1600037288777149,-0.007555794674738111,0.18945642783192865,-0.05948882336242032,-0.074573233821146
safeguard:test:1468,0.10946423659651162,0.005497542616676405,0.03353363579778912,-0.08579642339260954,0.15567205335937648,0.03583013331942,-0.009162235318244694,-0.004194528752160474,0.00699750145203133,0.032910598467311925
safeguard:test:1472,0.3700774364083497,-0.15660019951691706,0.014564678391790098,0.005098955727682562,-0.04918281933716769,-0.003975780192964453,-0.0023020270136215877,-0.034030314317840746,-0.06590511630870845,-0.017616243578526702
safeguard:test:1473,0.14295343575609165,-0.02837470535983873,-0.03565146183442743,0.00799446927706085,-0.005741172344948198,0.006894599353938498,0.05344514729888069,-0.06866829240341416,-0.0008725542615816922,0.03790753121118061
safeguard:test:1486,0.13075625599108723,0.11436373909512225,-0.14347706762362725,-0.06936177153899976,-0.05862730720305213,0.08907650147787302,0.03606739234099195,0.13024582896698245,-0.06347184929657154,-0.07887909582903982
safeguard:test:1488,0.127211587691461,-0.049433007429382045,0.021824063830073338,-0.13997291727694788,0.17793616500751375,-0.0009717555488650378,0.028551082501369732,-0.020621615672694885,0.021994141220666043,-0.020300619686533045
safeguard:test:1492,0.18050494472575931,0.1650632470584217,0.07731326368839953,0.28770121525687364,0.1862861535146735,-0.11672153028858939,-0.029897175040568675,0.17526745459587467,-0.0759489417789069,-0.01961274681470277
safeguard:test:1495,0.09304744695308798,-0.019429132516854283,0.026862037032157126,-0.16580404554092887,0.26175608231094155,0.003095016580312897,0.022460030503452442,-0.004393976830258074,-0.0011558367696079355,0.00400931702853536
safeguard:test:1496,0.11204755046885273,0.08685151340306507,-0.05043887684933988,0.23709903129713233,0.14104301424792232,0.004049051677924619,0.025817042547825984,-0.04833807013813458,0.03127867979714993,0.05375721897472666
safeguard:test:1497,0.19751624740927415,0.09237710777042264,-0.024616692485991562,-0.010158490206760799,0.024096011279253673,-0.11564230701727682,-0.08015277814818124,-0.0989728932645082,0.024390371569291608,-0.06861070508800979
safeguard:test:1499,0.18049020905447433,-0.08529707282512257,0.009560227450632546,-0.002796434467691927,0.006970578656373566,-0.011825149434060468,0.035273950509727967,-0.019968152718060052,-0.007992340950720243,-0.02350625285990602
safeguard:test:150,0.4116812913062556,-0.20980682520620977,-0.020114276358163288,0.010471865505284053,-0.013398209659011881,-0.0232445890537569,-0.006352193060543879,-0.0007552709797982046,-0.04955237187389731,0.010230378915673176
safeguard:test:1500,0.16834781938653945,0.06674814871527791,-0.03664026915962863,0.08705056782941833,0.08837276685468286,-0.06224761387700399,-0.08797579578744545,-0.06321854189807152,0.028062121267698793,-0.02921044739182473
safeguard:test:1503,0.23033308175837847,0.1918855532383815,-0.3668892889285252,-0.09922562460125482,-0.08311061782056695,0.261792032021881,0.07454625728736347,0.15058138303441299,-0.0266015467091397,-0.08384644068357988
safeguard:test:151,0.16025719362013427,-0.06266307079405412,0.037148202088914874,-0.2007595058063485,0.3040706435434258,0.0004718766339438449,0.03303114558189907,0.005771919265252983,-0.04089446048020914,0.004963204994116889
safeguard:test:1510,0.1749706567051048,0.17284975225152022,-0.21457430667525024,-0.05514370999927353,-0.015092851396629432,0.00852149083864447,-0.09023288409929933,-0.015124732218342603,0.01128202040027658,0.14305477224285737
safeguard:test:1513,0.3917558668394709,-0.2716979056296999,0.01445038639946332,0.07551990483463406,-0.10505890157196097,-0.07130092933543265,0.00816752247962438,-0.028035378666745353,-0.2003382199227782,-0.012233572587558021
safeguard:test:1514,0.11932857260060983,0.09407554762051108,-0.21561058488317147,-0.07464714802236282,-0.06896183083159114,0.17413408812549497,0.06325391545795703,0.1257794012580339,-0.03681597233484932,-0.08390365088717128
safeguard:test:152,0.15417178911893684,0.04063063226563283,0.13043460087926462,-0.16364749928379616,0.22441249864636204,0.03420224948441624,0.0025140181152605813,0.01758643297299174,2.6001371346682568e-05,0.02004080541869975
safeguard:test:1520,0.21815737833471716,0.23211133836549339,0.02934801945715104,-0.08981404987499675,-0.02993585427964238,-0.1826467964427979,-0.055584677734238294,-0.04755150163026294,-0.006593456731788923,-0.05791046123318693
safeguard:test:1522,0.1492658700199796,-0.056438750540348984,0.04783335893707041,-0.3100676528548228,0.4833177650654513,0.018908720312606757,0.05716432041813989,0.020533970684709663,-0.013616182283231335,0.040548891974539286
safeguard:test:1530,0.1841793450183245,0.11678889006187908,-0.05729362246783274,-0.010943159967255492,0.011531675173651366,-0.058170674338235695,0.046211697779377094,-0.13495861656543046,0.038823714330816134,0.01858006212720439
safeguard:test:1533,0.19259750205050058,-0.10046125321460767,0.008043417989351067,0.024731075479499553,-0.05004225846070988,-0.02033413191754108,0.010773068890638466,-0.0050079041258449366,-0.03511813962428955,0.0006214473432828314
safeguard:test:1535,0.2643940575230621,-0.14007872030007032,-0.007212448155661862,0.01026457610195712,-0.04235677291117864,-0.010818344584128572,0.017782620721532888,-0.010252370797697509,-0.01673343301421272,-0.027739215556542667
safeguard:test:1538,0.13259710755518866,0.1098206069020056,-0.04778726825529826,0.3070929120488171,0.2136047543753489,-0.040296385007995025,-0.06697223358124317,0.21896262251631113,-0.08186762283434962,-0.0416201605570562
safeguard:test:1545,0.12886821019384154,0.043088043110565674,-0.006614297112339922,0.35615315154332156,0.237526050089243,0.026580250092536287,-0.12990805262097976,0.046071121484815965,-0.005260596613743428,-0.07331760255408297
safeguard:test:1546,0.15115161621761447,0.008158744849958531,0.04551659044209709,-0.13236872186763743,0.2557999717280769,-0.07258220756904427,0.0348858362203289,0.06340539421917432,-0.02666706069957859,0.006857579322801774
safeguard:test:155,0.1625506154846255,-0.08636672445645438,0.012518463872135698,-0.020986135697006844,-0.014446741781302562,-0.01473147696679485,0.026522268165966666,-0.005126654581573651,-0.03103459653995521,-0.04741549643141017
safeguard:test:1561,0.10976303229997358,-0.03227144918529263,0.0189647682074544,-0.14560842172543578,0.1847599538749707,0.004940729332213097,0.02650390129319428,0.0024547563353741505,-0.011899812040324734,0.00496458510392033
safeguard:test:1563,0.26360804752562406,-0.15367715138380464,-0.002730178166467757,0.055089642111474046,-0.02982498549057333,-0.04006319427590148,-0.01646029413391564,-0.00364073312059754,-0.03273318195630726,0.02954688390781252
safeguard:test:1564,0.09773163512091818,-0.03417955324819339,0.053347776809186974,-0.12293746901724567,0.16996489543176754,0.047450582219072834,-0.02031812150002024,0.008182101780752113,-0.005286600656667395,0.01590116565034126
safeguard:test:1565,0.27865401787103994,-0.13260781870036495,-0.010001694684823864,0.015247524280521993,-0.017168569147527415,-0.019551915715312257,-0.011645155931458628,-0.002786946456084834,-0.017232111575150845,-0.014574587773391968
safeguard:test:1566,0.13169447197879747,0.009434405046926166,-0.029963383575923368,0.02433418387828923,0.00673194350394577,-0.041054599256630006,-0.020079441788681332,-0.06671189543588718,-0.0010656155212761048,0.035365347283637494
safeguard:test:1574,0.12460848688641576,-0.06852125550781052,0.03553302949578225,-0.20919616334502322,0.2988587060145252,0.005857358394624335,0.03535017695515859,0.014149324321817106,-9.341613869113807e-05,0.011985365910768436
safeguard:test:1579,0.20704041809791768,0.23264282686956136,0.13825363110939715,0.005384710584985683,-0.05541007432147912,-0.10193131093342263,0.009595564668938694,-0.01622020015463783,-0.027678717523482128,0.018795954461317436
safeguard:test:1580,0.19093271803048478,0.4210798773144238,0.30691721915437986,-0.047795372547626294,-0.09212244617146152,-0.29679096718993636,0.1673457860789755,0.15659245518656303,-0.11795046304262215,-0.010664965851831056
safeguard:test:1582,0.25453063778144497,0.2579439036116895,-0.2983020187769826,-0.1262340228344457,-0.0499167377710157,0.0016488717079510813,-0.12980766788387643,0.047886245169581614,0.002882568314804912,-0.07611227329314084
safeguard:test:1589,0.16907690796557923,0.16486466317698958,0.2088073083782885,-0.023117908201039823,-0.03522270691866526,0.05275214692035885,0.031561618022862094,-0.03982594791800464,0.017800340067223912,-0.01665811937621524
safeguard:test:159,0.15016250688255692,0.176508499076307,0.0704320693214906,-0.03457010763675839,-0.03956230729847227,-0.10841529279230662,0.17965002992484547,-0.14454720875077104,0.023601268457531518,-0.07081102760299043
safeguard:test:1591,0.12589916569968992,-0.04122925792989907,0.01938694677510706,-0.04728352705973972,0.09300700955779066,-0.0024610831942326757,0.0018289001084969936,-0.012786721633764334,-0.014652452145147769,-0.0269709513437545
safeguard:test:1598,0.16956305626277235,0.15787266395344055,0.1391675411884013,-0.04060479952421694,-0.012754881024566572,-0.09563728928358588,0.06573342890955725,-0.07580973929105732,-0.005409685381122356,-0.10676212883652637
safeguard:test:1609,0.23742307549907063,0.36681186311885083,0.2523414926669324,0.08705377416581303,-0.05007321772126967,0.05111141876633537,0.41613186516636275,-0.21248360377995149,0.11737261750737936,0.05215541752811504
safeguard:test:1612,0.20727870566815743,0.1944363665780418,0.005489022908957286,-0.015813167374582958,0.005094881151385701,-0.19033783970597035,-0.15115237593437506,-0.11713993305190314,0.035621469339714606,-0.02283117880113993
safeguard:test:1616,0.14216285673135853,0.1710129708321198,-0.1712956092927384,-0.08553125972350083,-0.023500433402903725,-0.07726973611254466,-0.15987245067590486,-0.03445499930859854,4.667871600889581e-06,0.09075497587949222
safeguard:test:1623,0.6012023040276818,-0.3727249015533588,0.011079207367605794,0.07716704852628728,-0.09779593754628134,-0.07143600214088985,-0.006868958857741958,-0.0025890388120450793,-0.14570390278351497,0.04775830360658288
safeguard:test:163,0.060088244870681706,-0.015980151885796674,0.0049577105199407135,-0.0933494131259695,0.17661607839635812,0.0001968098882413199,0.02734839022561671,0.009895190528644359,-0.00011855394377460456,0.011205809478002194
safeguard:test:1642,0.12536276753016204,-0.008325064680828036,0.06675455974806993,-0.15675575914294543,0.26719534239877507,0.038354412670407734,-0.010250339429013593,0.0074350542106882776,0.003175874621036513,0.017790991296791576
safeguard:test:1644,0.33094841826891186,-0.14827786309870716,-0.02331819378657997,0.05565470850037714,0.0007536299433700346,-0.04690716958175975,-0.024794766817800056,-0.0090348264602075,-0.04360070615906754,0.025870788562965416
safeguard:test:1645,0.282951699865514,0.3454240527869781,0.18131319247205704,0.09273073263363653,-0.0414617784052879,0.12578403534032112,0.33436541852400437,-0.2535055800213242,0.12770351940888663,0.14476778723671688
safeguard:test:1647,0.12221446746197642,-0.06546650330456291,-0.0017008979716446595,-0.0056090802811775645,-0.0194729489861004,-0.0017291823781814,0.011451088370104908,-0.014343074959463782,-0.021964740623323403,-0.032056331040928
safeguard:test:1649,0.09907932533663821,0.08958922265407694,-0.1437212986011812,-0.019898623863063993,-0.019723108747259268,0.09234527507120209,0.010071940910348609,0.05499231134037306,-0.011355750368118225,-0.0064855787239976315
safeguard:test:1650,0.13885166207859861,0.1308213188654575,-0.15929034668772568,-0.03496767915051147,-0.021671459668094833,0.09506144172960429,0.049489987394715246,0.22123881043596877,-0.07767035053182418,-0.086442888833932
safeguard:test:1653,0.14759511769782493,0.1723800018091223,-0.20854082934518475,0.09325823441475166,0.037778267961927445,0.1658674379036434,0.083723154726613,0.07213630010467129,0.011583795243247697,-0.013189204773577722
safeguard:test:1664,0.22119476237601546,0.31812783923527266,-0.32333383650384756,-0.11503725682431129,-0.041193688468893666,-0.035156971567290835,-0.16904089710662507,0.04127430709133034,0.010560216133936947,0.009473190462476647
safeguard:test:1674,0.1786775851808435,-0.056753009782452735,0.006512774593291292,0.012820988824506817,-0.025754496882837617,0.0006568472125715351,0.015640798371581142,-0.013760960800233256,-0.02608722999168347,-0.029343836801523582
safeguard:test:1676,0.24569628609934047,0.14424603920577947,-0.1315503616449808,0.018943314797594202,-0.006159024219540966,-0.0788706258353552,-0.008266591083860287,0.07396511603603327,-0.12459643590892769,0.3622176919658035
safeguard:test:1682,0.157717894010135,-0.08790243816617793,-0.02182774608551418,-0.01618035149859464,-0.044324249370003885,-0.012163344563417841,0.020157325788143846,0.010366804671262709,-0.022936543333270942,-0.019442046405350646
safeguard:test:1683,0.1769867113857588,0.12156276877035,0.14242510232145633,-0.017418981116832447,-0.023018875614876824,0.12582234521632427,-0.027188540994244663,-0.026859152795954418,-0.024545511406823557,-0.021175983708298637
safeguard:test:1684,0.1382511392218889,0.1494547267831499,-0.22275720465392584,0.04302326219224541,0.011893178693733913,0.13694407269764086,0.08695146182904617,-0.020166325516580885,0.013886235211924504,0.17610377631559207
safeguard:test:1690,0.15376031328900006,0.25530520417781016,0.2109548101761819,0.00817697243590189,-0.006411231640566605,-0.12640894863129498,0.0557533591283268,0.18473297259960397,-0.10851223684937084,-0.03576905390663584
safeguard:test:1692,0.14798998804927707,0.10059555207223136,-0.08321970786376649,0.5154948287151868,0.3252378828876742,0.06112562436182911,-0.03859026494671522,0.07118537555085164,0.017259455205910143,-0.09260239397635939
safeguard:test:1699,0.16456283521076454,0.07722485436507678,-0.0028218115446604986,0.09324121152300367,0.006989476519686142,0.0379269643825092,0.26399307022765595,-0.1810512656341011,0.04612711322037669,0.00010459814695940591
safeguard:test:1700,0.09428648379737807,-0.016477060491117163,0.03300952793274056,-0.12261411478707432,0.1921120140686549,-0.012498109125401953,0.022774729988070973,-0.00028482420981769754,0.0024219368950665478,0.0027668269817221892
safeguard:test:1703,0.11067354167051378,-0.052752550100796346,0.025756189701245887,-0.1341874245824727,0.17445772640160748,0.025849270174264086,0.012307238374844796,0.014547735724238888,-0.005951034065274562,-0.009813940004009444
safeguard:test:1705,0.17868186349693396,0.21229888482737064,-0.27125822574979747,-0.05582248732864801,-0.010452676299891193,0.03187215803895959,-0.1541536552198488,0.02252479239510815,0.020682331278535016,0.04402094065138906
safeguard:test:1710,0.2718606207820901,0.30065409906288143,0.15258069503179633,-0.032870000144391995,-0.05641440717844147,-0.04926975380962935,0.08402914890863629,-0.18358360766692805,0.10911672061440973,-0.05026230776430887
safeguard:test:1713,0.16211934970516875,0.081481590437232,-0.061426310199172544,-0.0037476292892791524,0.006645905230921981,-0.08332891379750416,-0.033659174659111515,-0.11769347173102711,0.04960058111841489,0.013119222693588693
safeguard:test:1720,0.154387887533129,0.05694120218242532,-0.08494452759921149,0.009236551554631678,-0.0072941134800108085,-0.06234277504358393,-0.06492845187281313,-0.04876105278086905,0.013445720322703615,0.12646575723120776
safeguard:test:1722,0.16928274641885652,-0.03399813216462979,-0.05371149067459461,0.019410799607156342,-0.022790655743469668,-0.05151966742082666,-0.015041472807119297,-0.03272396685710841,-0.03440140287965519,0.02738176066304835
safeguard:test:1723,0.19245739374121482,0.06933554220179562,-0.17837189346574747,-0.03013568551938683,-0.04310249810476059,0.0636606188820439,0.032313725676167145,-0.025785364815149384,-0.0481499946032998,0.34283839499883845
safeguard:test:1729,0.2172245623013413,-0.10814760421091918,-0.001116102752738808,-0.029410333008050318,-0.013362014909282615,0.014101959097987362,0.022520173451584507,-0.015227372992156717,-0.009791546789163916,-0.049513998233896094
safeguard:test:1730,0.10152215187011779,0.07228664998772065,-0.048761460328884516,0.008840241150077005,0.030358224124628005,-0.06304607259260842,-0.08526137104603326,-0.025812549310731066,0.0073913433952998,-0.0033502605597638905
safeguard:test:1732,0.14595194334565112,0.10283613593508463,-0.0813350091166546,0.49495179124013644,0.30798219037299,0.0923064087889501,-0.015765221227074095,0.04963494890779009,0.024696411428883264,-0.06444918060338094
safeguard:test:1736,0.12099537320362679,0.08707506936479473,-0.07653956017320324,0.37964762479842556,0.24086938402759625,0.03110316602992518,-0.02230177717919989,0.02505865628632451,0.013739946659190583,-0.024074735338816086
safeguard:test:1739,0.39034375361793267,-0.26053676230579426,0.0037942591362392433,0.06176619907424954,-0.10611394156764707,-0.07406957519306913,0.039451381107302126,-0.04174640033957443,-0.20325131183756348,-0.0255858853799748
safeguard:test:1749,0.1767545867549676,0.3479689612063413,0.17585356262405627,-0.0321938777448947,-0.01918420461782338,-0.3231697842048608,0.1552147994460765,0.29830209586561685,-0.21891624006737934,0.02104967935886369
safeguard:test:175,0.3428011128767848,-0.19256715883473022,0.006588281253640991,4.856420934623764e-05,-0.05184913190662358,-0.0750580250291205,0.0255069416690987,0.1619719264075984,0.2861590081771327,0.035183065862751425
safeguard:test:1750,0.12583932447509943,0.03048057889383149,-0.024365805923506748,-0.06148830817380921,0.029437944625562713,-0.038066556130243796,-0.06759336591396295,-0.04840603094856893,0.04676989115645423,-0.039679340593044614
safeguard:test:1752,0.31352084715266304,0.09587592123023177,0.04529342470173955,-0.005561632850800857,-0.028318530843318267,-0.05436239938021798,-0.07253278023407062,-0.0754354536380925,-0.01128565587557714,4.301075415432446e-05
safeguard:test:1753,0.1817534891140231,0.07774404341245632,0.09149787612847686,0.07942553382577233,-0.0011151105320501911,-0.007220048875288555,0.05410425407879647,-0.02135393874403598,-0.003602680361081242,-0.009328399981750718
safeguard:test:1755,0.21173914722667467,-0.10979390942014032,-0.028192921528656475,-0.028268851654639163,-0.04617898897623284,-0.0016012782902435723,0.0161154884249723,0.007392274685836436,-0.003185695506745265,-0.027880446327428633
safeguard:test:1757,0.22453098057160842,0.20709018845793786,0.010553974495552294,0.04698183431510539,-0.015285936746589956,-0.022821819545439947,0.23087798496647066,-0.21044282815638596,0.0806072533437198,-0.041667061727135926
safeguard:test:1764,0.15395168952087243,-0.07853679523571701,-0.00367972419395073,0.017324649096511716,-0.011359539104104257,-0.010692243436471368,-0.0003465088305476096,-0.010718374162195562,-0.025451865161810878,-0.008413080789973302
safeguard:test:1767,0.09768747994774216,0.11764872771855836,-0.06696246741694444,0.11404435702744117,0.11090952393642745,-0.06824499114367259,-0.1641286058114885,-0.013872875115325586,0.04039198730339844,-0.0546051157106196
safeguard:test:177,0.20179637661409988,0.04859533542478407,-0.17352258187296332,-0.03649689291596423,-0.05185026545848282,0.09780183137170025,0.03646407592680327,0.08226265061062325,-0.03154539244537789,-0.01562679863455191
safeguard:test:1771,0.20090721559705452,0.1711582117584938,0.031930200381267745,-0.04330621972634362,-0.02955604135654081,-0.08255809930729076,-0.07936858083652618,-0.05969911887368334,0.01189144163583106,-0.016592987877934322
safeguard:test:1774,0.1774357071178181,0.29541244123153726,0.3051361653463015,0.020270230011633486,-0.029869608730993712,-0.026399995825265078,0.08464321559258595,0.27606026974428977,-0.10997409695057556,0.07507735796393747
safeguard:test:1778,0.08157743793826867,0.09234616259114499,-0.13540435292374078,-0.024106332161403014,-0.01833861257276464,-0.006279282124148746,-0.04761923639034135,-0.061889159069181174,-0.020178496662465722,0.22018859069476826
safeguard:test:178,0.2797484308934166,0.40764944781177004,0.20871598632245225,0.04538237132524081,-0.05725628002050542,-0.11876795936712704,0.3747580344902925,-0.2576443797733423,0.10965932838170167,-0.06708620444461226
safeguard:test:1784,0.11735924419138945,0.03164918805985221,-0.03577972542018833,0.014061368940309642,-0.00774321977014298,-0.0562143868934229,-0.09972536149767909,-0.04964638687558939,0.007104465832191893,0.0009565285259798316
safeguard:test:1790,0.15380679660639868,0.1412292716754644,-0.1936638465866428,0.028410433817500223,0.021177895904445136,0.10439939438469754,0.05956340498233298,0.0084926736483339,-0.004782705947237989,0.1701587305454892
safeguard:test:1792,0.10483912200186317,0.07294157634819767,-0.13501319422754157,-0.033586724505432056,-0.047910373506745894,0.07837491508766734,0.044828644490513686,0.07344293458743716,-0.0454215893102504,0.05924357599486939
safeguard:test:1795,0.14886268009081327,0.0550359448037607,-0.041905505000850746,0.027554794751990175,0.004890604206034003,-0.0031953486767657066,0.13063922181877416,-0.15410286645794227,0.03987146258131932,0.03680447154790483
safeguard:test:1796,0.15776967691697355,-0.009248917099732867,-0.09972163451863877,0.013286084533040678,-0.02301705689694812,0.0026963115220961517,-0.015953107764545654,-0.025033217860451328,-0.0293965598212858,0.284665409690733
safeguard:test:1804,0.2970443439208291,-0.12561790597483852,-0.03151614909963393,0.008649466452923754,-0.017244311459719858,-0.035759974524412624,-0.013809271961422323,-0.0312702683307229,-0.028639728279372414,0.0046315544663691035
safeguard:test:1807,0.12873129162758692,-0.07695523445958151,0.03954534694271259,-0.16515950642204566,0.2127365979664604,0.03777583067008998,0.02360769220900099,0.00019708379039609387,-0.011354998707618334,-0.010409878310001943
safeguard:test:1808,0.14308930392123384,-0.02437331335073041,0.025868880752249794,-0.22037755334780887,0.33127471909209577,0.01571924997094652,0.04573252831734411,-0.014816948935355359,0.008318398051665078,0.007769285624233891
safeguard:test:1809,0.18423221720550814,0.2136072227249974,0.18936822665019887,0.02725588349848139,-0.006225967076738765,0.05896798686177427,-0.024948927584255494,-0.0031509535540384694,0.004404795606155734,-0.05767624580806544
safeguard:test:1817,0.08069444670875406,0.06021371158925704,-0.07000157661582372,-0.03861885328051167,-0.033780264320392446,-0.03436108502328363,0.00626201819706519,-0.013105734840840755,-0.01877978892481807,0.0450451991591066
safeguard:test:1820,0.19763270044223913,-0.014119460015628119,-0.013326914324933261,-0.05684762175749387,0.03021352093289137,-0.010511283542269627,-0.06538086814516487,-0.06048598836761424,-0.00964459884836347,-0.009243328214205848
safeguard:test:1825,0.20040456486224933,0.14450953623975132,-0.2142439331903386,-0.004069084144570822,-0.004888877450025494,0.1454583104563767,0.1139605517503571,-0.009673516827324693,0.021643835764396206,-0.01612324559738478
safeguard:test:1826,0.15698901397901854,0.14584410375287263,0.04326906634806149,-0.017199851148020345,-0.04878960358933071,-0.02890719144662587,0.15071674536286422,-0.12960493853934307,0.039448708028867595,-0.037211126986914915
safeguard:test:183,0.2154758043054836,0.18772740292711546,-0.19905105483476873,-0.12496589871581285,-0.022136612829804087,-0.05651574904256451,-0.14673666064947005,-0.05642070959546535,0.04580325732646644,-0.0026446341174542693
safeguard:test:1833,0.16942321083440048,0.22837839615769545,-0.18877129996495026,-0.10014173611296558,-0.024892075247798108,-0.08319245298813424,-0.10233597029815239,-0.04585920693164751,0.039158174152715344,-0.042840481982910926
safeguard:test:1840,0.09799873960848818,0.09693847894301248,0.14484401054677148,0.009959371495649738,-0.006513378031439648,0.020824725266120163,0.009063267170098211,0.019424022524560925,-0.004657326837948084,0.06672301196932842
safeguard:test:1841,0.16116689418956553,0.1222155172744956,-0.051489498263018366,0.07187496881803077,0.030550655869548374,0.026997648089444302,0.14918644232511277,-0.12552249633789528,0.051333836946912126,0.04270435042734885
safeguard:test:1844,0.18812200285102618,0.27426925711088823,0.16882778705529855,-0.0072526708661073795,-0.022089896075931103,-0.02593507497143598,-0.08092544309749365,-0.03560795375714459,0.054529389234128735,0.0018852791154928222
safeguard:test:1847,0.18646191745989263,0.2124154562612339,-0.25869473765760737,-0.06004781546919233,-0.01581150548203306,0.004395478189755127,-0.11739362176053982,-0.0006295835142443716,0.02438213319983655,0.07959001288232045
safeguard:test:1852,0.15645005166087317,0.2610679583884605,0.2561593609445857,0.04392567374065261,-0.0066016150656825565,-0.009950050356633898,0.07037157764570766,0.24268644045573248,-0.09631805478508829,0.06059757337312408
safeguard:test:1861,0.1399301521548874,0.08623570001455641,-0.08910927892168309,0.34233761866566487,0.2068037577430548,0.055296223141106125,-0.01964460366005228,0.04033709469105482,0.007827182527807409,-0.03795376243294071
safeguard:test:1873,0.1340835171698587,-0.0393242593797402,0.003869239562233159,0.03099582954325275,-0.01709104579588669,-0.0019671604115069135,-0.001498805688683089,-0.017446921375921166,-0.010143547622217091,-0.00597284294959234
safeguard:test:1877,0.22701647086630142,0.07182910951113224,-0.1818540788169385,-0.06153026452293504,-0.0218030327231858,-0.0037716003788508643,-0.1128330259608654,-0.04670023573240731,-0.021971661983707612,0.36620690174571885
safeguard:test:1878,0.1369497819726352,0.06411094788421963,-0.05366398453003101,0.29747911085189876,0.2043806342481982,0.037730584050018494,-0.08259747422553905,0.04275580276689163,-0.009313912239908283,-0.014958978833098196
safeguard:test:188,0.14451813902055627,0.10565968549409797,-0.10194370865897165,0.405185948942693,0.25632604027821104,0.0423839730357609,0.0029649383775553428,-0.025446586473413052,0.031501148942158774,0.05458196594339402
safeguard:test:1881,0.1206570851666473,-0.05765449802552662,0.03721616872758153,-0.23612395988848464,0.34144805194324784,0.013237474470459499,0.0353977789158418,0.007009294920389477,-0.004054835327487247,0.029985763825728703
safeguard:test:1882,0.1411253167102572,0.1340590523728826,0.0160899512207523,-0.02655805411384998,-0.00470931733386507,-0.18916813216577213,0.08806684321280564,0.1482319079907311,-0.1398159793344384,0.014616484197967355
safeguard:test:1886,0.11537199451471046,0.12966393748647942,-0.14694525499538602,-0.0487337822360302,-0.005557777152405971,-0.0327392977558147,-0.12344356954355343,-0.021046559763118058,0.016716744181647786,0.038159849736149616
safeguard:test:1888,0.1615336033767522,0.27676611387912853,0.18802878935057807,-0.048683759589738966,-0.03986212623333386,-0.04061402020361783,-0.106694490815838,-0.03490103995188687,0.05596830494466966,0.0026784791581867607
safeguard:test:1898,0.1181155382018389,0.228640675333841,0.08137695869830494,0.012570070411870905,0.027697864107590113,-0.26325848217444275,0.08121364722035569,0.15039536118779404,-0.1086114570413646,-0.04142140544474301
safeguard:test:1899,0.13046008392918518,-0.02968547258588687,0.07517037841151679,-0.19780979338822077,0.33208723539960144,0.040292386293834574,0.0030868905861757973,0.027939799969147854,0.012494937821029627,0.028992178407642576
safeguard:test:1900,0.17203453652938172,0.06812364120955884,-0.003412819606686012,0.07040414649332268,0.004338129284361173,0.00025673924062556296,0.2319116799146594,-0.15663608189996117,0.03592238412664476,0.017300020904009856
safeguard:test:1901,0.17693316115135085,0.11106176789122073,-0.2805133995817958,-0.10116195205367944,-0.09331338340657482,0.26438755945805115,0.12425383131457259,0.18511442268496728,-0.05257203524591802,-0.19304364118943237
safeguard:test:1912,0.18393906756504105,0.06381480346769834,-0.12329402031079913,-0.029913117690910773,0.018811150379425164,0.0052635988771155395,-0.08768919547172532,0.013023016059946324,-0.0056070976188513574,0.025071953383143396
safeguard:test:1918,0.15133927886684267,-0.08822219903453998,-0.0030291021412201372,-0.011263547424994759,-0.029519595271672208,-0.012272718958018437,0.01988185515619574,-0.0006700564020012504,-0.008392337096579727,-0.040333490498625814
safeguard:test:1923,0.2590946121615678,0.22154615113462728,-0.32409250304199566,0.010875440502842877,-0.03396434417393729,0.2807836541210047,0.29924927140702345,-0.060097783621602216,0.043576468669087355,0.006913366888301236
safeguard:test:193,0.08489829786375515,0.004645974372209726,5.099390543037349e-05,0.12239827363136525,0.06406746497583815,0.0036155953675567685,-0.04703882260783802,-0.011034474334605545,-0.003431351950049676,-0.020306752363935802
safeguard:test:1932,0.2715075671580759,-0.13148649892518413,-0.0033052782875584454,0.01781340918635146,-0.04604815626377723,-0.0067813982986469875,0.005603507799060503,-0.022182985656971042,-0.025670894015380988,-0.021816626111151677
safeguard:test:1938,0.3992598975756014,-0.18394855732143972,-0.012976595780462624,0.06968194994880253,-0.024057007203449374,-0.04230573365702355,-0.02141408553448902,-0.03599178358129243,-0.05689695073698144,-0.0011654070772226784
safeguard:test:194,0.13870843021103899,0.08075069192925044,-0.07658383968828288,0.3431005374372709,0.2070622929099936,0.05507018201879389,0.0021483268623496725,0.03209686250445397,0.00799809575791851,-0.0327679335896773
safeguard:test:1942,0.3554106080043526,-0.23149981299340094,0.006733869509359444,0.011582567982165828,-0.09326979526926243,-0.07076607783903276,0.049530436943640864,-0.016526845561454086,-0.1363495627819819,-0.06564541161814831
safeguard:test:1943,0.1689990301530583,-0.027544932194400806,0.023262128155633114,-0.24058500778493952,0.3310668976949588,0.009752413519108959,0.01567108725770093,0.01968414509651023,-0.02576708726666284,0.023075253558570357
safeguard:test:1946,0.15435790628925242,0.05304823240665193,-0.04316163244058551,0.29496416428546995,0.19308792140559444,0.06092022880923533,-0.11705133544706182,0.046556734925491304,-0.018051901311045938,-0.055862655313710145
safeguard:test:1953,0.18722161166625334,0.040534203102878225,-0.1124716214331369,-0.03820320589971413,-0.047573065693692455,0.0035658021450311905,0.02735642479239309,0.029756829285630254,-0.009105537249215338,-0.003123331804818015
safeguard:test:1977,0.3080168819250965,0.2093817796763569,-0.05551020466831884,-0.007996889680467956,-0.003766984616809842,-0.17703858932040006,-0.005892887801826449,-0.20160352293868267,0.04507561845530739,-0.04761150539450425
safeguard:test:1978,0.12992370527665584,0.0917074376476345,-0.19643008851546956,-0.031145564724890752,-0.05587394694036489,0.15311435327771614,0.04301424530737465,0.10816595963819625,-0.04868384817708637,0.02110369082025664
safeguard:test:1980,0.1870996963507889,0.12155152012984133,-0.07070529358178892,0.005518199708683621,0.02560442096389137,-0.11318422077814022,-0.13446133729025275,-0.014848547587086352,-0.004407323122395699,-0.009117550096958128
safeguard:test:1981,0.1628322828004062,0.33561474988591017,0.12243745381827374,-0.042044512620104675,-0.010665550877863469,-0.3565602363588304,0.18757862343791248,0.3254315171980994,-0.22153351818140993,-0.0014910814909621338
safeguard:test:1988,0.37892141171315036,-0.2490885239391033,0.0067657024795580185,0.009769300865204349,-0.09509231338594375,-0.12960725951700297,0.04239069245564648,0.2579221265359107,0.4235661335330836,0.04836511927081843
safeguard:test:1997,0.2031326617118386,-0.1028636528465379,0.02944483666121785,-0.13083470678804637,0.1316405568116918,0.02325133131902096,0.006917348448539507,-0.020800627692026476,-0.018998600996121023,-0.03141479008207003
safeguard:test:20,0.17957287232057403,0.09577876826607752,0.18980683890544547,-0.03247075489043216,-0.04472475627328221,0.06065098804141839,0.007389824337711168,0.018510874662580994,-0.0037858689902226872,0.04881003361261011
safeguard:test:2000,0.22827398456329315,0.45220302607478824,0.3538225819107295,-0.03028135219910474,-0.06386957483465948,-0.2256718863746051,0.18389972292719348,0.2970672243980696,-0.16484142969978471,0.08739274662088042
safeguard:test:2002,0.3332496593877814,0.5210506373032174,0.14398897909018427,-0.1405323482380735,-0.07515103001030315,-0.29650920101484335,-0.2645971706535119,-0.12243380371096428,0.07759923127108587,-0.13099063875803962
safeguard:test:2004,0.06446375531250484,0.06286372727168295,-0.10620181090166028,-0.02173953117972084,-0.022353640686587187,0.03705094490321349,-0.02151888243795494,0.011373392418143734,-0.02863247752638989,0.12239072127884917
safeguard:test:201,0.23875947103419035,0.34229787848319154,-0.405518431170923,-0.14246238520411927,-0.05868951176495263,0.0574562246004862,-0.1785775213082061,0.13385999040565225,-0.011767206921725814,-0.12462099743619225
safeguard:test:2012,0.1714897307737655,0.15318201626083777,0.21567091240835967,0.025592622010350074,-0.01371998056449794,0.1098853687273122,-0.02142840961735626,0.013731672272088956,-0.00295666953175891,0.0046286274318766436
safeguard:test:2013,0.14461160036041087,0.10150720561510382,-0.07988410752106653,0.49895010842112353,0.31065513760199825,0.09840647338676348,-0.013111450154447684,0.05395809011428401,0.023762261492141896,-0.06466380764695571
safeguard:test:2017,0.12077776906582588,0.01853199951481894,-0.04371147787088329,0.02588602145268288,-0.0154603449701909,-0.001815241181873439,0.01100310766090605,-0.046287692546155494,-0.007300261493145111,0.0686873335300466
safeguard:test:2018,0.14485762408637937,0.27542136332639017,0.15823933308974936,-0.026864882398489425,-0.02021476816920485,-0.23890433737892755,0.13906222689317574,0.2445647563845164,-0.17893319304579985,0.03784590368535586
safeguard:test:2021,0.14183687804562495,-0.05892487077481614,0.048699277895373136,-0.3042049298896593,0.44777956097578464,0.008893263333863841,0.042164040642300324,0.021197393841809357,0.00877187442306816,0.02406943906256486
safeguard:test:2022,0.21699008562785432,0.43822600254537725,0.2998328913958142,-0.041836175942625994,-0.04715206594145311,-0.3035483359763738,0.16324861239240013,0.3115267056928807,-0.18504628092438058,-0.007268018979045523
safeguard:test:2023,0.14503376099297488,0.16739008181686632,0.21534788647878023,0.00045913954452810686,-0.05379788279864046,0.04250141237418178,0.03701878993068848,0.0007366088634070759,0.00671715223104364,0.01301722925350961
safeguard:test:2030,0.194630612607665,0.10858719180539274,-0.005218418836277729,-0.012876283152193658,-0.004676162801828575,-0.10063368788894127,-0.1005206512118487,-0.13666727432456632,0.054740067491667245,0.011643054402809001
safeguard:test:2031,0.20521843025038372,0.20530145024474633,0.11904747396763427,-0.021194630636716092,-0.0295025157757271,-0.0746683321404808,-0.07352075016711745,-0.056054831665380535,0.02534342998040043,-0.002986491146734923
safeguard:test:2034,0.2024098261934273,0.304527865402103,-0.016499047125346063,-0.10938541849118466,-0.010316090220508604,-0.3375981594000325,-0.14535529827733698,-0.20217078498909374,0.09019140383700149,-0.188004264571075
safeguard:test:204,0.25003989136092525,-0.13587903074731655,0.009225594571900274,-0.022142896510041147,-0.024619079705544753,-0.016014289362985164,0.021674527153960028,-0.020491266017712284,-0.01934613398351282,-0.060003608207259
safeguard:test:2047,0.19937891304826552,0.22259857414125112,-0.026477445567824925,-0.08901213675487991,-0.03726859070179688,-0.21189056906691753,-0.12691535722716202,-0.104036967927395,0.04684491925041912,-0.11887667620599289
safeguard:test:2050,0.09376661690913088,-0.00337683142215794,-0.0007862412614052048,-0.04255825457346848,0.08989990279601781,-0.014936186940658229,-0.017194221231177066,-0.019240529507836418,0.010273520465478126,0.05031525768576552
safeguard:test:2053,0.22546768964566227,-0.1108689473665654,0.0181977736616243,-0.0504292586927941,-0.005563793488379452,0.008751313433885854,-0.006206193098712637,-0.021814201906131463,-0.025777607994422268,-0.04837803899394953
safeguard:test:2054,0.39736059207227076,-0.24754890375166874,0.012868500638775747,-0.006479897185601248,-0.07890270451664076,-0.13793200802881392,0.04948963700251885,0.3713455172102578,0.7167428085424878,0.10131040714426456
safeguard:test:206,0.14554379737962775,0.19347558412657442,0.08591795452557015,0.027706520532821348,0.047009449796889334,-0.15219188725000302,0.00926494802165245,0.1358456711526424,-0.10539256260279611,-0.017388942659631177
safeguard:test:210,0.2466543041749665,0.18123967920119563,-0.2731587959523419,-0.06929585446995394,-0.029648615170196214,0.005010960278848138,-0.10267098844951957,-0.0869754054045917,-0.01167919070645474,0.4596239229062167
safeguard:test:224,0.10572592857430421,0.06436974001513492,-0.01700194489722467,-0.10419976369377032,0.12840200332417867,-0.022735533885196,-0.000864133075053765,0.02865076667367025,-0.03963368018046792,0.030429277892269912
safeguard:test:23,0.2921043323063933,0.3362433039741605,-0.3832107762001335,-0.16892525428251107,-0.06416307283751051,0.005702833869892616,-0.09220179994766287,-0.028340156327194825,0.0324226566396041,-0.005930464882363829
safeguard:test:236,0.17108591160123832,-0.09988931261119494,0.004461062476596244,0.02024859172107951,0.006868023155127389,-0.027161141153472238,-0.005439323531028011,-0.002849544754271255,-0.007136013802376399,0.009619713038922931
safeguard:test:238,0.14077750270411055,-0.0701015687037133,0.009788834377246943,-0.01646875928881913,0.03243302441187648,-0.014577575501858644,-0.008582129864396656,-0.015490711185941307,-0.0123110410506873,0.011803800495589508
safeguard:test:240,0.2800220061998974,0.2738569388426416,-0.4253486896422645,-0.09768192025534612,-0.037652324896458644,0.19058855112218565,-0.057474342609488235,0.10234412272468929,0.0009675860597003555,-0.09071245955752694
safeguard:test:242,0.1556506940423928,0.10542650274735521,-0.1022597450018122,0.013316014891593697,0.014645930154134713,0.06601427358754165,0.224937304251878,-0.1281791297570055,0.054376894615518735,0.014398319294808505
safeguard:test:25,0.11082177463677728,0.053367035787192575,-0.011840011127505153,0.2588423959900764,0.1528960944540515,-0.011300326653949904,0.00734128320380774,-0.032426476267848184,0.02777481421413363,-0.026103246051743377
safeguard:test:256,0.1523925945356784,0.10871847265466834,-0.1965739241098795,0.06476922017563985,0.020273616913642992,0.09362638386961479,0.04139343778617241,-0.04425757416360315,-0.006710103657199051,0.2919638554047257
safeguard:test:273,0.1146901168138451,0.02570142511265607,-0.06301656558083026,0.15163160545406992,0.0735477131709151,-0.007141189061899672,-0.02862874782931008,-0.003601164060364193,-0.0129837112744941,0.043476832434115854
safeguard:test:274,0.3085647034236226,0.33685077337550495,-0.36520400689548516,-0.036562981503318485,-0.06880382152198579,0.21458478890022525,0.3930635092873013,0.0807528207804433,-0.01562876777973652,-0.16851943769857386
safeguard:test:279,0.19573879968818242,-0.07513273575527663,-0.01909754815272201,-0.044928669883407275,-0.017709639091106625,0.014269853951426922,-0.0034654874224012947,-0.019398819544721925,-0.0337892920237043,-0.01632643881510988
safeguard:test:28,0.14221419058716295,0.07339130927644762,-0.16521683202825213,-0.053321975055790984,-0.057293207216183265,0.10900112639983164,0.10638045282212938,0.055588084958960664,-0.043883390827740835,0.05186825024269797
safeguard:test:280,0.20365448817750256,0.036274612573549934,-0.08955965683656057,-0.0739623612091485,-0.030754299340627816,0.016305843767791744,0.06861478402091241,-0.029598482208151103,-0.01696986537875571,-0.06840709274363138
safeguard:test:283,0.14969957638426312,0.02187325747666855,-0.11644967120530052,0.0070301981289070245,-0.03228070683288308,0.05471961432988084,0.002430688730699836,0.010856470197582372,-0.013101934072925456,0.04293516064430501
safeguard:test:285,0.29951756045078143,-0.1656483961043462,-0.004922710313571421,0.0051566140533259325,-0.044854484141229174,-0.025115418766472702,0.005916048002335533,-0.0030533431783981383,-0.0278983742373245,-0.014364132289688546
safeguard:test:288,0.16578167012882988,0.11513583436541051,-0.11500148769787381,0.4754097254895493,0.2940831571078548,0.08893067897612027,-0.011524084834099349,0.06170294661792153,0.012191691340204012,-0.06653211668281679
safeguard:test:291,0.18797764260927827,0.03704817086041606,0.009779346071964904,-0.0017495425768159737,-0.008747825531114214,-0.062129358580285905,0.035045297302625095,-0.03905417834846754,-0.03035666364536696,0.012780587778287403
safeguard:test:293,0.22074706533734376,0.0582549238436431,-0.052148869016465794,0.051016418312870175,0.04713420868260404,-0.06962751536824491,-0.11026586381323647,-0.0823143644591897,0.001593860306058336,0.05074392404430681
safeguard:test:294,0.15223780016202146,0.1456489604550827,0.029537362940940233,0.046813735198174854,0.003275306967458938,-0.02641159237803379,0.10538630923034639,-0.05310399002694671,0.03626499552331052,-0.03084190502730696
safeguard:test:295,0.14335801079126415,0.15717885647292634,-0.16038635438661866,-0.06882338665772585,-0.02312706417682697,-0.05769560633420469,-0.1424150108011092,-0.006648782990272954,0.007884159306136139,0.011306884609531144
safeguard:test:296,0.14829342361043663,-0.07810946439725006,0.055865415840648074,-0.3344553258993275,0.49898304067457,0.02579364981618405,0.057517710468474675,0.02158263565776394,-0.009443239326878806,0.03694874103420998
safeguard:test:30,0.20198794734187533,0.12472988740036438,-0.1661206143453199,0.04843525363441169,-0.012659806571431278,0.0602781420713694,0.1914407792910151,-0.1500137898591798,0.027244906132139236,0.30787314139646227
safeguard:test:301,0.2059059748362208,0.25845465526484634,-0.23851196401110591,-0.08021208019492895,-0.025927849031910886,-0.07831946822692216,-0.13393843816694412,0.013479564057794189,0.018153088213408154,-0.0637574666879488
safeguard:test:310,0.14008381884181753,-0.04394172447676967,0.0414501195831623,-0.23538142267747225,0.3652522105841164,0.01195838516851525,0.046680554286721264,0.0021464678236628515,0.0043843612893891765,0.01036871088824011
safeguard:test:313,0.1637611433037778,0.0606967014513954,-0.08238116919762165,0.029476498252812577,0.003520636122111347,0.0004079182236974157,0.007642813314857585,0.15532247472384936,-0.07742010773034193,0.017588335465836855
safeguard:test:314,0.17189807294361806,-0.011252362829343325,0.011819084899328706,0.024730007693634416,0.0002108457458867035,0.09520761099910101,-0.035264922557551724,-0.007901188368281714,-0.03552758968661807,-0.019941990795170075
safeguard:test:315,0.12383427504508898,0.005056743747145146,0.005916451540196484,-0.15327044637745454,0.19262617446190006,-0.016681615764027217,0.03208719262345354,0.028365066426372515,-0.02450861912795152,0.018766964841612797
safeguard:test:316,0.117323567782141,-0.06066771369553651,0.027907304570887522,-0.13753765944495724,0.17158177636914693,0.014848159457370199,0.01678318887167503,0.0037001563094916754,-0.006234995972070084,-0.016491863022410524
safeguard:test:325,0.12645792581720935,0.056780900241804495,0.007979821265673077,-0.021732509567843835,-0.01441178890299218,-0.053082053153847716,-0.029412918765080037,-0.026806764118173128,0.0027929186769098213,-0.042747746772362774
safeguard:test:328,0.25686413934193963,0.06234337292499109,-0.03551883061636649,-0.017607676729010396,-0.0390910038535027,-0.13119907269397435,-0.038236428868632856,-0.056342029662874424,-0.0023390781770576707,0.0009517690986461178
safeguard:test:330,0.0825670089584211,0.05124044010673119,-0.12137689377029258,-0.0348055493556677,-0.012104438564537644,0.04965685869922793,-0.0042318768150700434,-0.005014720573175153,-0.02064202664769891,0.1497257109951585
safeguard:test:332,0.23790059361252272,0.3225773366008317,0.23689985509788758,0.11598298195911051,-0.03737945419730174,0.14787908729959154,0.3797614690639478,-0.19254345119524796,0.12295033127809467,0.046994407294960405
safeguard:test:333,0.1412198387350651,-0.08226251517963289,-0.005121270704554666,-0.010674006639374104,-0.015226971101285283,-0.015984978992679567,0.00016526209196923052,0.011206721883275338,-0.008609425896943294,-0.010547161628110317
safeguard:test:34,0.16748837559168722,0.2119049759590457,0.2610261295931248,0.002983411758635961,-0.03661224905484918,0.11157109639723103,-0.036968841677724865,0.020115176154722653,-0.0014845480060487863,0.02986470488350586
safeguard:test:341,0.1214810821439575,0.10735615966875181,-0.005137239204979658,0.15229374772928658,0.10941072223972269,-0.12334812328848643,-0.024124773272639004,0.13961528223637112,-0.09189088628786546,0.02895866211561641
safeguard:test:346,0.1379708173278756,0.1450193620305732,-0.15479092677286288,-0.07614120033977971,-0.00950752967727029,-0.02051463197526448,-0.08143526728616486,-0.0077773128242156,0.020537669845280274,-0.025088267233087474
safeguard:test:347,0.2955019469273998,0.3358950048561773,-0.3806422535328087,-0.14117408162482734,-0.0583963896445466,0.03827497312886279,-0.06324375628755523,0.030525276516208618,0.026928829294594073,-0.13590935330236276
safeguard:test:348,0.1261018089880157,0.021264294709639076,-0.09043394110159216,0.04632360940952852,0.004907533922860785,0.053805687973817275,0.021295384988903075,0.04054791860317498,-0.021642627489694987,-0.0766438358366331
safeguard:test:35,0.16844200554458125,0.09477711256220796,0.012115620946183313,0.18283549346134423,0.11842669200493866,-0.10661410943035125,-0.035100832890100374,0.12093664152467168,-0.09147900612559741,0.046647496004683764
safeguard:test:366,0.1377619610681409,0.17755168196805066,-0.16371529871272636,-0.07008183810056653,-0.022898284214448245,-0.05303317015964061,-0.1276731478355608,0.010381324112777477,-0.004565083588696458,0.04534902821774759
safeguard:test:375,0.1429510594685145,0.06757565464541183,-0.06607989280832241,0.2882949438594411,0.1840039873071849,0.00954543757752014,0.018782927743714758,-0.05151650502789888,0.03053302198466267,0.04497825037578824
safeguard:test:377,0.1309076939289534,0.018792418165490092,-0.07370927073165494,0.0595471314841238,-0.007956638420625677,0.037965891042929585,0.022417742661763863,0.07095267815959548,-0.04802100318593648,0.05292225673232068
safeguard:test:397,0.14828227449992615,-0.0853796596453541,0.009495540369158794,-0.02096713844840484,-0.00012079833382659322,0.013451463599233911,0.011588380153505358,-0.010750473054778931,-0.021608918238271834,-0.01558445955414174
safeguard:test:403,0.1648214452826741,0.06239682258341323,0.2032246709233685,-0.14073224358335712,0.13554911592670107,0.06441372779834542,0.042762414289309415,0.030699959048588837,0.00913851530577047,0.028909489289515724
safeguard:test:414,0.058721057496634275,-0.014696563442825735,0.006095967783842619,-0.08278910763988942,0.1596294803859765,0.0017943455113572683,0.022512332945911494,0.007178602702971648,0.00045732964065250807,0.010060826950754703
safeguard:test:418,0.0735303598849427,0.005672081748305239,-0.04254022027617909,-0.020430679981512333,-0.025143900396448447,0.018019909383785563,0.010545776191799756,-0.001548897606576386,-0.011067865207588559,0.035391402292930994
safeguard:test:423,0.18732331838691246,0.13598330327130756,-0.21038817731250467,-0.03280877613027413,-0.014633207991228631,0.00799778661263962,-0.13380722131852235,-0.008294189050566265,-0.01629507547749031,0.27292591040121694
safeguard:test:424,0.13772312986307578,0.13403946270059167,-0.19112883365030242,0.04100906361213541,0.02066548643683337,0.11378940088274309,0.07481614494528603,-0.0465055484986122,0.02561408857730082,0.12761971979126385
safeguard:test:426,0.21946587940244983,0.1677984459030344,-0.20184955115637457,0.008497265754315862,0.005885711014072565,0.03898149507285266,0.009505690689599713,-0.009156024480054996,0.026177872530952183,-0.09455757452470842
safeguard:test:433,0.12601596643480908,-0.03015284523213772,0.05669219607854497,-0.17965212669315553,0.250302254495283,0.0401761351428683,0.019114634902459064,0.010069228342688544,0.0033563394017757033,0.020154422515050265
safeguard:test:438,0.16320952269716033,-0.04332372412893079,-0.03343860140946932,0.03893489588577383,-0.008992274927823882,-0.02173106071402858,-0.023002215414708777,-0.04177378994178087,-0.02784494117459461,0.03151839521724751
safeguard:test:441,0.21534165749817652,0.15394495538187897,-0.030522848263389978,-0.05396589139560273,-0.03126664708494604,-0.14993996542627294,-0.10602717670675568,-0.07403113821749578,0.005253620644227955,-0.04023376058911561
safeguard:test:451,0.10664678689170382,0.04944090914009044,-0.00560309833921922,-0.006609936104593277,-0.03252598559839796,-0.09506343231070516,0.04506989747767948,-0.02758149247996118,-0.016798376644133032,0.0022387718849950764
safeguard:test:453,0.27027719684662577,0.26720141724790825,-0.376785802342845,-0.1582135692159682,-0.07724658653287156,0.13354099714452983,-0.09546255757711192,0.12175449066122156,-0.0058405877095212425,-0.18086997582976228
safeguard:test:457,0.30029767736770024,0.38611621839145654,0.13439599819863227,-0.08976419381506093,-0.06623796286621361,-0.29452778703963384,-0.17752106998091632,-0.14022905098571745,0.05150867780024273,-0.09913771370125388
safeguard:test:459,0.1055298968938849,0.036193277214030074,-0.04767030852460688,0.051451060902760706,0.002580914155966079,-0.03600836158484631,0.020891334400603347,-0.05849797091838222,-0.016537308081696796,0.10023355744069813
safeguard:test:466,0.0910211849741777,0.12027909716133221,-0.15057447717578842,-0.05500783080222521,-0.03938184568671656,-0.0241902093408182,-0.06340803985414808,0.016531399649166164,-0.06439072022368056,0.18496926782654857
safeguard:test:471,0.16368246988930021,0.013137594281798266,-0.031238319390468658,0.051470870953864004,-0.014020509312758769,-0.030340116015548993,-0.015272624273883973,-0.03944437436892416,-0.02068982216821338,0.03917315593386497
safeguard:test:489,0.15969548959929586,-0.09134144592064992,-0.021329350153361543,-0.013203336040896334,-0.0428698027570435,-0.008503673170235334,0.018617329018761057,0.011939031259504584,-0.020897730702713932,-0.016383522105198937
safeguard:test:49,0.21879633147746996,-0.12592023753762183,-0.03595104159195082,0.03991115244774056,-0.07411022739640592,-0.01371368545359808,-0.005024767101435265,0.0069451104670301645,-0.0894276764740165,0.013938817355273792
safeguard:test:490,0.49352403121221444,-0.2517822806728682,0.008501333377308039,-0.013283554278245523,-0.05070233945409324,0.0016839261723411386,0.013716294516160896,-0.011864140992999893,0.00965435653664516,-0.06024147516822195
safeguard:test:493,0.13105166803162385,-0.0023273137328876513,0.004801335832168687,-0.10419881960000324,0.18380361279820862,-3.1324684387044595e-05,0.09435384424981379,-0.07002244357849509,0.010230835379452933,0.03591283874919859
safeguard:test:496,0.20791176290575358,0.1991646763256044,-0.3220029877149996,-0.09668644975608788,-0.06918587611144912,0.18519931894541114,0.028830793853061976,0.19408886325192926,-0.06619799522976387,-0.15249974985793294
safeguard:test:499,0.34659215636039553,-0.14005782814718523,-0.03910707080171035,0.04334666058175698,-0.04492887207922346,-0.005030316073700196,0.032267422173091885,-0.027340688661472667,-0.01823067863973893,0.02654865654909405
safeguard:test:5,0.0754833595949645,0.06303564054030855,-0.13346168477848816,-0.017651180723662643,-0.020337669562442633,0.031599337358984694,-0.01691754117634065,-0.0249574840232275,-0.03251280085912047,0.2310655017105666
safeguard:test:506,0.2028499236092052,0.1526016781947689,-0.10651822464763681,0.0008915500377452687,0.008900493873666364,-0.008370828695824496,-0.0032296941875924025,-0.10662437892093923,0.0417897642371733,-0.042071363270293434
safeguard:test:51,0.17607664950686003,-0.0804453991234846,0.014511122835373036,0.014523105375109773,-0.018270826771700856,-0.010061610626637437,-0.006900320799354005,-0.014935578733340438,-0.023279095703281995,-0.011285726383125508
safeguard:test:511,0.08645098136029974,0.06287996519308649,-0.10147547214895199,0.028031169369969477,0.024476320453018344,0.018951445734053017,-0.025008362639101937,0.07955150863256978,-0.05627339066721443,0.11654608361065345
safeguard:test:514,0.12339165748681048,-0.06435923839180253,0.034496722688747275,-0.16535047297781963,0.23692606024117507,0.0020853485948343306,0.021461358851126877,-0.0004324421105199374,-0.03638256151623934,0.008605798665139847
safeguard:test:515,0.16853333794530365,0.07034249956113199,0.029162875949482314,-0.0045051920030074084,-0.021691797489382218,-0.05824916562577944,0.11827314422735082,-0.11724875034424982,0.0173041266452663,-0.012592284244394791
safeguard:test:521,0.20181720954081714,0.006874565124339994,0.1426692504455407,-0.02122579144741034,-0.03052178258750447,0.05747048316063061,0.011480166963452583,0.007850297434995764,-0.010174704870636611,-0.009613085211168864
safeguard:test:525,0.09349231073293847,0.05495832745539631,-0.1280450406774577,-0.03936410471160912,-0.0555001720652211,0.08988785244436781,0.0503762210539608,0.08966064195758951,-0.04494463897647168,0.03374675986716396
safeguard:test:534,0.14500200685759887,0.027063352777907775,-0.0009492597760487999,0.0719626683119112,0.011860808073764993,0.02202082477061161,0.06737270677834858,-0.07684788176834322,0.01736115952841181,0.015061283039099298
safeguard:test:557,0.2463074188632826,-0.12638310815369977,-0.018715887726551448,0.04523691700166277,-0.047699138339389976,-0.01739256373584792,0.0016746947578220829,-0.0022074315462231723,-0.02632445463589594,0.029910203848663233
safeguard:test:558,0.31875044975302347,-0.14173417784821812,-0.015102546156521676,0.02629615735104932,-0.023941928342280157,-0.03035912970883283,-0.019511807179901475,-0.02598102875099745,-0.05995958002523597,-0.0008804616499682231
safeguard:test:559,0.15143399481359698,0.1122973648452304,-0.0007511631914091949,0.2519942470478887,0.1697945126977161,-0.09277040059293544,0.014487253227930697,0.19776520018844798,-0.09589077780822984,-0.016951234533435718
safeguard:test:561,0.1741664078520309,0.1252125976900169,-0.1270154916296934,0.0324081817681824,-0.0064025566362946144,0.03227808583517694,0.19031880204638635,-0.09323054543381179,0.03155967736302018,0.05854019038882152
safeguard:test:562,0.19751472531266104,0.13832527295545738,-0.1891282917957823,0.03896037940928279,0.018577046083215497,0.1786583006765325,0.11550048674841726,0.025629453165730783,0.020428286264837035,-0.06551624764611719
safeguard:test:57,0.2152813556327822,0.27258649189587636,-0.2621879804055938,-0.10143549045789824,-0.03275324211311017,-0.07939924995526675,-0.18842793910436823,0.025941947773108265,0.01048411021147916,-0.015040242863072205
safeguard:test:574,0.1309308095175545,0.0013794273527072182,-0.05477125316627166,0.011973586073560588,-0.0005309894793264192,-0.006784123450200442,0.0731067148048109,-0.10726117774423626,0.012551398606702754,0.031512026550624864
safeguard:test:577,0.19174769225361718,0.08618720228611852,-0.09736683182459063,0.21962634389191438,0.15672072952142646,-0.05595224171746133,-0.1520467765667725,-0.0419269333043664,0.022778496188767268,0.01722181742978646
safeguard:test:581,0.18279860968178963,0.15185913518663194,-0.033478584584764756,0.20029836498201706,0.1529122112847736,-0.16083965891692487,-0.14105483655834483,-0.07238470700354693,0.05181647082077244,-0.08697807665715875
safeguard:test:586,0.12533486280495065,0.10156169190622323,-0.020080212381148932,0.11577555076849316,0.07654159598683637,-0.11441547181582985,0.00807963525491325,0.1564400724578304,-0.08860910619814934,0.04089644113446988
safeguard:test:589,0.1547558329739054,0.17696399780873887,-0.07724600972476103,-0.05655179264475147,0.010477088346007832,-0.19323161424698174,-0.15619631752016438,-0.07596563427228857,0.024399077704188574,-0.023857589431187973
safeguard:test:59,0.10781814547187647,0.05250146405790948,-0.06544432453264003,0.2578744781726531,0.1619267192494925,-0.023869358749327243,-0.09454264588997953,0.0415599389317281,-0.01513577879008048,0.011220943200716428
safeguard:test:592,0.09769372215299416,0.0449070595838457,-0.12231003678046425,-0.037418381405735966,-0.03926153668812969,0.08330232076450782,0.044343117079615434,0.03700655887128232,-0.017547099470140753,0.014575278852018005
safeguard:test:598,0.2006917940210331,0.01535884537052579,-0.16979022816921005,0.01103071591626469,-0.04250266815397456,0.05283491763556341,-0.028368578926737522,-0.04527243862179786,-0.0698436581595137,0.516982676223955
safeguard:test:601,0.13869476718023332,0.08830694318004949,-0.09027772181769397,-0.030005871560899643,-0.025314603341523644,-0.01994839986912436,0.02497547006439751,0.06017560440135616,-0.03443406468919696,-0.008514414452839951
safeguard:test:603,0.07837464352628241,-0.03832944845479971,0.012352720534089376,-0.011537841161141251,0.04516393679741739,0.011231793583089768,-0.005863705699872358,-0.005746829038990097,-0.010603532869211733,-0.01788694151315377
safeguard:test:609,0.08267915580054223,-0.010453919579806827,0.0108127853532008,-0.04141404654444168,0.06646958513547421,0.0020720749752796207,0.02587460028281367,-0.006212213991067133,0.0029976222654849237,-0.007612723174804891
safeguard:test:611,0.11427544888444885,0.06053404433101128,-0.02931425860876212,0.4317444993553292,0.28238773691785046,0.009159344137196844,-0.13541185533770725,0.07350608950025497,-0.006269232700593215,-0.08221867708000581
safeguard:test:615,0.13073928588921513,-0.020424605795265137,-0.014879186833633066,0.05142368992986796,0.017432287039429128,-0.013642162916811857,-0.0335568032851392,-0.027976793690751414,-0.022701013280699414,0.04285880479175611
safeguard:test:619,0.285017180551716,0.27229293618325384,-0.3019264385873871,-0.0016460170527360237,-0.043912122508852035,0.19339024216536072,0.3314187237678867,-0.0599483247085958,0.04068853418144283,-0.09142525361257942
safeguard:test:621,0.0620783585024313,0.05941923041966805,-0.07315906877454102,-0.03073453031624937,-0.024163427713485962,-0.034252066648543876,-0.0515456314588339,-0.005486715023632818,-0.03578103384602706,0.11346500698551991
safeguard:test:624,0.2746744846749912,0.27200671130538556,-0.3837684696440178,-0.16143480322331588,-0.07924512486690322,0.13729519716342964,-0.09321338072506619,0.12323683117169756,-0.005918424930555123,-0.18688335853255972
safeguard:test:63,0.2623108479737372,0.16140304632404617,0.07839142041875216,0.07496481755280919,-0.021193782531445684,0.0825349099896347,0.3308986081475783,-0.23085518387757523,0.061954451880561645,0.0510054067094224
safeguard:test:634,0.17759327105249953,0.3026509836525295,0.28486294667048623,0.007903166166552806,-0.031680351402643254,-0.07734724061558765,0.14065194797303032,0.2317210540180567,-0.10640991419708036,0.06402352509813775
safeguard:test:64,0.21663173851850337,0.2735686069896919,0.2133042035000155,-0.016677556779628042,-0.07649517479208652,0.0534982238493576,-0.03511117114237182,0.042688840728704096,-0.0037547859318833145,0.028680113299498208
safeguard:test:645,0.16094889661046347,-0.062332939771360084,0.03917129687777401,-0.2670007809441196,0.40063798340567247,0.014512687564630776,0.058368809762507745,0.007352650099940747,-0.0008605429296965974,0.01378137854189487
safeguard:test:649,0.3168339773376718,0.35605736782582065,-0.4402975245058859,-0.18249263496588633,-0.076467885674953,0.08611725807220881,-0.02735641366246915,0.04724815828372101,0.01343676977706667,-0.10991214314439876
safeguard:test:650,0.19309425273996375,-0.10044472897747773,-0.012997848216736595,0.04813504174175093,-0.008660820757382639,-0.026142977711493716,-0.007123012013804039,-0.012356173906994197,-0.012292827145229657,0.0005828516822258966
safeguard:test:658,0.06660431163314122,0.06452603579748505,-0.05994604754544642,-0.022452343602751435,-0.022666412867649817,-0.023616851862581105,0.06925508002447366,0.023101747409268722,-0.01788416117325999,0.058394644904657504
safeguard:test:662,0.5858099174073279,-0.3663227267580927,0.015896869069689543,0.09612146464947294,-0.10474835638258799,-0.07269925042215235,-0.011311077505867365,-0.011050182072132857,-0.15816024936289494,0.05039512488243795
safeguard:test:67,0.15718611954934716,0.15417818622716575,-0.20963852982535275,-0.032410294132733164,-0.005378065013792865,-0.0005015550631076227,-0.1449115778958395,0.00042151499443564646,0.011775814703664404,0.08420906044176846
safeguard:test:674,0.06021573876324808,-0.013912658617359151,0.01465930855572379,-0.07951264423610896,0.1328076237384423,-0.0008331332963567853,0.016222533195672184,-0.005075032351717498,-0.0036188641800150765,0.006238505164141228
safeguard:test:679,0.16492969020919784,0.27243660940677344,0.2695528957952472,0.0431255795351201,-0.008133805984483683,-0.015220813950175443,0.07931206268198346,0.2597713715737352,-0.10293990876343345,0.06214035385833629
safeguard:test:684,0.12487429052376096,0.08935511858026916,-0.07472834657674585,0.3201868789779212,0.19874757672389645,0.015588187129765374,0.018101072465815674,-0.04707717099966514,0.031044882302457187,0.05959283543518304
safeguard:test:687,0.4091590613826679,-0.23962729045736725,-0.011430643667858188,0.051215463194875244,-0.07359768155330104,-0.032639365695097615,0.0021727083543914734,-0.03711276100738805,-0.14120793709892712,-0.00763414073294584
safeguard:test:688,0.2321571920791577,0.38218212289043607,0.08943353505092146,-0.12244285426618887,-0.044448931399401495,-0.24639356547185254,-0.16532352386063973,-0.12812001670964135,0.06102088965448173,-0.09505525084225085
safeguard:test:702,0.2573525528039919,0.35559058635994206,0.26113223400474445,0.10071753428420621,-0.04534752466184777,0.08180894330259118,0.43523197629565197,-0.23825602344007218,0.13264698622013343,0.03642298571263336
safeguard:test:709,0.2625716070320513,-0.14173522633058167,0.00921109256254207,0.07734535637761282,-0.044353133696153,-0.031185636863626225,-0.017554893705984047,-0.018183415122706763,-0.027618308474750924,0.02328911444564808
safeguard:test:710,0.3069003221488688,0.3834030823408318,0.17050087372380404,-0.06637653436529592,-0.07896929435501847,-0.1854713035120161,-0.19505889599627227,-0.10553270192531634,0.05432256630768942,0.008300351526928717
safeguard:test:713,0.12255625850502248,0.08151650129848766,-0.06286463792005167,0.36187446496308945,0.21914011987865578,0.07704738127413277,-0.00739091030189117,0.034180146693344016,0.01696482863714957,-0.04549855886064583
safeguard:test:714,0.14691423717228402,-0.06836073355269373,-0.017331711318147446,0.007539380485594687,-0.011861621665975602,0.006618400722135572,0.0065189990150246535,5.2218218320905446e-06,-0.01850310329777296,0.007996523457324446
safeguard:test:72,0.18957801442761707,0.1847944766070233,-0.26183699619211614,-0.029013446922654076,0.004842241234157371,0.012776328037944994,-0.1438073206047182,-0.04209881842928427,0.024509987667303147,0.2894342016918929
safeguard:test:726,0.18687742764164778,0.15590454496093867,-0.07819016875638206,-0.014815231808679203,0.00011555755564025225,-0.13735793288905043,-0.052525488702496216,-0.12944694392252307,0.04901631979005407,0.005897346916890792
safeguard:test:730,0.13395031521104278,-0.04398042379773469,0.02661317640418812,-0.1119121601528034,0.12971277698008715,0.03335822301390525,0.011829240565968336,-0.03642149557212415,-0.0042747372761899605,-0.03799664085058523
safeguard:test:733,0.10942177454089784,0.13070351111149411,0.0985970939514894,0.042010386837695424,-0.012054922397934816,-0.021879192443857564,0.10407162182919252,-0.1159393040934323,0.05179058575172993,-0.02831851290197031
safeguard:test:737,0.1510332046878581,0.09483183671936123,-0.2561754907801148,-0.09602441342914328,-0.08395730396380906,0.25314291553021806,0.10343495042555079,0.18589607452554283,-0.05163103601533755,-0.19971062829298947
safeguard:test:740,0.16508433649693152,-0.08173393927752955,0.019005586157719113,-0.09725572752845361,0.12574217690198902,-0.017748672408360176,0.031198388181836033,-0.0016431643339815986,0.008171765907693153,-0.028279850548807942
safeguard:test:741,0.13339703476227216,0.15436811023764646,-0.03322357491583349,0.08009560867540046,0.012339681954029841,-0.0296549848374252,0.2997908752639011,-0.22510696238779745,0.0845763548442216,0.04866173643000603
safeguard:test:749,0.36745919706038827,-0.2465427264384637,0.007257629136770402,0.006846726386913334,-0.09281497342500228,-0.12961043321365345,0.0441922405986498,0.25549204716908336,0.42156471618404323,0.04477290879525267
safeguard:test:75,0.2290701671904709,-0.1279268427150092,-0.0010813151824318823,-0.032700674723160086,0.0014458999570340285,-0.019300634529035868,0.010310501272587863,0.011829774295859805,-0.009034904276516337,-0.016723288642997613
safeguard:test:750,0.18746564081110367,0.08343196524403361,-0.05740964166551057,0.10278491923216279,0.0140044648971615,-0.022571560613844868,0.18107333440165863,-0.17588078667098742,0.04571860839539302,0.06774491739530618
safeguard:test:752,0.15814831534603613,0.04680221079078472,0.05447105035472903,0.01080537472588856,-3.842005992755004e-05,-0.034324828278554716,-0.02416414713880804,-0.03479382996535218,0.010282954156458706,-0.026730192649758556
safeguard:test:760,0.1845046315663581,-0.04883417598893919,-0.03430662655941166,0.07068934577912134,0.016398054386623024,-0.013785345488065913,-0.014288392381935772,-0.05194493273285533,-0.022587018905335432,0.027787434451722028
safeguard:test:763,0.19203659391922553,0.06704142673547943,-0.008635674503880817,0.08760658037086516,0.02843245893315074,-0.06651776246385585,0.097990199200706,-0.007170607373977601,-0.055041245960176836,0.07554845789387742
safeguard:test:768,0.14993067685294229,-0.09072870758835785,0.039774452580512,-0.2240158727091838,0.31135035047809334,0.0015289126964557027,0.040488592644063286,0.02165767623836697,0.008387073534620893,0.00272201656226929
safeguard:test:769,0.202901227588182,0.08479025993798738,-0.151105051536737,0.003798856420606665,-0.011829917433093005,0.011536190306531647,0.011904649846681877,0.07437778202898511,-0.11606329991363727,0.4220535752836352
safeguard:test:770,0.15988319281241373,0.11757170042393314,-0.0275416034519004,0.13115442402866057,0.04728856127544474,-0.03585071383546895,0.26179670778458025,-0.17302619249897794,0.039838478359328536,-0.016477341801302763
safeguard:test:772,0.1814363847853525,0.0693116220764185,-0.05959047266217217,0.11106876894439428,0.03197442463184984,0.029807490990555154,0.1553255395106202,-0.15639090856260093,0.04244862549040887,0.05268958608071873
safeguard:test:775,0.10058402575674855,-0.04338034707051451,0.032500257346045565,-0.18004556105786668,0.24798625477905786,0.027676708439703948,0.021768662772805588,0.009350334177068617,-0.00013376704905029347,0.009924862018094066
safeguard:test:783,0.19636796479235855,0.1046340349812473,-0.049432009117150365,-0.025249908137547995,0.03242106277944934,-0.12353706611256202,-0.08993621677884236,-0.07932379644748362,0.03149110579706841,-0.017965989738635994
safeguard:test:789,0.14271682705691255,0.19099695351583074,0.11983829472207046,0.04168398642385873,0.017678171605768615,-0.0717143816891209,0.09638991419596638,0.22468994528063246,-0.11099262709315125,0.023269633211384918
safeguard:test:793,0.17467669528963536,-0.04216232083332153,0.019537314655601188,-0.1753426228984608,0.2269232677958162,0.014029517395497845,0.029775863242146712,-0.03394670563098638,0.0020668026055277173,-0.026194268731800016
safeguard:test:798,0.19107463588505047,0.253035692107395,-0.24615197966621788,-0.1052527130697123,-0.03173896463512548,-0.07195012693018449,-0.20509031744914294,-0.009419757631111275,0.017481865090200076,0.026029166647586192
safeguard:test:799,0.17955154835411688,0.11011026950804681,0.045116040797699,-0.04919839365874443,0.046638271712493094,0.05535085901502084,-0.14295596028111324,-0.041318707774524586,0.02450932678362542,-0.024553785982239843
safeguard:test:801,0.2151788948095322,0.1790075068604158,0.003587288974054634,-0.00015593183214914164,0.0014050753349857995,-0.1590433314481755,-0.1577573013796524,-0.09775398172159834,0.057952170912784165,-0.046392825546443896
safeguard:test:805,0.15772160166294577,0.07043915916203547,-0.23210549675512793,-0.08489115141772756,-0.08151916257742067,0.21180770374117275,0.08383524922568632,0.14896616117184924,-0.046008767061268226,-0.1522779365701087
safeguard:test:810,0.20772912738270047,0.27717162063700834,0.12149121412002407,-0.04538938235922699,-0.04335279125718598,-0.03013255206140672,-0.10543562615008474,-0.013704256013816021,0.03707367609423752,0.010487606282384116
safeguard:test:811,0.12275068457442855,0.018781958552027033,-0.020242605383290885,0.15114858269887588,0.07431707912224665,0.0312392808185997,0.026464381325212272,-0.0026854109371118326,0.02083993816818185,-0.006952135334157709
safeguard:test:816,0.18193627105240648,0.27016612457670364,-0.23094843752023222,-0.11646245217728622,-0.021622980265318465,-0.1435096784371816,-0.25908646150839554,-0.058387441920233894,0.001227113114539602,0.12835602279573002
safeguard:test:823,0.12314208362556636,-0.03197897722175495,0.04437785317884685,-0.24897967141633773,0.3918976289345133,0.027295048687394085,0.02987170479593697,0.01718283591992568,-0.003971134083244057,0.032367510788123346
safeguard:test:831,0.0977129774743202,-0.03877180643159244,0.020834050887928876,-0.16700617562053935,0.2383658627594587,0.015487447768480773,0.03767610761363127,0.005163415454609982,0.004125200857310905,0.014063731389469536
safeguard:test:832,0.2575538941137195,0.38006011224703146,-0.4254230139957018,-0.1565230196186071,-0.06624289853703023,0.04016228569694117,-0.16332700889769536,0.13028595826732808,-0.0019197172930177711,-0.132123106736499
safeguard:test:833,0.20298968289864516,0.11818359979822346,-0.15494654830131457,0.020780337140093703,-0.03556356984077942,0.10398653442607443,0.21316783640293263,-0.06444331978901617,0.032605287470326816,-0.025615183097417914
safeguard:test:836,0.13441484006005294,-0.041174706061694745,0.023451699523633456,-0.14546871973737258,0.23339236435229258,-0.01814573367190922,0.012634772963408572,-0.023401689085213544,0.0021691557888089065,-0.011405728614655896
safeguard:test:838,0.11198605299556864,0.015936408957267837,-0.00029737157977155726,0.0012102480140547423,-0.027545514196112855,-0.06059198834013501,0.04354513527526378,-0.04897345271301341,-0.0005774077359478496,0.027187318183064454
safeguard:test:839,0.1195233080945746,0.1439165544670696,0.1907976835736174,0.0011821789413989372,-0.0207129667172015,0.06556738761597444,-0.031296254619543974,0.01922383482394608,-0.010634079500010425,-0.010538876477524125
safeguard:test:841,0.18964939621695645,0.05676973661390615,0.015568228135326618,0.1961434633521851,0.09955100601821079,-0.017020536863053947,-0.03781505522850034,0.04311782458446851,-0.03124995935166883,-0.03577246173309479
safeguard:test:848,0.2469613422048175,-0.14241101586683846,0.017287320900157565,-0.0332122793995283,-0.028485002105277626,-0.01748845728602417,0.02184389033191915,-0.02737677685650892,-0.017356313803645773,-0.07971832352050136
safeguard:test:849,0.2569554547557464,-0.12731381587271978,0.020546917607621625,-0.040679769339162744,0.0021517198786421146,0.0015745696470819558,0.011389816893752753,-0.01828495382782961,-0.016314269947885138,-0.0586478574502169
safeguard:test:852,0.08027275382227703,-0.03512532295177577,0.025802555449323597,-0.12661906094173375,0.18370923336737016,0.00602036227236849,0.011044664050500119,0.0027385605674465447,-0.018597043440527167,0.0022239214561793276
safeguard:test:854,0.2981696904883304,0.3417803762472922,-0.4022173259089808,-0.1604176204121201,-0.0664466879282047,0.043592998715192205,-0.12207154630153481,0.04762571899219382,0.015493667555411877,-0.07009036313813885
safeguard:test:855,0.13125925819257578,0.09348150411177898,-0.06565594399379544,0.46106271997084797,0.29065347049153456,0.08054718391156943,-0.017686414678704025,0.053557916099598306,0.020727785687055942,-0.06430783861231651
safeguard:test:858,0.3425403075862651,-0.227124942040915,0.008225699071673177,0.007796518725413677,-0.09176234456097054,-0.07196964385451735,0.04856554414511523,-0.017399897356448993,-0.1361860548997586,-0.06352107694983321
safeguard:test:863,0.4038800838896809,-0.24185639734751296,0.009227272888444023,0.07177543453149492,-0.05972442082405366,-0.04322936633572471,-0.018138925479948453,-0.010213708012736026,-0.08735307425076223,0.04934781481647774
safeguard:test:881,0.29293431461939023,0.4596393855183092,0.1223947154563277,-0.07191147440297382,-0.06619052292047106,-0.21682955980183072,0.030801662112529667,-0.2055675178011485,0.09084227526234179,-0.06102813691988612
safeguard:test:889,0.11567898322210378,-0.06869865682841496,0.02423148848010964,-0.13357787733736182,0.1756996290805666,-0.0021752793757457076,0.022703103557397603,0.007128411099547697,0.006699595159740104,-0.0025466688648080097
safeguard:test:895,0.20341829181568066,-0.01834891453972624,-0.023674619314183857,-0.11371707055960224,0.11820803632341978,0.056887637182745004,0.049098961914933056,-0.009724840849770518,-0.00442013835116741,-0.04338613877794143
safeguard:test:899,0.1166694846049511,-0.05562569624623355,0.034004137390364085,-0.1616690524725339,0.22767510035979413,0.00016270220325545056,0.01723267277183656,-0.006742330038446433,0.004412737580220461,-0.005208866972370336
safeguard:test:905,0.12883850330275382,-0.00504860114267821,-0.026245393969347122,0.0573912247935098,0.06438200381257131,0.009901603199869003,-0.011209084854582888,-0.04207308936148074,-0.006179799736429487,0.025076480940666168
safeguard:test:913,0.3179081056456964,-0.13242727594319614,-0.0574806256073317,-0.0008843389040955614,-0.05186392118805729,-0.04176261794282325,-0.02192895013299319,0.00710172275658174,-0.0038506648371004217,-0.007270286472732273
safeguard:test:916,0.23011344664634278,0.18376024910878472,-0.27160578846337796,0.008839612137412502,-0.02691255686557937,0.21049829921800087,0.3163320114432294,-0.12528472986851144,0.06221317092871975,0.025212546827966868
safeguard:test:917,0.16878424240755885,0.16023958292247537,-0.2044083731128578,-0.004379638140081199,0.027077627461558573,0.02042770593483302,-0.12191534576649676,-0.030262213608719217,0.01267999490884097,0.22719601836583264
safeguard:test:918,0.1134764817598224,0.08783832326923671,-0.05794248140149512,0.39840842112247316,0.25327295371173214,0.010579711708174042,0.0036722102453367687,-0.0304251684284033,0.04505341035649329,-0.00315402196292958
safeguard:test:922,0.16106819535182493,-0.08344946917700524,-0.00016230666897337537,-0.027220250796355625,-0.02890984764223915,-0.008845846779216135,-0.0008687015261666438,0.002974618668424685,-0.01577763955417388,-0.027681424366241703
safeguard:test:925,0.13637799907408155,0.029356104777807618,0.005070461040788056,0.050872246208974826,0.027332444516295157,-0.06567101849774942,0.05346561610179464,-0.09478883238016947,0.012281415962369409,-0.024508844158306432
safeguard:test:926,0.10491501373856975,0.18256580485053,0.14835517791966735,-0.008904316438776434,-0.0016263356751043173,-0.13344045314306582,0.05154274472291466,0.0867772738279808,-0.06248955488117037,-0.023241316186058663
safeguard:test:933,0.12965759024568588,-0.049282976949505584,0.04652385266584053,-0.2123392394344967,0.35612845977385604,0.0061324155065567406,0.02874994604430754,0.010793245379446243,-0.019983620742655337,0.01561314152277636
safeguard:test:934,0.16895061997227168,0.1635975652756116,-0.06297130965557665,0.2143522575292493,0.1684197055115258,-0.12956317758868185,-0.1712245096040372,-0.034736149099128345,0.045817550858664166,-0.044506041296283966
safeguard:test:94,0.2047437257641189,0.18816484567548675,-0.2591117801169665,-0.07996438868592519,-0.040926947079061846,0.16793490005467296,0.09701656487348444,0.29990437554287264,-0.11443410611969192,-0.14231516297413768
safeguard:test:946,0.20026330875260664,0.421112693109153,0.3589390338288982,-0.041756069992401425,-0.10791538814189228,-0.15391698312121152,0.19764028148386686,0.33443365077246756,-0.18438931077976467,0.10289586629432339
safeguard:test:95,0.15875557756225947,0.08903810635680838,-0.023633254789174076,0.0941135996764461,0.029196133413863776,0.01024190283675206,0.20410223180863096,-0.10965961911629746,0.014112446735104835,0.057130358700007475
safeguard:test:955,0.3697933825195095,-0.19599991492725152,-0.016747558327926747,-0.008004348343494004,-0.06356787659765109,-0.026933331036893313,0.015298415681345942,-0.014201172204675408,-0.048853183542561296,-0.04389460274680948
safeguard:test:970,0.19410472654386307,0.08611501930179885,-0.12800641543487537,-0.020608932292436325,-0.017186682040085013,0.20601775531748867,0.08529477819382979,0.06250049226033744,-0.018051311820261387,-0.16001439783189256
safeguard:test:971,0.18357994468459263,0.25086475054184565,0.03898466371947951,-0.0728920345745593,-0.023252965762401788,-0.20529877615408235,-0.06546025222205394,-0.1420001413654173,0.06624765821938398,-0.05898261374327523
safeguard:test:972,0.12311118984272534,-0.07352827352853247,-0.00987935245399184,0.006139658312240646,-0.02636507718976876,-0.018223658637470205,0.0093185634581026,0.01219514761394645,0.012415351876978427,-0.003193881929104489
safeguard:test:973,0.1545413839946682,0.24741161533436237,0.09421678978345632,-0.0312114409634291,-0.06039613915726756,-0.18923954980879298,0.19076035800913738,-0.12527430195579498,0.018304538577814385,-0.09005223185032318
safeguard:test:975,0.16921629951329453,0.1663783871937193,-0.2285939706792073,-0.016844947438803336,0.0029794596558146277,0.030273280006576753,-0.13943060490118894,0.016760680240321107,-0.006999458101806665,0.19848531470547767
safeguard:test:977,0.1951088105900493,-0.09472381351105613,0.007208332464650503,-0.03280479667363002,-0.024995109150074964,-0.016655207197806755,0.02924739886389518,0.11917127273790103,0.23074043881515247,0.001690122755682707
safeguard:test:979,0.3654642634902078,-0.1587221438980087,0.022532019749717337,-0.006397848054252695,-0.0716555534342987,-0.007077207461594767,0.04449505693968018,-0.022587914254841236,-0.017544120298746566,-0.0883581903293145
safeguard:test:980,0.317339628153262,-0.14171705595689763,-0.027408439271300686,0.05058490464006937,-0.012390264866203106,-0.041634796883855796,-0.016033277743421233,-0.012030760601653383,-0.04016231660376681,0.020113435784580847
safeguard:test:982,0.22302098181673782,0.31521681179277367,-0.3612148665349589,-0.1266725399641439,-0.04952264666110501,0.022998585849272765,-0.18520746830382376,0.09347186985340004,-0.005413586602296377,-0.0702755763037287
safeguard:test:984,0.25592961583689966,0.4022280340756134,0.11141409970274115,-0.11816752132420806,-0.06605457312501227,-0.291413113953833,-0.1313329244180109,-0.07554588913698847,0.04071768168644508,-0.09847097438772341
safeguard:test:986,0.1569318434923246,0.1389718300040951,-0.06816330121746308,0.39906675822107046,0.27433396751954847,-0.026845879229999897,-0.06914781379549581,0.23737706940284486,-0.08535767406216843,-0.05988004934786719
safeguard:test:99,0.1442145259662822,-0.07726027458437375,0.0330823872317987,-0.15531398323927856,0.2122093859006175,-0.0003535987425266921,0.020068427353086265,0.0017655830143669341,-0.04182704636589621,-0.002295113591393372
safeguard:test:991,0.15733583577636148,0.1821435010620586,-0.27025939953703276,0.047551913666145515,0.01256348192027357,0.1633981996249919,0.07689463301185148,0.026100773180832034,0.0034475647937596524,0.12940285847394292
safeguard:test:995,0.33450656996422745,-0.16023807320438196,0.0008132815000537249,0.011724692637659507,-0.013473779907990079,-0.024246935983596965,-0.005811229223517871,-0.022668090414946617,-0.015790377159681512,-0.03377342180468496
safeguard:train:1000,0.0948231013394319,0.03565806411875272,-0.025117745277666772,0.23611955454945932,0.1525431308530581,0.02796031737095288,-0.07266598954757653,0.03648609986392162,-0.008762898944394325,-0.0375463357810059
safeguard:train:1001,0.10928764075197342,-0.04156341451530998,0.009635979159658721,-0.13534202190655342,0.1793780143364425,0.0019495711498506273,0.015482505076592818,0.012457410997127816,0.010713617970115236,0.02400489665137121
safeguard:train:1005,0.16796951004131816,0.1822645065796716,0.09626778101601455,-0.030315693973841498,-0.00760882514604342,-0.1905627220669289,0.0840179080850716,0.13926258718578943,-0.11950203384416132,-0.027444834722160635
safeguard:train:1007,0.15508371325989093,0.0066896245457500475,0.09342824576571156,0.02420118851859807,-0.017474174264270708,0.030249328670489982,-0.032296890269598144,-0.01280945912268017,-0.016170197663932167,0.024657558017401774
safeguard:train:1008,0.15420016862142133,0.10425214011224129,-0.10489972612940347,0.4138577092047777,0.2553819924983208,0.08328364224051919,-0.003804377179389138,0.05113866628978573,0.0110465959666946,-0.05464145360268077
safeguard:train:1011,0.05003906485855051,-0.013437089457300906,-0.012100748144684446,-0.02611961889054445,0.015974245369317817,0.0013476502327755483,0.004213105551167877,0.016503554760459484,-0.010722734280016015,0.013820016506264283
safeguard:train:1012,0.1146636490858567,0.022739112930286173,-0.0018457837641588683,0.13326292970267445,0.0699040084893328,0.01946064538376852,0.028550295685517122,-0.03999914613015503,0.016440475716760765,-0.039564253527512416
safeguard:train:1014,0.1705662595533875,-9.584567631324792e-05,0.0959470075566494,-0.24057071061414573,0.43138255609058196,0.058837225934400154,-0.008049305094515798,0.02071210534889372,-0.0015908336828760641,0.032235551047551436
safeguard:train:1016,0.3553138355413594,-0.06472266931036195,-0.0695925769689356,0.03359662390521286,-0.020312898509448122,-0.02996237871404686,-0.05223782118194995,-0.07834439624569207,-0.02997699802753709,0.03227852262166453
safeguard:train:1027,0.1943421291788083,0.2350068766806609,-0.29541742853804936,-0.06363707519664465,-0.013224443853586598,0.03230965692858841,-0.11778271219964097,-0.051190385840263176,0.04608044245921529,0.13858730376609393
safeguard:train:1038,0.1425907583260076,0.15635632877676742,0.05655340419802811,-0.023511593436590077,-0.008314854790695356,-0.21118953861950487,0.12982935572137508,0.23485790739415272,-0.18427530641874243,0.04017344532144246
safeguard:train:1040,0.22913151072303,0.1790594063285917,0.06833522595125312,-0.03004969401534253,-0.027512210030069206,-0.14005666136650838,-0.04278170744218008,-0.08815434816809281,0.014331947184849885,-0.014859818956086845
safeguard:train:1048,0.16751037490602064,0.11630223137466685,-0.2591251095970614,-0.010480407272327078,-0.03798075373689802,0.09168668106501886,-0.07733755231250751,0.044872347930420095,-0.05027997428980945,0.3081749751322706
safeguard:train:1049,0.21601702257094885,0.4139323496509108,0.1166764332872735,-0.10612020943862617,-0.058411261207107046,-0.23302514602378355,-0.09525973939257157,0.025480162152760808,0.003532064756173529,-0.03778957822352183
safeguard:train:1055,0.13750514534570993,0.012111628299053344,-0.03640920123255044,-0.033763446765517714,0.056496327865365646,0.03748363697538313,0.008729427441787934,-0.03827031002677633,-0.00023952469052583708,0.04776060583719377
safeguard:train:1059,0.24333064686320358,0.11231737691774124,-0.22418644808228635,-0.10266272527092835,-0.022848781242097174,0.11975066619312849,-0.053590185884656125,0.08233776889049023,-0.006824810767591562,-0.1656111393703875
safeguard:train:106,0.1282609673581013,-0.058405958373001415,0.02720467340048888,-0.07081738327013572,0.05684096319455621,0.032751846723166944,-0.003590710075172201,-0.0183368993765486,0.016734273396973025,-0.03810718116549961
safeguard:train:1064,0.14329708456338064,0.17198022305193664,0.1839528945111037,0.002990795578635248,-0.01193679563771145,-0.09383765483585683,0.07725020666149014,0.14637557721804925,-0.08583911461626827,0.031741754785576934
safeguard:train:1065,0.16876361424892244,0.3080984699833621,-0.029199627550630693,-0.09222366425246463,-0.015470304990845863,-0.29551985608376086,-0.11821826035987797,-0.04482434531682899,-0.002235022702904936,-0.08880814486501734
safeguard:train:1068,0.1904515880620471,0.11909296551403951,-0.07971195805679232,-0.040066868289299375,-0.014240960222813612,-0.11260280519547333,-0.13039635665713106,-0.05809933598679714,0.028215224573287897,-0.055722309158739956
safeguard:train:1069,0.18332439999677533,0.15148341364951337,-0.07726217238098632,0.41111514300870194,0.23933184034369492,0.0010082866190129114,0.13040988622187638,-0.09292865650456711,0.04775939081857522,-0.03262764652597114
safeguard:train:1071,0.1462866557864438,0.09325474805928373,-0.060682203643149774,0.49099365735935707,0.30641875161904675,0.03225399297632609,-0.028126026464987033,0.023641995830076052,0.032543277582455274,-0.07717923490302882
safeguard:train:1083,0.510484113441675,-0.25040498420563667,-0.014751109346471603,0.1030799462748905,-0.056882508275808576,-0.05486481941351123,-0.0056870129194549895,-0.031417546142875286,-0.08068152880416414,0.03859127606821029
safeguard:train:1085,0.23829021145538562,-0.12788174042577446,-0.0019541908790734323,-0.03147363424540744,0.002254217634878611,-0.01584779113703475,0.007249182933196691,0.014428720010638591,-0.0113949189723434,-0.015968963366301773
safeguard:train:1094,0.23625977660643743,0.18166492415975974,0.11383949325700982,0.04474901972128628,0.00032284843688192965,-0.04797505290817676,-0.11863342221167743,-0.05612884155217209,0.04578703366345054,0.00686830957086323
safeguard:train:1095,0.18338886183362949,0.1880773811606652,-0.1464941355026695,-0.05398119238614624,-0.03666300268991334,-0.12447712815999025,-0.0714247771869413,0.01121558805445039,-0.030760656721136058,0.11066293269161058
safeguard:train:1107,0.287283822201674,-0.12180178021948541,-0.028059215696393254,-0.019719713633257883,-0.042425441312098744,-0.017786898861136897,0.0771635368113236,-0.05241842515549106,-0.019492613018518,-0.03579247419681701
safeguard:train:1108,0.09920676920933871,0.014861146212133136,-0.033844290135706646,-0.08827951075834313,0.12299206837935348,-0.00749507309804194,0.024265410217369138,-0.004112467198616671,-0.017138745104132727,0.11981630213038674
safeguard:train:1109,0.1471658595088804,0.09263741362060844,-0.05854719680702601,0.34929979318442705,0.20019140609507044,0.010235922661217658,0.10088031331659504,-0.08834730408124768,0.057016548225176204,-0.0450501809081791
safeguard:train:1116,0.36766062528741184,-0.237162420033629,0.00853238922856597,0.004724626613469817,-0.08928210835453326,-0.14588143611377183,0.0487937773023059,0.38480847693449105,0.7374860896265311,0.10765852165492125
safeguard:train:1117,0.1467926635006102,-0.053565444549559464,0.038032638870121496,-0.23356582535907391,0.389791737844404,0.007700304656297181,0.03729234296333269,0.016365998736153815,0.007502802265998154,0.024750534951633475
safeguard:train:1126,0.09960417669126706,0.02170476297127036,-0.011647094322632633,0.2366720244743416,0.14206581295945386,0.0033174671969951417,-0.07549878989566361,0.013994181124501372,-0.000855519380368401,-0.050879683704943
safeguard:train:1132,0.16623201483143527,0.13507016514395948,-0.062238520215274463,0.05170520416139848,0.005452095191377833,0.14779346420416226,0.059338095050445926,-0.005180314962798559,0.03740053145625974,-0.015130683356896579
safeguard:train:1135,0.12851066796227592,0.10272753801060665,0.01586251759151033,-0.05213835997021387,-0.015890728646886444,-0.09435231744332777,0.0044259908495408035,-0.06365724727156938,-0.0046471714001568905,-0.05224003759760427
safeguard:train:1147,0.09612069802879476,0.0183988480981162,-0.06280652199181345,0.0009606321686792532,-0.027520481219669504,0.0038675382003814283,-0.002293386396703718,-0.011629828439482605,-0.02902006913771823,0.11298141751036041
safeguard:train:115,0.11377904317238285,0.049778397455032056,0.02239191106106699,0.031109266818696434,-0.0017918653302024551,-0.02194357603699098,0.1550467630425803,-0.15067779279520602,0.04265121279975332,-0.01874151584821554
safeguard:train:1152,0.1842169227459544,0.16158318794042983,0.131720140215097,-0.0035633685993765665,-0.03596788759350338,-0.04032565279693954,0.0016403989688596465,0.007347679881645697,0.00043409769304790735,-0.0712055887725758
safeguard:train:1158,0.15892430028381702,0.060434158984919446,-0.0058972783993779514,0.03323844893475001,0.016420523269626106,0.009549713372159619,0.05934703902836475,-0.07944615683056687,0.010461142821599254,0.024272444819792276
safeguard:train:116,0.3651846826194819,-0.13195017452558241,-0.02932675674110071,0.024153384447631134,-0.04091297726165229,0.013293813452194523,0.00327377551630149,-0.021441650061848606,-0.04782223411976131,-0.014988648154748511
safeguard:train:1160,0.13569197457495524,0.08858531255454871,-0.06215722174090471,0.3481845399348714,0.20936274107564748,0.03620733739204578,0.05280899231973126,-0.019622408044633347,0.03370851926816197,-0.03447837659074827
safeguard:train:1162,0.08877863914540768,0.13363447215433485,0.1963977598110363,-0.00461647870572385,-0.04849010117282134,0.036371744440072594,0.021961826334828752,0.02593034009738871,0.009777786710518448,0.0279372960570129
safeguard:train:1172,0.22996855887535556,-0.024330451627483606,0.015585956725125237,0.021554428019698275,-0.03687410487418808,-0.0553777950449009,-0.010772735944856431,-0.03985320653949398,-0.03703671275569461,-0.004596485231211726
safeguard:train:1177,0.24699630076478973,0.22282561593491015,-0.3727412577173952,0.051686258166037155,0.00926030221437036,0.35218913340908914,0.1430642748287461,0.18863639136674143,-0.022449771303337217,-0.18831280580379067
safeguard:train:1186,0.09774836145813523,-0.005572764672162632,0.0028856953807424967,0.10758843841658089,0.050563815596879086,0.0010387454166073532,-0.043653342539242045,-0.01328554698485348,-0.011860483285747136,-0.017422694940600322
safeguard:train:1187,0.21273348039781897,-0.11208779636681802,-0.002152968478816232,0.0001659678123296369,-0.026389635689692808,0.013305707647451386,0.009302377797805008,-0.016759279871817717,-0.03666268709060857,-0.033341250903995215
safeguard:train:1190,0.09063007855154187,-0.014329367175258605,0.03238742448848196,-0.15629560851365598,0.24525052242520565,0.004284091963835858,0.020449333044175774,0.010184340103208843,-0.010089150787014226,0.008908179729535731
safeguard:train:1202,0.13099819658559803,0.0915406836833236,-0.023622740894292008,0.31819927894030176,0.21791137800683996,-0.027726482268663182,-0.04757978776445987,0.19928243958625905,-0.07418119439015822,-0.025677171981487626
safeguard:train:1205,0.1722009038864952,0.010573415667385275,-0.0506762094529857,0.01688344620129841,-0.012725118121099778,-0.044179409245342686,-0.03582808565240116,-0.05036616883907067,0.010253542640407225,0.055016216338384945
safeguard:train:1207,0.1895949027154623,0.1409636910369089,-0.24843500361830373,0.051198729729562166,0.010357277505279473,0.2840245776703249,0.13309519523388377,0.14165537825066202,-0.02197255521463798,-0.1657527564947719
safeguard:train:1208,0.18310163772045035,0.05956072530610445,-0.08730378296790584,-0.006692705712121737,-0.046135205366140734,-0.0529198738837335,0.009346970721328457,0.06131079430411859,-0.10686295062019584,0.3309962622969232
safeguard:train:1209,0.168547806914832,0.07394329025101337,-0.01550271548633961,0.020903132198418047,0.014682903211385497,-0.06045911848986857,0.1384939642837286,0.004612798624641584,-0.05641581290369508,0.07569899896502813
safeguard:train:1215,0.11768060488098449,0.09742900535480195,-0.03095553827741288,0.25165503988633625,0.17879572539435357,-0.07157463333793321,-0.052747464901927874,0.171299912494379,-0.08037250821861562,0.012556519513811376
safeguard:train:1216,0.2787901334792447,0.26963733430629194,-0.3367886485924653,-0.04069578407149848,-0.06972778560999769,0.26293868063436704,0.346305347266189,0.025653528036308455,0.034328279143263814,-0.23869665329227008
safeguard:train:1219,0.25802381636437977,-0.14558360880400797,-0.012983573059521667,0.008722400590086657,-0.06794392506376168,-0.019532158325235895,0.02996281847319573,0.0045108755355343895,-0.024712606512119425,0.0024863905043511873
safeguard:train:122,0.22282757789030544,0.06973090418140448,-0.10852596719500515,0.022854703350082484,-0.014507723707574296,-0.07016025765790708,-0.02192088902741561,-0.14943145764941532,0.033205524763466956,0.08659388531626942
safeguard:train:1223,0.08566480348065117,-0.02661402264354402,0.023839329427230056,-0.022871473770676477,0.04126319647609196,0.014199987078592553,-0.01943436424843072,-0.03199689940302829,-0.003598080339889003,-0.03149225645561994
safeguard:train:1229,0.2428554738816808,0.3113984056766203,0.08150567491428605,-0.03401287897630009,-0.03571901195168215,-0.03693151819149398,0.04613727883932467,-0.17142560581624675,0.10233005498346094,-0.026518110988843647
safeguard:train:123,0.2978226097068826,0.3404980612070486,-0.41248450869263875,-0.1575042506222518,-0.07335215984808134,0.09782471524745875,-0.048143499944284074,0.12127730634118257,-0.001176907287329911,-0.2652041067738235
safeguard:train:1236,0.09253900501431311,-0.017970984073258707,0.016707120737780447,-0.08298104838037605,0.10437928405704353,0.004120345925495379,-0.0076548755198357875,0.0028940369245713834,-0.012561297911935108,0.0215468469996657
safeguard:train:1239,0.17066067449063038,-0.051619541163179294,0.052524120831352404,-0.3432199665601208,0.5233006050783848,0.006607718322022284,0.05004960940276846,0.024394858546231784,0.005288826579505042,0.025735619109160817
safeguard:train:124,0.1509726582233937,0.04735307000422023,0.06005044795642576,-0.020249026343022666,-0.020571345111267635,-0.01959537986209454,0.012518567850726754,-0.0630788015024164,-0.005672908464362105,-0.02657705345255888
safeguard:train:1247,0.1440628307014846,0.14946382887212104,-0.10043712695738743,0.011715771432476091,0.020017872494695263,-0.005516953354062962,0.06023006950636216,0.17707492231184044,-0.08132501194326866,0.012247038162209716
safeguard:train:1248,0.31314115984348295,0.3504805202571868,-0.4705905354545901,-0.20587270992425524,-0.09150710769494978,0.14497489146205056,-0.1282062392951797,0.14713978335571345,-0.01006336417588024,-0.2323130226993673
safeguard:train:1252,0.6004482215104864,-0.37387478465151847,0.013061658361102962,0.07390906683722834,-0.09810298210712122,-0.0699351650310537,-0.007423152658084334,-0.000196016230034476,-0.13914217863434164,0.04488877236266801
safeguard:train:1255,0.23980275353014074,0.24480915880928505,0.20244356443584705,-0.04059311608005323,-0.03134701335517438,-0.1590876513985745,0.1052361614258101,0.11637199037788779,-0.10919148808970618,-0.011468227165525615
safeguard:train:1256,0.19929999506794582,0.3607040868702885,0.26310303845839517,-0.020732219001741256,-0.03832831477529439,-0.23618253991578658,0.15402416119395365,0.19819893300828859,-0.1222920684847526,-0.016344351099298486
safeguard:train:1257,0.1879814229555695,-0.0031547175425051806,0.0470146297205483,-0.1015939754857843,0.22758684394216458,0.04585459115859951,-0.024143228420315854,-0.004934383701709899,-0.02843816399498464,0.06421581691414759
safeguard:train:1259,0.10654361982791176,0.04203854543649305,-0.13365411806555297,0.00017896062336926472,-0.025287499851577924,0.019990268107660455,-0.03120102986760204,-0.026991290715354378,-0.039094376537657016,0.26931323400318385
safeguard:train:126,0.14662340850376,0.057306059525138044,-0.049938836800672085,0.019108023136705544,0.05589450683857896,-0.022941675905788425,-0.09701219367022795,-0.04358013471811824,0.022322180343193228,-0.03320110607569454
safeguard:train:1267,0.1438721439172282,-0.014311265183966661,-0.02701430976531078,0.0739182446837964,0.020865541521599883,0.02617424883505405,-0.01489186721986069,-0.007073655131268859,-0.012762384512046034,-0.005574927803879866
safeguard:train:1270,0.1620240238226299,0.1793966004916426,-0.09438059551066286,0.24463539231484877,0.2014241870402612,-0.15567499373483348,-0.2413020653390486,-0.02440523568376214,0.04715891283327164,-0.09264887667167178
safeguard:train:1273,0.19918030199506936,0.20548958287649008,-0.16856189674407301,-0.11717194704477943,-0.018312375338206073,-0.08968670712304687,-0.09040936570545796,-0.07464169576995525,0.040670947278649325,-0.05671421550432057
safeguard:train:1277,0.13374881368561345,0.16254293733093042,0.20477677768037006,-0.004015413228952717,-0.027266085464811015,0.01509569557580444,-0.023131622777161343,-0.008689206810359163,-0.005494144663407802,-0.032640518516863115
safeguard:train:128,0.22373649626695702,0.44492412227660744,0.3460805300032394,-0.03554965224402097,-0.06475213306097792,-0.20771427385521987,0.20696104861040654,0.4150240765825531,-0.2265909616512731,0.10947548548681292
safeguard:train:1281,0.22981899382724685,-0.10870344545592982,0.007621584120399324,0.10735155940395713,0.01827859261385104,-0.017278698020103303,-0.05602375879192778,-0.023750185636919736,-0.051433528264252376,0.008440061866637252
safeguard:train:1282,0.19497601177330523,0.3182697529902789,0.35896355288984705,0.022500131235753493,-0.03790881730855594,0.04776415893440177,0.04253803753034805,0.2807159583969034,-0.10700196550695598,0.08219891746330013
safeguard:train:129,0.11884336687207736,0.10825080191668157,-0.05853073197442804,-0.004884924493235142,0.049460574441865815,-0.019340094609904424,-0.11546079872170804,-0.05239735551167155,0.03653913926354401,-0.04241966891009236
safeguard:train:1293,0.08467433481593559,0.11689074134674106,-0.08555695400631573,-0.04197060320907101,-0.03497909673068777,-0.04866883031488327,-0.02710216357083518,-0.012727327160671433,-0.04562651321758179,0.1434236630556689
safeguard:train:13,0.35979033163832086,-0.21968611229440116,0.00667094499241191,0.013254690056940932,-0.06450524471719667,-0.11460778372564324,0.027313144974342975,0.2626790718719274,0.4843239666887681,0.06379414948053072
safeguard:train:130,0.1750052635646254,0.1807685759145779,-0.12150416325931392,-0.04088299375756417,0.005773998740530504,-0.12863475353262074,-0.15339807032226216,-0.06085878278631876,0.03127715723443484,0.033757843224429776
safeguard:train:1304,0.20806642974790152,0.0957114596009317,-0.04885122586445711,-0.06566057882535821,0.013138711964960824,-0.043056447606177356,0.006515748723862364,-0.16782558641651377,0.04033174793732103,-0.05503731800388264
safeguard:train:1305,0.18239715770390352,0.10843133710889812,-0.2900245265310348,-0.11256698086622528,-0.0913115059241468,0.26760687378977044,0.10849663292053677,0.1719853652814567,-0.04395001340444226,-0.17792243285750925
safeguard:train:1308,0.21223581240940648,-0.07664784014810502,-0.03236420695420414,-0.024148492332627843,-0.026783044035755897,-0.01824289078443411,0.0023561442845474443,-0.026322249735849703,-0.02740612672020102,-0.02760499324962024
safeguard:train:1309,0.17208204513144493,0.271265018145544,-0.1708676442782217,-0.11363994743073712,-0.036253377260309,-0.14902986899719292,-0.06371244757971692,0.027217354045663,-0.010959401050657132,-0.0044149032362384155
safeguard:train:1319,0.12511792007663713,0.039831681061006145,-0.03109344401091615,0.2879187325828361,0.18089538544302036,0.04056469346752084,-0.09872254299403928,0.05520925723382568,-0.0034652184075770025,-0.07646239931960779
safeguard:train:1321,0.16926398253669128,-0.056138049162079005,0.05990261262818577,-0.3072102123678022,0.4591175229209522,0.0350543812234446,0.043903790198115036,0.014413282766410336,-0.0009398980573258279,0.023021844373487983
safeguard:train:1322,0.3589963077857514,-0.17000703126636962,0.025352449470939974,-0.03965778429270711,-0.0313322538854022,-0.02885949565642276,0.009993820946543676,-0.011586357345998622,-0.026173773956877654,-0.04855787247297737
safeguard:train:1323,0.41609039707991524,-0.26853283971033404,0.004351864429508346,0.023766050831200432,-0.09824618142069946,-0.12825875163544398,0.03934980880140382,0.24393380958573654,0.38345432232237653,0.04849691686057269
safeguard:train:1325,0.18099442407751104,0.14005515352238568,-0.19290996420140097,-0.09353966164863951,-0.06381351206711589,0.10383927367385966,0.04949758781625947,0.12805173563097452,-0.06777655295538626,-0.10641865693927059
safeguard:train:1334,0.14916665440659577,-0.05056463806379385,0.048229124542888156,-0.294293964959037,0.4533381214447985,0.016803403326269884,0.04985401976039465,0.015301044167384948,0.001084855437215587,0.028257589770122164
safeguard:train:1337,0.1148467083971578,0.07488820592243874,-0.05559754102652827,0.28926050238824824,0.17655485129281323,0.01080958522981789,0.013092541565882345,-0.02783011992338468,0.02117037602409948,0.02256041752815692
safeguard:train:1341,0.1761417226424524,0.16943987829613455,-0.18331127318702337,-0.07254016062286651,-0.026864886065807916,-0.07724209519620628,-0.16664568646771888,-0.02564136821838494,0.00838918367372796,0.06812174813797228
safeguard:train:1342,0.11760387144714779,-0.025238639196493023,0.06236507279300197,-0.17118445612474667,0.2941401733667171,0.03216022706333181,0.0058840169614052746,0.017821548515352646,-0.002392768073822757,0.027562545342727753
safeguard:train:1344,0.19209522687876104,0.32563592923287826,0.2660733453678454,0.016130854105345677,-0.02559941757447639,-0.06202638647338906,0.11934813400527178,0.2754105851543597,-0.11863488786314356,0.053164836824773444
safeguard:train:1347,0.12103883176128621,0.04704039381296858,-0.11921215413667115,-0.006553568731868952,-0.025278616812976835,0.034473497190144135,-0.01123234231814266,0.08439497793703511,-0.05092974195577304,0.1098586085685892
safeguard:train:1352,0.15981493866926177,0.10628574242515215,-0.10870288000522611,0.40248092251456113,0.2441076628496644,0.08156458357505332,0.002029139507868153,0.043510893096957035,0.011437399834761516,-0.04243010490440147
safeguard:train:1356,0.12864401544348014,-0.024344137543675738,0.010917254184141793,0.02721261859704749,0.0013304906842186675,0.035559026453647176,-0.019282406056507086,-0.003769268969838131,-0.04891791845091688,-0.014592332175338354
safeguard:train:1357,0.12062323364970624,0.16024799153373975,-0.10975104099427653,-0.08255887143214587,-0.0025141010586897956,-0.11845847698855755,-0.1085745383308319,-0.050490319332318075,0.021182386368889392,0.006416969846385999
safeguard:train:137,0.1543916654561573,0.17191246673882168,0.10474426694872045,-0.024106748807420086,-0.03943982980852027,-0.1259521066916634,0.07610965754165318,0.0066978043971854815,-0.04999534707774383,-0.03577230407865081
safeguard:train:1372,0.21962080421957714,0.2889416504338298,0.17258285038180857,0.04913459723753638,-0.03488044366033557,-0.048888404183793845,0.2825873489296069,-0.1904758584803196,0.07930129594972161,-0.06037530449135298
safeguard:train:1375,0.26707482317631,0.5217906740644503,0.16796736384037272,-0.12355143195005473,-0.07348722532692537,-0.35470846194053307,-0.12295378687582084,-0.12365810897351989,0.07120947652733216,-0.12257196327620319
safeguard:train:1394,0.17076755872584748,0.08535357347313569,-0.14573290380678622,0.24871373887829248,0.1343400206013404,0.03085056255098818,-0.043333074486730024,-0.006440849895802522,-0.019596340890134813,0.2627927211491786
safeguard:train:1398,0.5203843480853418,-0.2490690868953692,0.008650362881432566,0.06746130892598844,-0.03162134083752376,-0.01899575537494787,-0.0030577797719459543,0.0005828284336410442,-0.017073561026049847,-0.011422378148014146
safeguard:train:1414,0.07495770479949315,0.05098954404743005,-0.0761784973965759,-0.026364620583108365,-0.011573735772447824,-0.014365003344156184,0.03520452269537666,-0.012427201096244907,0.004450668613910988,0.10330925328156593
safeguard:train:1415,0.200963060536446,0.2225910018938863,0.024436917095350324,-0.06406634082054521,-0.030381283892020466,-0.21378264978222744,-0.06458447851791332,-0.08202918500475417,0.027167164247095782,-0.09880222952020341
safeguard:train:1416,0.3215186597637806,-0.2015674079290196,-0.002744833247484483,-0.003727279781117983,-0.0377127865697384,-0.023069017897083252,0.037486745758923704,0.00478484034067971,-0.005533908484712001,-0.008017844614457882
safeguard:train:1418,0.15768959521631545,0.11255192013304781,0.025357325235410014,-0.01065450015017413,-0.05111220595529604,-0.10090991743232494,0.16511256938624966,-0.11122659682961668,-0.009739260651282557,-0.04128586510795864
safeguard:train:142,0.1466698402518201,0.002414680233575423,0.0010019449772270298,-0.016716139786481406,-0.0015713325190273742,0.03999649484455165,0.03949860255041119,0.023260972146850932,-0.0034435478131561604,-0.04033927026897198
safeguard:train:1424,0.2308172115516365,-0.1147273511281088,0.04061952960316151,-0.028587648252832474,-0.0021885663237072115,0.03921810192360501,-0.018865238589285415,-0.0067322915622127595,0.0005890454449502497,-0.03658345960001226
safeguard:train:144,0.17559877093332166,-0.08745981359415364,0.02839909579678597,-0.18964816641918736,0.2725672925712731,-0.016900314538822455,0.033781650626077825,0.017305501539422556,0.016514752939934364,0.027349339065585652
safeguard:train:1440,0.16553656832417732,0.09921932472686083,0.1378413989105872,0.01784178866859946,-0.02552912355984846,0.16023666479303952,-0.0027805732381178112,-0.1031187567146521,0.04392124386994217,-0.01862604911744754
safeguard:train:1443,0.1816574399365779,0.12725968196654316,-0.07055487785136262,0.17804945279796228,0.09296080112580693,0.031937781341919026,0.042814408561219645,0.004935732515333602,-0.0010960713591006636,-0.022663026230298665
safeguard:train:1444,0.1148217784901046,-0.013737689185058957,0.003894718169438642,-0.11269650219303397,0.1449963559477594,0.002043057135275198,0.0037984748212997075,-0.008379359584932048,-0.006877377978210397,0.025353879876940336
safeguard:train:1453,0.16313988061364415,-0.039719802345193,0.03632485321146236,-0.28695910101237615,0.43677217669559076,-0.006395511797642497,0.054386986921512843,-0.014979546415555395,0.013505052660212466,0.018929587904677345
safeguard:train:1456,0.13103989164330035,0.09349194397523923,-0.04226995044907318,0.3124695582725281,0.18736954217165452,-0.008085808213233592,0.04308128686773328,-0.036598075082891895,0.03437529161200559,-9.931091563967728e-05
safeguard:train:1457,0.1414484234578188,0.022428703857571043,-0.0869528310504742,0.021811140221855204,-0.026709754992200706,0.016292829584971566,0.00526786547039499,0.007627552896806825,-0.022802203395292805,0.09085735998684429
safeguard:train:1459,0.21508129273037355,0.17436052584621353,-0.29530731975185887,-0.09089430453142736,-0.04133516312164705,0.14657211376213083,-0.05405857831029572,0.11553373729775519,-0.01088404571163955,-0.19932224572079302
safeguard:train:1477,0.17652281174759651,0.3171274108939115,0.20090422195883317,0.042538001054063405,0.0171082419458047,-0.19175115805697746,0.09976114657737535,0.2690068768721619,-0.1654310397299986,0.071808941219454
safeguard:train:1479,0.1525129891634784,-0.0871039248426902,-0.023604243089379216,-0.014183669625449289,-0.04219577163393371,-0.010745377575490675,0.021144672460931508,0.012108858222771425,-0.019705653375600773,-0.017716202564009957
safeguard:train:1480,0.11248523568995594,0.1295876801041351,0.14246500446489269,-0.0045373717359528535,0.0002682512555353549,-0.01917134876833554,0.029057217719892604,0.1039128444921947,-0.05745843284604951,0.02443805082004206
safeguard:train:1483,0.13722735236958455,0.08897734330946208,-0.0431194622686195,0.12274100472163592,0.10261295291653072,-0.1117430019982023,-0.1564084973311651,-0.06131419768727858,0.048443315801342667,-0.049561640537348135
safeguard:train:1487,0.2091566680315502,0.205002342463503,-0.07916985639153502,-0.05442104298249881,-0.006945121860956975,-0.2048270219640245,-0.12017811560069266,-0.08468786705760843,0.03764910798510282,-0.027246592982692913
safeguard:train:1488,0.11140908254193682,0.08257339213010356,0.05855577652874659,0.033535271202702346,0.004715701664767351,0.004686446394085099,-0.03631234761694415,-0.005007013693053508,-0.003616203719430446,-0.07680340780921663
safeguard:train:1496,0.20136137628990372,0.010881187546042963,-0.0995739401753979,-0.02344997701885906,-0.023950580806719333,-0.02262616207871984,-0.020054117164305475,-0.015187546209386428,-0.01839768115384452,0.060831966092296776
safeguard:train:1503,0.10339421614412428,-0.05465428198881576,0.021504669994330088,-0.10461875249617408,0.12679931754525156,0.01757515012938881,0.019738080777367596,-0.023166243985143328,-0.015424768130746436,-0.015558483303161544
safeguard:train:1516,0.14263412977532072,0.16247039926498272,-0.1892276414385815,-0.0691034485476297,-0.01008417473945277,0.0006312237741998226,-0.11118073069520831,-0.029242588269555357,0.028780052329018167,0.043422649507352425
safeguard:train:1517,0.10213761903343291,-0.03799104614342692,0.03030706946264646,-0.18084427132385192,0.2615262820567372,0.003970309814048749,0.021159333473706552,-0.0013739525296681666,0.011218041637767745,0.009653932085533484
safeguard:train:1518,0.26909462278452756,0.33764985063574626,0.1309388918799773,-0.05772712438845872,-0.04609074514672168,-0.12123651796674838,0.0037413540981820056,-0.2112302918766172,0.12243837708564466,-0.11446307920595504
safeguard:train:1519,0.10314479340750483,0.04641747345499428,-0.07876416538410665,0.03023586356666039,0.014889406592445564,0.01275353155399436,0.008039347647981027,0.03552825583612185,-0.02101321745390226,0.007640293743924163
safeguard:train:1523,0.1616903986197234,0.1873930428181715,-0.15787756651517745,-0.08463973637546468,-0.031398716445750235,-0.10095037954532987,-0.08633355221930501,-0.05157959607914005,0.02809096403441544,-0.022951495501513333
safeguard:train:1534,0.21641876820906727,-0.10845227759224874,-0.004352393551258186,-0.014656127978296503,-0.03920379876088142,-0.026860574592445337,0.018110664754600592,-0.03027137106725668,-0.02065360339164883,-0.050937568567336916
safeguard:train:1535,0.09448428784946847,0.007406983242964772,0.027150079977052582,-0.06572487017370988,0.08851198277729908,-0.016143427521012377,0.01820535512831612,-0.06007213417741323,0.009055081446751646,-0.032774110742228954
safeguard:train:1539,0.15216547368861907,0.04550306052444727,-0.009218493202702795,0.4227866087077417,0.28303859535118614,0.04357528478071551,-0.14439733833742416,0.061700955286326735,-0.009758992610779805,-0.10190828255371599
safeguard:train:1540,0.1637842981529252,0.02755301172358885,-0.04420061792113293,0.12248206317869716,0.038445861320959514,0.0029166255538451,0.060311293428181145,-0.08987721485480357,-0.0029820953002787664,0.08203996453167059
safeguard:train:1543,0.12849758087826435,0.11042443554923706,-0.05153340267520703,0.26120456756773963,0.15899127243734137,-0.032987038940898536,0.014385878441476586,-0.010379227504333805,0.00206037648179896,0.0134528175236105
safeguard:train:1547,0.20342353760930612,0.12368319328020154,-0.07221261042870925,-0.052843432062468484,-0.0016861177890968816,-0.12229701611200643,-0.14974185991057087,-0.08568016101142502,0.004704175362928781,-0.015144336431326877
safeguard:train:1550,0.15754887148017696,0.020084590521704967,0.007394097120792215,0.12247958644175838,0.06707001820038087,0.03554967519716254,0.01909049069890344,-0.022545817312860556,0.019903717078217198,-0.02154542981330274
safeguard:train:1554,0.18028337784011714,0.15473395886842387,0.005155871893441795,0.056201680704913194,-0.004203182025757252,-0.05565701381891106,0.28047828655174506,-0.21816403884858193,0.06914308003659039,-0.040078169840191455
safeguard:train:1555,0.13240153987551373,0.019148607528819066,-0.000560158103054611,0.2960333852126821,0.19112342935086368,0.047508891766207456,-0.11149144697031088,0.033204541749331754,-0.01311217575376217,-0.06573770778614452
safeguard:train:1556,0.12483061252689531,0.09179041177487776,-0.08093037470730248,0.39849789710015016,0.25581770948480925,0.030857011881079928,-0.00427836642328638,-0.00834820560141396,0.02781162134275146,0.01519141210491913
safeguard:train:156,0.4083344383568233,-0.17669474552986383,-0.0076629813412752235,0.028851693805668644,-0.02942798997043978,0.0025513207304505565,0.02036826609727789,-0.03940240941812139,-0.039303590283550474,-0.028099422096216634
safeguard:train:1574,0.13934598039866627,-0.06518946454658388,0.015023554394994825,-0.13988311643485324,0.17348885676748713,0.008294395406139226,0.014897595162073984,0.020634780731588292,0.014788786104133212,0.002433041082090527
safeguard:train:1577,0.08306691867835474,-0.03714621761243381,0.010569347255624115,-0.05561905936129668,0.05305507639630906,-0.004262410555597487,-0.0032253085986024333,0.002388373728654136,0.002102221167468672,-0.006169066335146944
safeguard:train:1588,0.18604130458633925,0.26361016382974595,0.03581875264440979,-0.0817980481174613,-0.03907530815739698,-0.22920068582100298,-0.09581086358857925,-0.07548008571667378,0.03819798561680629,-0.11310525548364227
safeguard:train:159,0.10815720456806087,0.085098337766738,-0.00343826817383707,0.23364510499975383,0.16178009014531014,-0.06898041132066665,-0.035753934614141225,0.14994340052574923,-0.06199088671149904,-0.005428453339596308
safeguard:train:1595,0.22405401929199384,0.18081553801072753,-0.31777328975534164,0.03641458766417242,-0.0014695447343177272,0.33644578336100156,0.15553344933304608,0.17176771033657187,-0.018928701109410195,-0.21714012167063104
safeguard:train:1598,0.1518423723922015,0.2282431068616081,0.2336256290743988,0.05099862978785867,-0.03257964132951519,0.13968715219158784,0.01146341852354109,0.08197744483948587,-0.0032392063099399866,-0.027120410786183956
safeguard:train:1602,0.38419261102176294,-0.2339953561495635,0.0040494677258497615,0.04030299082736452,-0.07375247724512154,-0.043221726871091395,0.018180972440539126,-0.03247215300291711,-0.11398650172265373,-0.027111174925864966
safeguard:train:1604,0.257814643730874,-0.15325081582654593,-0.03011027122378375,-0.024783134364106653,-0.0561842935713528,-0.04190668849699709,0.03832141433320448,0.004371336338263596,-0.007175445939333268,-0.08352465117133401
safeguard:train:1609,0.21490228290478441,0.2780654614365935,-0.3931281699544933,-0.11332495894100243,-0.045087316030733154,0.14179161440382265,-0.08981851505553523,0.07562174057944997,0.017003773868844198,-0.031645867741779146
safeguard:train:1616,0.167409995420033,0.1656511397518217,-0.09841669921364801,0.04644651514406661,0.053320100083260775,-0.17849408073300907,-0.2073690156275296,-0.058674320755946294,0.02318558795078579,-0.009386781087689621
safeguard:train:1617,0.20068347095579508,-0.0816357828731043,-0.00042395084631115617,-0.005543448596123887,-0.012766019833232936,-0.02696138734346045,0.014912621491561119,-0.025567015694150087,0.003883628976708089,0.00706226311131989
safeguard:train:1625,0.15323847483996958,-0.07765304618864921,0.03573016429084384,-0.11955951855875543,0.1408796098099486,0.02934397745661842,0.003741777719018874,-0.005032276988519959,-0.019300435255807314,-0.030182128367167202
safeguard:train:1629,0.27155688679612766,0.3350307461682236,0.16868231225859348,-0.0756640565617297,-0.04006768974411736,-0.012409914484452467,0.019577890524052233,-0.17130780570001047,0.10719562807356468,-0.029574757291042135
safeguard:train:1632,0.16575982964805833,-0.006392038562852544,-0.005007270161293247,-0.2706098900426926,0.3535310779376667,-0.016740793581271313,0.016228330057640718,0.03308624079776284,-0.005272461192895448,0.09194558538399142
safeguard:train:1634,0.19209467006644892,-0.11397556861007985,0.0004334600319566725,-0.006069369029675001,-0.03763526709240191,-0.014342414054164716,0.018644595774279217,-0.01992389984931941,-0.03068875952209837,-0.03569174178366153
safeguard:train:1652,0.09963431533665135,0.0016888917946684687,0.019209184654682798,-0.14987861688915882,0.2306158962287204,0.007558037631384931,0.016947252693781834,-0.015105327823143394,0.004609199193637221,0.0030841419492655653
safeguard:train:1653,0.17163192542496347,-0.07697806912764663,-0.008361985879352071,0.0538123525315506,0.004630931881607277,-0.04600192041200987,-0.023769746324678955,-0.011388357452394913,-0.010036094799600827,0.019410708655044254
safeguard:train:1655,0.16620899006539505,0.07021178261452048,-0.038286019922838956,0.32490574506185116,0.20845718720628692,-0.03672776299749256,-0.07569776733802493,0.17726976721330898,-0.06916540111439533,-0.04541629680093349
safeguard:train:1656,0.14460660551795324,-0.03415422159229371,0.065139999590731,-0.1709427012233514,0.26619305604786386,0.020892972207680407,-0.006595308616066115,0.008323255362916566,0.001782982032587518,0.012106848355855617
safeguard:train:166,0.16489012538513598,0.3050285770519017,0.033221381024401045,-0.028149814251019003,0.005432188616035349,-0.23084095421906364,-0.12101352669580988,-0.059901725416523534,0.04026593129157154,-0.11159382298183773
safeguard:train:1661,0.15715175433815237,0.13530492704402627,-0.14670940088364962,-0.07462814798983929,0.004241827834036421,-0.024109938100851564,-0.0619000402145381,-0.07425805102015814,0.02459533142254702,0.06706075421098237
safeguard:train:1668,0.14210590714308907,0.11288158263428436,-0.05759145490798991,0.09333822053489486,0.07702488031965714,-0.1377150123757986,-0.15984051754625575,-0.05511885113550861,0.01755212336194959,-0.04178674259724461
safeguard:train:167,0.5729426643250198,-0.34421997062859533,0.006150614709208892,0.07766447198815911,-0.09636761883836115,-0.05659087880297955,0.002348716892361206,-0.021109414675490015,-0.14169089623996586,0.025995546176753332
safeguard:train:1674,0.11373285569518762,-0.04587493971697794,0.016904346508363977,-0.16213905283960786,0.2163157750147088,0.01794993782659567,0.03610385438938042,0.004254379354061914,0.0049038962865091745,-0.00831374435468228
safeguard:train:1675,0.14232332636106032,0.17490429437995034,0.2270573109799147,-0.002093492930892972,-0.04842155137220828,0.04455834889219485,0.03888008797396838,-0.0075567384736299325,0.012926668952352588,0.004345231000063492
safeguard:train:1679,0.20039348586328845,0.2728857291219983,0.21055590787184983,0.07122484825280699,-0.03348362954314842,0.06718929491247763,0.28786645882915224,-0.15282101748098262,0.09104347005055714,0.025310673917813584
safeguard:train:1685,0.1868889237687882,0.034301185417685516,-0.015627395023665173,0.06188636098484226,0.013272795707853871,0.03304910414727753,0.07655433499749462,-0.11275226925399812,-0.002266410114034582,0.0699827418959278
safeguard:train:1686,0.11159705774786051,0.009045106074156652,-0.12056801582471824,-0.017038781815092482,-0.049096221672037185,0.06494750700281236,0.013276119831667245,0.03204381858127418,-0.051742135359465646,0.20288542840672777
safeguard:train:1691,0.174567927393274,0.031875341639311515,0.10357150100053983,-0.01926912144612467,-0.02816450531980991,-0.03136458637986368,0.01109329536050261,-0.022189683527585845,-0.015976462798736442,-0.034633433193036786
safeguard:train:1697,0.10315602173941305,-0.01075341124238098,0.0034957711500841057,-0.03922928149819139,0.035161681350687216,0.0056298625367366935,0.008575114043699775,-0.04306245690508156,0.016927813081549985,-0.02894641791915559
safeguard:train:1703,0.27705221384669404,0.18219450329716358,-0.32445748207506697,-0.07385755262443379,-0.03651712609684607,0.03582576984282615,-0.15266572095518913,-0.09440752399768534,-0.022453260747940153,0.5575532466101552
safeguard:train:1714,0.1653251438762021,0.09843809760537851,-0.06516525978075693,0.010981212634353128,0.01789161109455622,-0.13059955888224345,-0.10765855883083128,-0.0703753639397327,-0.001106274604865375,0.01216888819182342
safeguard:train:1719,0.09415884718534394,-0.042980547983938105,0.03124492011347167,-0.16045519886411566,0.229428478544821,0.01328418091942165,0.015313326992429425,0.016974010117846813,0.0020539738214564204,0.010149988140509374
safeguard:train:1721,0.08679685926065188,0.0649485437319818,-0.0017152403734407595,0.009826097596807972,0.0035035039577533825,-0.006511803636235048,0.029294407621959877,-0.023863741633381633,-0.01180999085737297,0.05117391927920702
safeguard:train:1722,0.11934561851220371,-0.044697148205784104,0.03374466952291643,-0.17310770675651904,0.29093525452762753,-0.0014143693080027864,0.012671435245596009,-0.015216457997318605,0.0035737222280848692,0.0008855016475558757
safeguard:train:1723,0.2781103547029663,0.33416538266760043,-0.32601665131822183,-0.1531575869559981,-0.06235661692511315,-0.04073795787710719,-0.0647556979113179,-0.05504561330744978,0.036389205795546185,-0.005040437781243325
safeguard:train:174,0.08927930307895915,-0.018713404232611613,0.018701838362310024,-0.08422737704816523,0.1056573395215461,0.0028685432550413664,0.014685952990124098,-0.0005821042484658932,0.008353785335006922,0.008806267316808107
safeguard:train:1746,0.12647185923012016,0.09039065570519345,-0.07779966156169484,0.3601016673499195,0.22495641505135264,0.029196441754804545,0.0193172351004845,-0.0339571674463768,0.0306057588873161,0.04062544439008282
safeguard:train:1754,0.27360450247329837,0.23864264816426473,-0.30547714343106286,-0.04398035150447388,-0.06500279513344034,0.21316408082633767,0.3226213550054302,-0.007764990835487279,0.03923890623003082,-0.2051846810988017
safeguard:train:1772,0.20213980683362062,0.28137420383315664,0.0446639562313175,-0.026311102839601877,-0.027490152893289686,-0.13479611127625202,0.04686529959632511,-0.1810356287733585,0.09233978034261855,-0.08187649033675645
safeguard:train:1776,0.13535564257534233,0.0867176491441768,-0.07491629095366696,0.325778401874945,0.20171678769481619,0.026188224076340354,-0.019005907544341318,0.011386308962368082,0.025451196278294248,-0.03917810113128997
safeguard:train:1777,0.15921120974183214,-0.07682817331754006,0.03333331834776961,-0.17161003814012754,0.21977587398761556,0.02191875385381427,0.021079072312306324,0.00010605407563378036,-0.009498717217799248,-0.0012486441403096924
safeguard:train:1779,0.14637977511613537,0.1008329890431496,-0.08759698919762388,0.46306921983078664,0.2968211167090596,0.016396836294109398,-0.023053589970934433,-0.004671470863696503,0.03086509072351439,0.00462981638468343
safeguard:train:1790,0.16331363569118085,0.16353710638137853,0.1920935032788705,-0.0346973662517378,-0.07794486827069859,0.10493591846980496,0.0707033007799099,0.04915883435428624,-0.015045477708301357,0.017088610180089135
safeguard:train:1800,0.19350609757711545,0.05109128164265776,-0.029053757356984487,0.012553729350342421,0.025511828280076608,-0.07983173082640553,-0.08837930212651511,-0.10080499918939821,0.0200157411818795,-0.0297405839020365
safeguard:train:1802,0.1691737808573351,0.28063188400800115,0.2587544890189772,0.03446443375567979,-0.019188739019056288,-0.027777172226280466,0.11127404727538245,0.19742074804579252,-0.08596160810422122,0.07057898558499923
safeguard:train:1812,0.3125671658322218,0.03942152250734202,-0.1708586786074047,-0.033093851429370685,-0.045900064216905935,-0.018178084537985972,-0.09409569621179692,-0.045210831405519444,-0.019407302972993402,0.15654057128211793
safeguard:train:1815,0.229215152402362,0.10541886016406864,-0.2658547663134709,-0.054192519576676666,-0.061964538254618944,0.16565531286382323,0.05341960605497357,0.1275367768723472,-0.023387151152974055,-0.03339282488456606
safeguard:train:1817,0.1844943591308327,0.0740340076454752,-0.05547554709754342,-0.009534499948923107,-0.0018165570792818748,-0.14088466723261925,-0.07991784261544488,-0.002112763059549814,-0.0002396067153170062,0.004073622295043182
safeguard:train:1825,0.307132436944794,-0.19549611559989558,-0.00029704847025445035,0.023998484912105638,-0.05772121617688617,-0.05276456017411661,0.01998393932948262,0.043315115831439974,0.06005600968684844,0.014785618389295303
safeguard:train:1829,0.19531084430741458,0.06630544619410433,0.061928184855191554,-0.02391364022067408,-0.027846699125405435,-0.017142163002689878,-0.028238279074872984,-0.028424539932417846,-0.049194777162976856,0.0011290132212118504
safeguard:train:1834,0.14140475067562513,-0.06001550592611362,0.044657657631603426,-0.24124233503067352,0.3396607827904567,0.014574441580652098,0.027183174725236306,0.010075638750391832,0.007017522896716598,0.0028551615597374853
safeguard:train:1838,0.18125139430360862,-0.045887664908894545,-0.032685117959330746,-0.09036168921928421,0.07387706793878909,0.004739839186630113,0.027919008643814344,-0.01926936819023522,0.007562119627543861,-0.008733167620946353
safeguard:train:1842,0.19375164184215427,0.1954122620534381,-0.004044442567029173,-0.016860414379954582,0.019900750925009234,-0.08686566846620154,0.009558399398380778,-0.1710380808140919,0.07914858160728062,-0.05142672378333062
safeguard:train:1843,0.09932269420096816,-0.06260209869023732,0.011909836877619904,-0.02266361615802972,-0.00605938927449555,0.016004620255777223,-0.004275579493033621,-0.005737218776768653,-0.021239681138356923,-0.032989746329604386
safeguard:train:1845,0.11396734404171001,-0.008212326551279884,0.03813712727593087,-0.13720363595918403,0.21943085251440153,0.025655512748381664,-0.0015902882012298035,0.009102960766431297,6.204904588016428e-05,0.03309897889894348
safeguard:train:1848,0.23701265494253596,0.29933552857281537,-0.41377881863063837,-0.1287020091160361,-0.038661513837384594,0.14027383640084523,-0.1036020435130544,0.04763672754793116,0.03151847876373776,-0.02673426219553722
safeguard:train:1849,0.3866537434656947,-0.17220382705279597,-0.020132907349278684,0.15255417942913907,-0.007289183120717321,-0.03942942644119715,-0.03797467900288332,-0.02689046519186945,-0.06435874439545577,0.04866508261732372
safeguard:train:1850,0.18569101301396276,0.27202503840171166,0.20319011782901902,0.07735141167562512,-0.03415030109734558,0.09669518741853982,0.300849588450927,-0.15932983725770733,0.09601330689961157,0.05790889106092089
safeguard:train:1851,0.09843529164044015,0.08922137045872945,-0.1560040059958077,-0.04417521290464998,-0.02778815728378841,0.06348707005964589,-0.0014400853728356799,0.00849691648189978,-0.007164519038438416,0.0723175480958264
safeguard:train:1854,0.10555005392831034,-0.0626353378711338,0.023393302487864448,-0.13232994535306133,0.16484608580058857,0.02504337223323798,0.024407172401179445,0.003647433374133022,-0.000529183366458123,0.005257405856039807
safeguard:train:1874,0.08903279969509974,0.026101283449875872,-0.05928736989473714,0.0961304031907414,0.046118656546480445,0.0021067591360884575,-0.003883961194889287,-0.014426241512649738,-0.005107391317279335,0.01632546775108576
safeguard:train:1878,0.15842075083887971,0.14502651031169886,-0.2015085730436064,-0.02981473339263239,-0.003941235958079084,-0.0065683836047982815,-0.13899514194277215,-0.0046042355633119335,0.008267761538511926,0.07133011065581428
safeguard:train:1879,0.3859264510798116,-0.15244275188132217,0.04499883846406165,-0.020560794792507543,-0.050047180229835855,-0.019395983584299815,0.036869003981087604,0.00936841055870042,-0.014957097520694759,-0.047581081205846594
safeguard:train:1882,0.18898603585325216,0.09950983248819753,-0.041934935999761426,0.3714378199004479,0.19420203653587087,0.0052090939162711845,0.13251373763651172,-0.1324542024524134,0.06245129895113258,-0.0070600088391968956
safeguard:train:1886,0.21085168071349358,0.021737738348030798,0.012935917716501107,0.07882622991890227,-0.012005725833971402,-0.01633929443777591,0.04738179053521498,-0.05528618811410225,-0.020459638745254662,0.031861689189833495
safeguard:train:1887,0.2022894989842189,0.24366451383358473,-0.2397532981799078,-0.1053527880977238,-0.04114398636238876,-0.07688226650584433,-0.1737383671570206,0.011122999175586522,-0.00962896929589871,0.05808484679225867
safeguard:train:189,0.1881416927084797,0.09989985377233018,-0.14711667755666483,0.0841069937456503,-0.004302985469368835,0.10794863438738629,0.19265882773501264,-0.09935804927479873,0.04347828862145871,0.10834448881186995
safeguard:train:1892,0.2247022087648014,0.33121526555110736,0.254335658000478,0.12372470997171202,-0.02337037099815146,0.06433660725100877,0.3848793125608238,-0.23039384993526396,0.12696195703174806,0.04315517376781793
safeguard:train:1895,0.1412198387350651,-0.08226251517963289,-0.005121270704554666,-0.010674006639374104,-0.015226971101285283,-0.015984978992679567,0.00016526209196923052,0.011206721883275338,-0.008609425896943294,-0.010547161628110317
safeguard:train:1903,0.3244903283712191,-0.14765298262269905,-0.006917177511964072,0.010042332708422206,-0.027700399623008406,-0.006753255686667565,-0.0015240709464703383,-0.012248708899840605,-0.038729683096143816,-0.015262494476575982
safeguard:train:1911,0.11989328381312772,0.009600625826490152,0.010931137705511414,-0.0229645665170641,-0.018773146969028147,-0.06991035873146677,0.0008768797088422812,-0.025792546028266434,-0.010950245991278735,-0.03874854658818035
safeguard:train:1912,0.17512276001359095,-0.06962320222865687,0.03949119491052152,-0.27590472630277224,0.4176476088795126,0.012165292941634216,0.06306985906260933,0.008465820581987598,-0.011868658243338485,0.02848045959780858
safeguard:train:1914,0.5874176982836476,-0.34883879946635654,0.02040938486216527,0.06991930117983401,-0.10732191169297749,-0.06408152177945846,-0.0030398435984505525,-0.013170870832022468,-0.13080371196146623,0.03659594610806611
safeguard:train:193,0.24422580275595196,0.1425626441605406,0.03371831854692216,0.19508434944156278,0.10196567034409447,-0.06595531490807656,-0.12394811330755424,-0.03727723541539978,0.023603556842064395,-0.02132048168670016
safeguard:train:1930,0.1836085577790953,0.1049927961147504,-0.11694569825375353,0.10803184477105139,0.08126419325090067,-0.06215603789838205,-0.13026405098173197,-0.056063196505027224,0.02662909794725226,0.035856316851769814
safeguard:train:1933,0.12914441059001142,-0.06699426391770161,0.03333018035363116,-0.14684930764023568,0.18237754279138985,0.011643086393934772,0.01810508995123927,0.004246307165509206,0.006418427106702661,-0.0105148314334094
safeguard:train:1936,0.150458763225657,-0.0545343535775031,-0.014543971792470129,-0.15793324537787978,0.16263334814700006,0.064193521059879,0.05159241732505707,0.027138417049588377,0.003634716136219264,-0.04775708050106544
safeguard:train:1944,0.24386602658901455,-0.1216234452014783,0.006429232772885687,-0.02702024059268856,-0.01425400158254517,0.014951969411830482,-0.005788291420621586,-0.015577511469146195,-0.026284022117809152,-0.05211975244773698
safeguard:train:1948,0.19358403072509303,0.25639864956792596,-0.31036472481682525,-0.06122938497646953,-0.015334015271241395,0.0439554111452138,-0.11704270704532736,0.04508853458513659,0.02404814746869919,0.009101402963988271
safeguard:train:1949,0.11316626020109483,-0.05618060157117383,0.02519683358535886,-0.1567155908867566,0.21656093854191077,0.00561242022516339,0.026251996673178575,-0.0006188872294407467,-0.00107776537800154,0.00507175697039592
safeguard:train:1952,0.13130700512878563,-0.049196231674558936,0.04900125094349191,-0.23915942739305027,0.40661299255258243,0.021076899305441363,0.023408543604940223,0.010868098225868908,-0.00823550421142549,0.02203382381775879
safeguard:train:1955,0.2897859861271865,-0.15035046819618933,0.015331829659868025,0.003741019833177943,-0.028030785041748555,-0.013091585343049246,-0.003877917526641089,-0.0044945449225244774,-0.03774035726366383,-0.006285972367905247
safeguard:train:1958,0.21556667800261028,0.07727422480148684,0.07650027662344898,-0.01058203176417785,0.01047062822800845,-0.025187004561756723,-0.06661127527435293,-0.03329852711805544,0.0535716687756859,0.014861314528966139
safeguard:train:1959,0.18327849880921385,0.06272434334961186,-0.04117725755712146,-0.03716530955747788,-0.0036159821587805623,-0.04341082598015903,-0.0598796897616556,-0.06577952052501762,-0.0019536443129132245,-0.01169358705250075
safeguard:train:1966,0.12093952428180586,0.10014813954528413,-0.007483197929442725,0.19719108592374482,0.14627781879605078,-0.10271889419399316,-0.03562310489639743,0.16648089925041532,-0.09519025716072545,0.05371790697820399
safeguard:train:1970,0.16090615316592483,0.12090403752107796,-0.08430568160420697,0.1251949644399443,0.08877475413424904,-0.05403332316279629,-0.11751714021219806,-0.03673613532071974,0.03366044534762212,-0.031797809760438285
safeguard:train:1974,0.2817711345817084,0.28909671077583027,-0.4546555704064408,-0.12994619527857992,-0.06832711291059829,0.2717847001148044,-0.021704393980767404,0.2012143462548666,-0.01683512006934167,-0.25319454816202785
safeguard:train:1978,0.1666073649659899,0.23057067789123056,0.12460497705428814,-0.017440115762360917,-0.011202164170885836,-0.17940222938439326,0.10860340946469103,0.26273969332148756,-0.17509620441791496,0.07061251074504633
safeguard:train:1979,0.25484939833857434,-0.1326568548629754,-0.037219520105429456,-0.0022182506011581378,-0.047734293518962245,-0.02942283171827771,0.02081063793597329,0.0012695456951176444,-0.021013305593155857,-0.045244531748946576
safeguard:train:1985,0.17213842185180875,0.18961433835621874,-0.1016736226427477,-0.0668872047653641,0.024295309209826244,-0.1537169900500172,-0.15734221555140665,-0.17280963686403195,0.07469487521966309,0.021718892382262454
safeguard:train:199,0.24244701875916172,0.3002705236952072,-0.331909440556685,-0.015805297864332636,-0.05368212579782705,0.19322528323269855,0.30178397574967136,0.009126976510670418,0.011786125449487051,-0.07231418014542049
safeguard:train:1994,0.08640066875108175,0.08183777467373499,0.02235258710789209,-0.03495121597428253,-0.02818051720914844,-0.056219630477100206,0.03020793200045666,-0.01890948476644835,-0.0003904936986463489,-0.04551177382573175
safeguard:train:1996,0.20220989878859152,0.040492310707152576,-0.11758590944102089,-0.009491616890849696,-0.03451179144573355,0.020067347474752358,0.06297340272964458,-0.007712860322492859,-0.030372597954855994,0.09992646722269057
safeguard:train:1997,0.15930446980004045,-0.06204400763306816,0.04852567721967225,-0.28842435746904244,0.4384640827194249,0.012985083446315349,0.049151259874918495,0.01618210292356758,-0.0006776830586323544,0.024169010871966743
safeguard:train:1999,0.14158461721856033,-0.04850878456341555,0.04224992013015901,-0.2715537142473684,0.41429285096988144,0.018978503403497077,0.04675038839847812,0.006796426564927291,-0.0008985740698977628,0.021405375255861853
safeguard:train:2001,0.38716979101714344,-0.20246188887867592,0.01304717741519223,-0.0032417336409342004,-0.08711396574148259,-0.04391399302257028,0.019729309128752145,-0.029000865255701707,-0.09574803734411243,-0.04235122095207655
safeguard:train:2004,0.3600548717211841,-0.20993402054857124,-0.018336233185521175,-0.028806957899992436,-0.035400353476208846,-0.05660595138180857,0.02321283246224355,-0.0036594930193903463,-0.017789456279544532,-0.07457214058598466
safeguard:train:2007,0.07727595201746086,0.07823574735808857,-0.10973175950541623,-0.032392559017653234,-0.03170868845728815,0.004732751138723415,-0.035908578212282154,0.035303377817663836,-0.037383789819172834,0.085519150852517
safeguard:train:2009,0.5292301239620054,-0.31639410411027696,0.009237934970542738,0.06323711236818706,-0.07209783330564049,-0.050848805045307525,-0.01156073751768937,-0.0014917087683884627,-0.09465660224051299,0.04697333094937397
safeguard:train:201,0.1647906361055198,0.31227213606231846,0.28245206756786084,-0.014246231297473513,-0.043234733657308774,-0.10600581709339131,0.14750245646455312,0.2782719711535907,-0.13867528694809886,0.08099460629406978
safeguard:train:2010,0.35125475553514973,-0.15310103389588012,-0.007281953999105545,0.10489907355011771,-0.007820633359294669,-0.03307264641454717,-0.03128030507582277,-0.008055186356462926,-0.04663494531452759,0.0342876971063291
safeguard:train:2011,0.11576270856939672,-0.04529273631778485,0.015580688669564602,-0.05141361507857044,0.055040709900919076,0.00983416347618108,-0.0038653746756067064,-0.008349282672242993,-0.018994304961917577,-0.0304922675746056
safeguard:train:2015,0.28604140974650494,-0.15028331257415628,-0.015188146581962075,-0.0006468149318266538,-0.03185044316343482,-0.019344485954608505,0.0023919396792508583,0.005832304320359366,-0.051297988192976186,-0.021368801014140494
safeguard:train:2019,0.1979329478080752,0.21290611316953081,0.017102575130356082,-0.004045906496988802,0.0023605544139739462,-0.1930429208162232,-0.09492900386594733,-0.046169674504020056,0.013483428762947211,-0.04382268641479682
safeguard:train:2031,0.16585788554979577,0.13347423407282263,0.08401100066652034,0.10797017337033908,0.06331086323014178,0.02789964877713294,0.1683335416177033,-0.17236387624099114,0.09756365687191804,-0.01670769092992536
safeguard:train:2032,0.14256137573956856,0.11208274218050064,0.03245929960216532,-0.01089748586526796,-0.026443994758527503,-0.03983479788509448,0.16077833972587177,-0.16421475308837138,0.03346107925995392,-0.007221257032747665
safeguard:train:2037,0.1131351920213808,-0.04408875046679655,0.027993039517757293,-0.14396004148835648,0.23835578551143963,-0.0091215325628136,0.012031245830369562,-0.015318605651432662,0.0025491272196406446,-0.0032568251886049616
safeguard:train:2040,0.1251300923824146,0.08439578200336607,-0.03492749421630283,0.27631325429111964,0.18506998845619596,-0.0431421424249531,-0.04693698252440063,0.14370785908658593,-0.05471097600422818,-0.002578527496101733
safeguard:train:2044,0.13234912244834043,-0.03549020795397662,0.025138561966445934,-0.19040975165158025,0.26309177237573533,0.001935128420921366,0.028315021601988746,-0.010772886504623214,0.017523149747353233,-0.000899959929663231
safeguard:train:2047,0.1918490992662657,0.2301350832520916,0.130902393912709,0.06201129934842144,-0.020106892637613765,0.11291429087219135,0.26101837330909056,-0.14802853494533078,0.076750077850005,0.0669285700736538
safeguard:train:2050,0.13727604329020748,-0.013962368066750847,-0.0016519959782817734,-0.16265152508020614,0.1871286857707794,-0.004114625569599747,0.0015128074087735754,0.019423839051969895,-0.02784316268432142,0.005944401561768103
safeguard:train:2053,0.1973362744096429,0.36333323726240785,0.05593402262771348,0.02271997650782033,0.04838373913133725,-0.3116301365122143,-0.1589993820181134,-0.07308888924256972,0.0455620697730766,-0.15591444490687167
safeguard:train:2057,0.0731201087476002,0.08414487029351068,-0.1267237093512249,-0.03842525863613819,-0.025757745125024815,-0.0003234592022708519,-0.06821846177750943,-0.021237265695638125,-0.030305405812124847,0.1783250896152097
safeguard:train:2059,0.13361330425177498,0.25932824806682336,0.22177667911990603,-0.015982415400510354,-0.054035108888902124,-0.12293784681666087,0.06088364513252821,0.11233769030506782,-0.0703768528347481,0.014903104796640709
safeguard:train:2060,0.4873727509962668,-0.23377197201204833,-0.010943890556200228,0.005984091796449546,-0.05736548102004355,-0.038554022966041906,-0.0016445710931735581,-0.012496808632718962,-0.03247855272689059,-0.016095545623304047
safeguard:train:2070,0.22475674525313283,0.12831522184410757,-0.048797037402513364,0.03847659553155408,0.02223333971870724,-0.11769634336740013,0.005005412220525835,-0.13494393069666755,0.04918374535784859,-0.014373202910624855
safeguard:train:2072,0.22136008900994958,0.18603158817624843,-0.3223558001451564,0.03519300502555377,-6.617056355520131e-05,0.3474174777788873,0.16093255287743644,0.1777209694899239,-0.015966130062757426,-0.22122934872052427
safeguard:train:2075,0.2281677370219076,0.2980112726359173,-0.02818081887503503,-0.07321504207481204,-0.026349524620716897,-0.2737852117525583,0.032085786614751366,-0.2605301182658246,0.11033219107504898,-0.16096238270292124
safeguard:train:2077,0.1911777680546379,-0.09142322986653671,-0.013458747306921865,0.03403942148554146,0.01192116576059565,-0.014012392636435812,-0.004022042448250372,0.00013585743646672493,-0.01041825089032016,0.0361049141375996
safeguard:train:2085,0.1841839913049599,0.24579803960089291,-0.22632576093029003,-0.09869585472787715,-0.030997134196543773,-0.06946053793021255,-0.17564897420824713,0.013485767921146547,-0.0017776630840103365,0.06396455240817059
safeguard:train:2088,0.1841580398069825,0.09883796270015863,-0.10105344174377676,0.043833690515045896,0.019025212611457218,-0.13023887630784284,-0.17056368050761853,-0.04816600376503386,-0.007845687493140668,0.029365153528368382
safeguard:train:2096,0.30555566736277956,-0.197299662981146,-0.0026296888527733964,0.024486841270968226,-0.058300745426350206,-0.0521242075805364,0.01986656555307039,0.045317783469877804,0.0620518198620529,0.013827494741229795
safeguard:train:2097,0.2187730509552761,-0.03664767290061148,-0.044747005367188786,-0.009267635421544127,-0.022964692504153367,-0.030423833830623605,0.003378526201062885,-0.02060018694848058,-0.0368531127314797,-0.019165713541700376
safeguard:train:21,0.19763620619695596,-0.0341838681887604,-0.11125173220637105,-0.002368565618084312,-0.04009379358892424,0.011467397552778936,-0.040010590239434166,-0.02230965087942276,-0.07303122860974076,0.41555522914484805
safeguard:train:2100,0.10913785549393855,0.12544800114847765,-0.011847897447826721,0.01309010666021082,0.017221451794935904,-0.10349365114643279,0.05413800190318236,0.0717374471560424,-0.06950888488621784,0.06451254121035835
safeguard:train:2104,0.21570167366682716,0.20991565437307205,-0.07807911491638383,-0.036131637073616045,-0.015193949766603385,-0.24799071707214784,-0.12841860635817184,-0.14046588633481322,0.03346651575572568,-0.02156006105413736
safeguard:train:2108,0.17657660488660532,-0.025395246904892296,-0.007166546551034458,-0.0076959400100970144,-0.03217944313154036,-0.03171770780683305,-0.02693699519582715,-0.06350307789155882,-0.01041183404513247,-0.010523653719042264
safeguard:train:211,0.1612968999746241,0.17746522728354863,-0.1352035784813217,-0.06484826261225035,-0.04499649378063191,-0.01789581100296301,0.040908914119350104,0.07881222079833702,-0.0499689515962968,0.053513547005857136
safeguard:train:2110,0.14594193872682967,-0.07490191827707907,-0.0021123716963520923,0.024515032392220172,-0.0250222705765437,-0.02312128159252859,0.018914161686448397,-0.02142613599348771,-0.006757850860428401,-0.01126548649493182
safeguard:train:2123,0.15782211621310335,-0.00783314582287613,-0.08118547090170034,-0.002016065231380043,-0.03891410393519369,0.05339317120126882,-0.0017387082178652682,0.013393403440476261,-0.053143939578450226,0.10317674830408818
safeguard:train:2130,0.18418416101880275,0.07619152745135217,-0.0570308887922116,-0.02192176050364475,0.030677105935289554,-0.032414038541851445,-0.046413588456368116,-0.05466180842993396,0.013691260565204984,0.0165325711977367
safeguard:train:2131,0.25603131816433067,0.3062782680949146,0.0265283684648903,-0.12512575911986326,-0.004299081750045175,-0.20736452477886588,-0.1659460301880635,-0.17374586431482733,0.10042394418289817,-0.13148632982149322
safeguard:train:2132,0.08782809545567362,0.057290835447110305,-0.09908856945217726,-0.03156547125007005,-0.029464266598532674,1.4932669326763012e-05,0.019614438916264767,-0.033347810140888424,-0.002680326859678811,0.05728487458060809
safeguard:train:2134,0.293308732781071,-0.12287330762864443,0.022296394222704692,0.05524132412465187,-0.022439880547895995,-0.0031625582419897193,-0.020304678932234352,-0.0001489793787722425,-0.06583781398237798,0.002866827078394667
safeguard:train:2138,0.14850730935475193,0.005015949406383244,-0.037773137460981605,-0.09452477167325388,0.14934625272849567,-0.012904511469642978,-0.009462058163845408,-0.04526795098439594,0.00355892076061747,0.07001541046903237
safeguard:train:2139,0.18641301007660258,0.20725825503360706,0.06738269979234825,-0.016902962942266463,-0.040456751170519355,-0.12106480291872788,0.09519783558477267,-0.055325812298419735,-0.019900178745211956,0.01441561759782117
safeguard:train:214,0.22941976771642672,-0.06722843961600286,0.016223153681543485,0.0013028979063103917,-0.03649910795557998,0.019854329281894425,0.018105825450944225,-0.01694456448056379,-0.005998406299497743,-0.023647400456651462
safeguard:train:2140,0.1332068156581674,0.20299490370120105,0.022844212984962396,-0.051165385447657134,-0.013061235733623102,-0.13331776126108152,-0.07275873020947614,-0.07284567444511857,0.03338904015144791,-0.021998698873975413
safeguard:train:2147,0.17023841009526583,0.17745013710039992,-0.07047033736881846,-0.03839423291674388,-0.01317947784672488,-0.20297101541455567,-0.14614452887344753,-0.09104115459529799,0.017631239672937955,-0.0017340772704672303
safeguard:train:215,0.23931463777785933,0.2182372526897671,-0.35907945622587295,-0.1310487519966601,-0.09232989033121901,0.17360039371650504,0.020386985848692495,0.164255219730821,-0.03819359467163047,-0.15178490557494734
safeguard:train:2151,0.1358730359164103,0.10589182163598125,-0.07855807474405088,0.15652529301952472,0.12139499752114515,-0.051112172195570876,-0.16561887467131395,-0.005974822353888971,0.02355003926572464,-0.03802370402193214
safeguard:train:2153,0.23348969052396493,0.13397216214743446,0.07796848644041966,0.015928773206223597,-0.018761816183684533,-0.0837104489184492,-0.07623484123655905,-0.038582684293176406,0.03418555228909971,0.007648103837177919
safeguard:train:2154,0.2034883454681615,0.18269701966537674,-0.20642629337533688,-0.07074238748285405,-0.03388660221839423,-0.06745416507896404,-0.18482043678212381,-0.021840435470672367,0.0007022151072284514,0.0626711879104219
safeguard:train:217,0.11817458204551064,-0.042883113944767744,0.02205096088295382,-0.11488514480090899,0.1876310915855709,-0.0018263083033827553,0.023937207175198552,-0.0019870348677372557,-0.01618738446953595,0.0028907807749137945
safeguard:train:2172,0.14467975680988174,0.0601770426568539,-0.13777676777115233,-0.03182225799138893,-0.039944591987385446,0.07895732334238019,0.057296206992151336,0.02809447574521078,-0.03690021497864911,0.07005648040129478
safeguard:train:2181,0.13344312390257437,-0.09699186775493437,0.012191442114753462,-0.012553860430315615,-0.025394992578645834,-0.02646212540063907,0.018961169353000837,0.011978658286706696,0.004926900205036072,-0.026835083395848017
safeguard:train:2182,0.15686979009194205,0.0965380271891185,-0.04567110075821738,0.3706660853259674,0.20756962271567492,0.019027597740825276,0.14444229485519783,-0.1201341275974683,0.07135854131282265,-0.04312580415219376
safeguard:train:2185,0.1352329157921778,-0.044889271324879666,0.0502008805160224,-0.2622435254930472,0.4414595066874353,0.00641485684992217,0.038132022585604865,0.01963271115303501,-0.012093743373331177,0.02048979810141288
safeguard:train:2187,0.114198154317797,-0.03006752975753058,0.0376559971956517,-0.2000779394784568,0.34543431772150285,0.002920249462890535,0.012029455065202343,-0.01950112048857557,0.004432996440709741,0.006460097229950683
safeguard:train:2188,0.19520119420051915,-0.09873612522261942,-0.017274184157491716,0.03486531706577685,-0.027184070525366248,-0.03180679305128388,0.006552605110055008,0.061585085041726564,0.12410153361799474,0.047024067078770514
safeguard:train:219,0.18008570035507254,-0.023614535849649208,0.006184911791149635,0.054100729965758806,0.004296782886730646,-0.05675435606762936,-0.03342409741424399,-0.04582593566896097,-0.02760349910071496,-0.0038052192756646433
safeguard:train:2192,0.21278363293342756,0.21752383244279003,0.19095699319978107,-0.02608610357710594,-0.0793570060471888,-0.09417861586801846,0.09743335572754619,0.06707626251026527,-0.06853353443700731,0.03858731588410447
safeguard:train:2197,0.12794915088753556,-0.03174401537623893,0.0330324680043994,-0.1695851924855551,0.2735836887476359,-0.024832574428661887,0.009692351066293622,-0.023185032153673544,0.02141101617587909,-0.011778689523299773
safeguard:train:220,0.18880826795808686,-0.09612167811668605,-0.013846221128623947,0.04696274839586503,-0.0072111192330932715,-0.023937862337131098,-0.008058077738171186,-0.0170282877249449,-0.021088543852729034,0.0008850313485360396
safeguard:train:2201,0.20179708673913369,0.2982345233774271,0.1750393752085908,0.08074012260810869,-0.03082630729912495,0.01589426289863437,0.37831297432274624,-0.21553241915615,0.10121363541632428,0.027024730877545543
safeguard:train:221,0.15440337580284552,0.10218893843501715,-0.06562202003709547,0.5309984876957258,0.3316476007352841,0.04245409649934579,-0.018062557278456955,0.028944544842509995,0.0361573997157695,-0.08971635791835264
safeguard:train:2213,0.2593115932599103,0.3031859074752563,0.11552009589484696,-0.030666799726602217,-0.041785503189876894,-0.25498828692011716,-0.12074187671167141,-0.11079627655321071,0.06008446586182664,-0.07859673321362069
safeguard:train:2218,0.14057344875998598,0.005984753283304116,-0.08151853001802441,0.023793238611887424,-0.02068012316977536,-0.013866337193212048,0.002449873012027758,0.028297339263412845,-0.04194960346329222,0.17316928474011234
safeguard:train:2219,0.22053778373164187,0.2411595943873861,-0.3153386152140525,-0.07075627290044836,-0.03123200492251032,0.06573290930601876,-0.08099235250854506,0.006044251194439305,0.03738952381986947,0.08051931319555061
safeguard:train:2223,0.17178490915217035,-0.089956110997381,-0.013134511642457615,-0.02501888793589907,-0.023958551227819508,-0.030531261084792333,0.019859395400602137,0.01342773973747709,0.028292067193897374,-0.016239254292220395
safeguard:train:2232,0.2538286597427508,-0.13456597655279065,0.010908940022006658,-0.028512802537205454,-0.00790533917879739,0.007834526512023656,0.00732862580503962,-0.009372687074956082,-0.023703026730097835,-0.02459365655892477
safeguard:train:2239,0.16722904721626314,-0.0036485598289631572,-0.021053773941025474,0.09321164540293501,0.020040550573987268,-0.019170608603583817,-0.028179812818176497,-0.0006170357684693677,0.012854741033291156,0.080402060470494
safeguard:train:2251,0.1789871626949302,0.08277712480351242,0.014488158079147547,0.07423449533167661,0.04628586308368638,-0.139015389849036,0.021060660761425522,0.09367802493147966,-0.08604896451364841,-0.015186650082729345
safeguard:train:2253,0.22956135048791318,0.19129716193982352,-0.34512092231011554,0.010762678393256024,-0.017372870685064407,0.3159899416600381,0.12555098775476764,0.1697315193938181,-0.03325026879999587,-0.15654804924284782
safeguard:train:2266,0.2217831109952464,0.18607530152905516,-0.3979932596895295,-0.1227991785777948,-0.09154292872391545,0.315622353431448,0.07860360086789284,0.16713859045960405,-0.038005071415025175,-0.11633048092623757
safeguard:train:2268,0.41648504213031606,-0.209617861267051,0.020405833292738637,0.03979401928125805,-0.04036827295561711,0.003279741854740694,-0.023483691984259814,-0.018801016581685728,-0.06475726718011718,-0.017237664107330793
safeguard:train:2273,0.15316539735650453,-0.0853761970255806,0.0026399007377394495,0.03507929390800858,-0.003048879053702165,-0.028667212638839704,-0.01694185094286626,-0.0025952760876243146,-0.007514954222251815,0.01649521716441713
safeguard:train:2275,0.24117415576943982,0.4435114479115932,0.32420920028555367,-0.022230599801619306,-0.05162534694117259,-0.13792189589050372,0.10006660317241708,0.3823723261519168,-0.20486487981879647,0.14754743522670796
safeguard:train:2281,0.11299815781401028,-0.04835049072340885,0.03773710217385472,-0.18227525358232707,0.3101314047419801,0.01345886448934881,0.020805094002356042,0.0077356250892026785,-0.01617524451614277,0.02470622314187551
safeguard:train:2282,0.21756367370427634,0.23921670439137876,0.09317026955508768,-0.09196443695420647,0.018563602418268862,-0.16480357135370233,-0.11568291518694258,-0.09797375333793826,0.036732603704591436,-0.08739689202218613
safeguard:train:23,0.14273844281668457,0.07020834485605076,-0.18304403657440868,-0.019353165761491042,-0.028549126871661425,0.03857479215800788,-0.023914452829146948,-0.04890587974299705,-0.022807693253500738,0.28240109220543924
safeguard:train:2300,0.1695371028322623,0.1257251725535073,-0.22991461686051382,0.06497865638193079,0.011708661011462194,0.10353192488513935,0.045689134490674674,-0.059680269828845306,-0.014839927598074261,0.4285818440953159
safeguard:train:2306,0.20736091389367642,-0.13725254018974503,-0.021994547062639473,-0.014804303297570461,-0.04979629842498374,-0.04906483594795208,0.04058042625180556,0.00013752484824281944,-0.006210739446945753,-0.07748940928079963
safeguard:train:2307,0.16972482354933996,-0.034827769749869876,-0.03784565301752622,0.11218820853620273,0.054507888724447735,-0.03432101572574564,-0.05154527077194127,-0.006474521377242963,-0.008684195569611806,-0.0029044944768435344
safeguard:train:231,0.1192212988431906,0.052424625785884776,0.0074963565996546125,0.010990093173147433,0.02028504395087978,-0.07696905186589972,0.04309029653253298,0.10547730262147677,-0.09863566547777557,0.008128508502844908
safeguard:train:2312,0.1372691572633387,-6.262587398479943e-05,-0.016166662730332258,-0.025415422376301625,0.005292051801126469,-0.015496032257015097,-0.016861531890618744,-0.03435698339945079,0.0012971837913107252,-0.02935376104082737
safeguard:train:2316,0.1370921894269844,0.1509226537995206,-0.19809444850969402,0.03151989271750198,0.009982738029089857,0.09781055928270262,0.06423051366585941,-0.00198620338379122,-0.005305104888101863,0.18056302364087623
safeguard:train:2321,0.25875227567810183,0.42041594642200053,0.23441523275647858,0.06283348306115404,-0.06255462004466808,0.007211434979567933,0.4470812686177275,-0.10128725144058431,0.04684531027711927,0.057260101398412734
safeguard:train:2324,0.3754390146914252,-0.17035402831217553,-0.02216145769441263,0.0352347240726832,-0.029057416950364623,-0.021538115998806943,-0.00942659889442285,-0.0141428909216064,-0.03225179771551009,0.025179154102684433
safeguard:train:2340,0.48669753584612196,-0.23296762513707053,-0.022886347253044656,-0.018555564761730203,-0.06438124882151448,-0.005929655262124314,0.04093850047114166,-0.041539831061842544,-0.04383071714695854,-0.050300826792100364
safeguard:train:2344,0.29679309402254705,0.47498532370136204,0.17082618090819268,-0.1266850247550184,-0.07460799578128559,-0.3089717341909262,-0.1796699102739248,-0.12624757528356328,0.0866596094158062,-0.17771805639571317
safeguard:train:2345,0.21125757050394994,0.3058517592093126,-0.3235590844338008,-0.1384708173585854,-0.057021071700402264,0.004249603910882097,-0.14344449587199393,0.08991940247684836,-0.013262881096541031,-0.06473585728378733
safeguard:train:2354,0.3897601242263539,-0.25960673719464766,0.0035078436732042372,0.06133044315919291,-0.10548460414677069,-0.07368334019609887,0.03959893378799045,-0.04184786818964482,-0.20270165413791671,-0.025955136764381263
safeguard:train:2361,0.17953699743988402,0.20574243595072822,-0.2083375179777337,-0.08653017442772691,-0.035668264240542195,-0.048904516028593054,-0.13331450013650367,0.009552043592604384,0.0003166346354386546,0.056761424376935404
safeguard:train:2362,0.10421256892932489,0.10383990734326036,0.14046941616693354,0.0052876282272835435,-0.00608274677105431,0.04397254162840608,-0.0223561736566199,-0.009378307529177732,-0.006863322304601889,-0.019445419512332168
safeguard:train:2367,0.13839361850207818,0.0939520497948179,-0.03270739489003001,0.3585700974018467,0.24588686812551433,-0.05061432267278179,-0.0690414471735884,0.20815025382473784,-0.07368665870246671,-0.05572647372632822
safeguard:train:2370,0.34130937493717795,-0.18326746556394746,-0.019468120436204526,0.0061063602832643225,-0.03181559650486306,-0.01520571470842902,0.010555602162374394,-0.004367750833067026,-0.03520934602177091,-0.009701949186036694
safeguard:train:2374,0.3433281633472486,-0.20260300528515846,0.008599504472664027,-0.004978251015008827,-0.056592598536564453,-0.04508142643743321,0.01903596151424929,0.060062058468498755,0.11343361550117233,-0.010926170000703197
safeguard:train:2377,0.16926055322608,-0.07023908085936793,0.04893495483441297,-0.28631841717626794,0.3941359226985663,0.02869550488376081,0.04471853671986886,-0.007911936980345495,0.004400270475713226,-0.0016069078308452828
safeguard:train:2383,0.19627642810406318,0.2187099674685206,0.004998915896960326,-0.043902839779611486,-0.010904305607541926,-0.09776594105840701,0.011824135165768392,-0.18778759029571426,0.06935770911391026,-0.03291279981367308
safeguard:train:2384,0.41669858102848434,-0.18161438748678824,-0.029993308461837207,-0.0374139703126587,-0.05380808897846334,-0.011364883995972377,0.02196232348718133,-0.03255601782230072,-0.03388584659581196,-0.056160130167325996
safeguard:train:2386,0.14588343561575937,0.13476164813711067,-0.10503728068842103,0.20786555683680064,0.16558895838887752,-0.07965610832136542,-0.17970107340855387,-0.04223162010936809,0.04170492664308819,0.018815158545060277
safeguard:train:2388,0.1699879758959595,0.32955166828271265,0.22817575863020612,-0.037503391476295,-0.06502719064334256,-0.1524656322610678,0.06676516915057937,0.004703726953806914,-0.011139544338945519,-0.08756802779592662
safeguard:train:24,0.23839852716963564,0.2285474236728042,-0.2591707857626875,-0.1246224029881261,-0.05302028778499429,-0.015626093938208564,-0.11848452235920262,0.020362853516965183,0.003553140399863042,-0.055210315611018065
safeguard:train:2404,0.17312425945047422,0.1309615492306501,-0.25732761445920616,-0.06752509566223402,-0.06343848424636223,0.2260686812655008,0.10200733087549851,0.2409213997884669,-0.08771062769012365,-0.1893969036974218
safeguard:train:2406,0.06312291477304174,-0.01794450212853225,0.021921157255183503,-0.10310766718717175,0.14593768655912137,0.01493754484754506,0.0014353712775786128,0.009193342698958582,0.008044796906423356,0.010157661228099262
safeguard:train:2407,0.163844801873621,0.049998287885548866,-0.04182219832794089,0.2153834265500768,0.11925249843622604,0.03742532571803167,0.001835558192375265,0.008425166663309154,-0.007365906843024828,-0.03249785104977455
safeguard:train:2431,0.08297285489317555,0.0696124597197515,-0.05406237820829096,0.0037397593435032636,-0.012355705665570564,-0.0028657192717422247,0.037653190031504774,-0.06114105195820708,-0.0001626499431228506,0.10811623957944806
safeguard:train:244,0.11408622934326057,-0.0422914164567561,0.03696426251786037,-0.1843717137251901,0.31119773635230846,-0.0009426814376151739,0.02422419990356345,0.017010299562134408,-0.01768414372717259,0.011872095692172409
safeguard:train:2443,0.3883846144935209,-0.22595226529230222,0.0024968291118629606,-0.047682493941654476,-0.034502484101456246,-0.04660092268741514,0.013951322488650593,0.003289928314399122,-0.004170017226108889,-0.03964473729466522
safeguard:train:2448,0.20629744712596038,0.07668326047418585,-0.17177684453239808,0.02767193239863766,-0.023012666990014436,0.09833002116818981,0.13288101374991687,-0.016253144447335544,-0.0004915670968642531,-0.07465529463367586
safeguard:train:2449,0.17909753665215716,0.05724853959308588,-0.011285289191511073,0.013077363270771315,0.029565751801736612,-0.09914102460996517,-0.07192147884568743,-0.15273379127919928,0.04468518156124884,-0.03908279023814492
safeguard:train:2456,0.15805989028533296,-0.006580778178191353,0.05527736869246226,-0.169241913343436,0.2705914369204342,-0.05195654171787253,0.044848543724139225,0.127632132775096,-0.03847150419926665,0.025939173652769737
safeguard:train:2470,0.2149573721716686,0.31520708603267317,0.019117668300031726,-0.09439894999635356,-0.030089615798635807,-0.22985902192708824,-0.14247480870128754,-0.05672659761477217,0.024598137135442434,-0.0543558493170203
safeguard:train:2474,0.15218603123868935,0.020557332636926638,0.031323433187006,0.04784581989249083,0.03748377736383408,-0.09741096495467898,-0.052079792025823475,-0.05433786323148519,-0.0005730026683388308,-0.07226160556674799
safeguard:train:2475,0.30010025889214825,-0.14851811966119685,-6.506770590431885e-05,0.03144162476409343,-0.04060031420296209,-0.015592300762655583,0.008331539993783563,-0.02700337071585965,-0.061054721502639325,-0.02175407114177977
safeguard:train:2478,0.14284611261048705,0.009162797592546887,-0.09561601982145289,0.012018246395208708,-0.02548737207407507,-0.019457751996741043,-0.01794953602317492,-0.007358362672770816,-0.027327430407314925,0.30983594378198154
safeguard:train:2483,0.21072944153734696,0.09114078252381161,-0.1997097474179118,0.0932353847898101,0.02531812394834614,0.15550798123091958,0.03535716570485651,-0.010747139123542356,-0.04170917909166413,0.4005564908122311
safeguard:train:2485,0.1755760986871142,0.06652386842400422,-0.0829074026538013,-0.004448582167659035,0.0008138990473572397,-0.09920494229698498,-0.12622662219852968,-0.0855538836421767,0.009996951013980624,0.024140974638243065
safeguard:train:2489,0.37892141171315036,-0.2490885239391033,0.0067657024795580185,0.009769300865204349,-0.09509231338594375,-0.12960725951700297,0.04239069245564648,0.2579221265359107,0.4235661335330836,0.04836511927081843
safeguard:train:2494,0.12898269271571697,0.09085253259094997,-0.056772695020346826,0.4033681362377676,0.24433195382987485,0.06819967727628756,0.034397891036850245,0.0023548761780103375,0.03308546322575288,-0.0451211491844616
safeguard:train:2498,0.21564836730705997,0.1872651653041531,-0.3952249816437372,-0.12408330725267452,-0.08018390997414845,0.29015319758674346,0.09153838111921227,0.1336056712630875,-0.024457389849615183,-0.09475762612064449
safeguard:train:2499,0.14958566405184792,0.03763428523006352,-0.036235306366765876,0.024157706848374517,0.023125090680434203,-0.10425335185398255,-0.10321291465976355,-0.06116082478407221,0.004769441513935438,0.004370496682920783
safeguard:train:25,0.1716199332657359,0.3092416075247787,-0.04340453947075046,-0.09963524289843426,-0.018503581155270853,-0.2844995443889898,-0.14959171127995555,-0.10302171786786614,0.05281129763915815,-0.13972853422465356
safeguard:train:2502,0.12891394159910563,-0.07132432251697075,0.03406859730971838,-0.20278431683341402,0.28998050022164457,0.00342307533754996,0.037784282695191344,0.02823006911964859,0.02633714500360137,0.02432846264913104
safeguard:train:2506,0.13509458210422837,-0.06685487657580615,-0.004740285356809941,-0.004502554938349126,-0.01188632072340859,-0.009466033166672551,0.011072120740552721,-0.010121767342472736,2.906763988477486e-05,-0.002264588435029888
safeguard:train:2508,0.30351861071310604,-0.17989490209719777,0.00757843609538785,0.0009512817535633892,-0.0654354162946868,-0.01481172064632323,0.03522337148895421,-0.028784222976030425,-0.03844475209025767,-0.053059535761476
safeguard:train:2509,0.10006188384121038,-0.060368474148061124,0.017458032672970285,-0.045967861493309774,0.035570885870610774,0.02114250450884575,-0.004225217146402576,-0.00821294435189139,-0.02309306634252147,-0.0013211224643824072
safeguard:train:2514,0.22673482271810483,0.24893944911413388,0.11736290548194751,0.09397409641406293,-0.019155151925231737,0.048581447295129705,0.3733584351518534,-0.224199035882857,0.10601080530738621,0.046060366355058426
safeguard:train:2516,0.1537452048573916,0.007352046894731204,-0.04405138254501314,0.10141615973415752,0.04458597829905724,-0.03786042288324887,-0.010088383688703921,-0.050166249852786296,0.013451388161356938,-0.016423757478387126
safeguard:train:2525,0.15220519999082013,0.10210543325274633,-0.053562062345006135,0.41001223001683185,0.24087576512435666,0.004035325701994217,0.11623425754816698,-0.10899137689667589,0.07339356510585573,-0.03641481516716756
safeguard:train:2533,0.2758395847763712,0.22194175514151704,-0.2995414648073214,-0.10841003797086873,-0.04650091989585648,-0.041820205310865936,-0.20746306110114265,-0.05668701160957994,-0.033402396439511234,0.4128181537907458
safeguard:train:2540,0.2614639413152539,0.27873546485015793,0.06573492175096893,-0.08631791283581217,-0.017136089477183928,-0.18866032813119268,0.03598910507006474,-0.2146756416229538,0.08290076364925567,-0.13960743424883373
safeguard:train:2545,0.0,0.0,0.0,0.0,0.0,0.0,0.0,0.0,0.0,0.0
safeguard:train:2550,0.07626149631463701,-0.06543112317032578,-0.0009975316452297735,0.015179397588382548,-0.04020035729617806,-0.029391981876138673,0.010311613795447146,-0.0009709339093388557,-0.06065369333245619,-0.014417104585078994
safeguard:train:2554,0.157690833650776,0.13054246324623048,-0.1914512227152725,-0.030320080209749557,-0.010618556550667775,-0.012660418432567131,-0.14425677626513106,-0.020871734332591343,-0.01056469202605148,0.26767840471548865
safeguard:train:2558,0.2080660229286289,-0.12660686085589457,0.001296112427162604,-0.00966138580961606,-0.039947465089697175,-0.018455891221524627,0.02046892308523291,-0.02060626963845972,-0.028205303536055944,-0.04124829945745299
safeguard:train:2559,0.15124283203418148,-0.07964885390924559,0.040772190918009106,-0.193079094919046,0.24937698017577106,0.013221864818823703,0.026193366037207785,0.011890338167741418,0.017682347730480507,-0.013324286619471012
safeguard:train:2567,0.11742228604352818,0.08899171967806664,-0.06043770185504937,0.41123518335125175,0.26087204677796744,0.014926161868866332,-0.00996541437700239,-0.02166289177406321,0.04285857043396891,-0.01657111156396062
safeguard:train:2583,0.1307319395779524,-0.03166564946127845,0.04559209306574004,-0.2290583847122176,0.35863693436037675,0.02673228709906185,0.01801304965594252,0.015469121985777273,-0.004582249534494939,0.016377643873897917
safeguard:train:2584,0.14002998357236238,0.2112018882147192,0.18138163796127196,0.017252622314937023,-0.034620509110709526,0.01846467020333288,-3.8894583739056466e-05,0.0374812665895905,-0.007968336839341112,-0.08070408571307579
safeguard:train:2585,0.13610434389950113,0.08142270293170031,-0.168804860171815,0.009452421016651072,-0.03230812193815058,0.0569166026159237,0.06206626958714978,-0.04790696083794269,-0.0036042550126660464,0.10174736274693072
safeguard:train:2587,0.14946803973744888,0.10539419804586733,-0.08252763828743469,0.5259818341125267,0.33084580012249815,0.09741448079629828,-0.01905651974558166,0.06320672527458422,0.02149331051482144,-0.07327847844071875
safeguard:train:2588,0.15277218630355555,-0.004582490306978169,0.056317318891902376,-0.005441624814695192,-0.02397404121092648,-0.033594980980454346,0.018026237983138935,-0.031889053055660005,0.001113299768063641,0.003273192203912882
safeguard:train:26,0.17265771610383504,0.17036400835679347,0.21720581371565884,-0.026307500971285275,-0.0583194634374928,0.07596832414907406,-0.008017724819352848,0.00047102019491677597,0.006537541297493543,0.03412753455351262
safeguard:train:2600,0.16916916726271075,0.250916338871175,0.07218345190035524,-0.04199145629495509,-0.05079618844934141,-0.16291974007628138,0.06363997491571054,-0.003994985047837035,-0.05016509458770204,-0.04195095899292794
safeguard:train:2620,0.1384724160119633,0.04258743380441162,-0.03876812249894675,0.26711246143186257,0.17645361594143785,0.036887174874951585,-0.0932069405117221,0.04521699538693741,-0.02116777710501415,-0.04251969215184019
safeguard:train:2625,0.3494473310983448,-0.23217286353225736,0.009075160194914335,0.0015304545537782556,-0.08657062265540018,-0.14606003049282554,0.05111656693557094,0.3833818708390702,0.7386348809731886,0.10435122541589259
safeguard:train:2627,0.17392261569373393,0.25849611773813214,-0.07398233451846863,-0.09781168208647167,-0.014974800741797831,-0.2561906939540074,-0.17844846781570936,-0.10583888816998566,0.04479520396202196,-0.1230888701032818
safeguard:train:2629,0.16219709398613946,0.11985833549334722,-0.031035768282627864,0.24542497179448503,0.17307819794063825,-0.03449053712220326,-0.05123893813394577,0.18463356720290874,-0.08346302689416718,-0.02024344346246313
safeguard:train:2633,0.1376114795165264,0.10378432185754767,-0.09031938416646436,0.4800560315429493,0.3084419997771353,0.03410079293669615,-0.04191696150912481,0.03637574056703198,0.02035435411225754,-0.0453821765550756
safeguard:train:2640,0.13876063132172253,0.06445671039956162,-0.07892408702221013,-0.007942169529478724,-0.028615030471300193,-0.08448298290595091,-0.06759177201223332,-0.045269223947086566,-0.031674597962236206,0.05659491592930436
safeguard:train:2642,0.15161200959583732,0.17227482328819155,-0.26218712912849623,0.039001111269244014,0.00031239762583525413,0.21918528575012902,0.07529897505858019,0.13892701257004347,-0.0214748487535578,-0.09543744586860192
safeguard:train:266,0.06726051630154489,-0.007684145040569665,0.0233982339885618,-0.04694437405495174,0.058896327765010026,-0.03607235932583143,0.016516573580544685,-0.053759868815256504,0.014457162569937808,-0.021415885381504105
safeguard:train:2662,0.14298326851151838,0.08375364345236716,-0.176725660352452,-0.04803576425302888,-0.04695690036988207,0.10755715536651275,0.062444014677232464,0.00026682046653481607,-0.0053697962510232,0.07121395766881417
safeguard:train:2663,0.2451311325729964,-0.1448564274741649,-0.013227495183790947,-0.02134542276281289,-0.02588496943908308,-0.04068166786814917,0.01796375214010037,-0.0030415704262913793,-0.013051751613629228,-0.056656538155993925
safeguard:train:267,0.269054410728096,0.22282010858960544,-0.3034347677279742,-0.10044025083839941,-0.04153488066050059,-0.03542482762117332,-0.20298917992900667,-0.05767968544474173,-0.03754398658239447,0.4565286817270145
safeguard:train:2671,0.15281538199053432,0.10226943378039631,-0.08124929364502026,0.06225584634073202,0.0491097812209459,-0.1016372193989671,-0.10069887213157146,-0.08691600254601406,0.031081860706837078,0.02467113354152021
safeguard:train:2683,0.18545929212466858,0.02904522819032638,-0.14014074570630228,-0.04361015351342811,-0.06079478605090973,0.10892813826456713,0.022394598052928094,0.018152624813785045,-0.06578526017165595,0.30287549545225034
safeguard:train:2686,0.21615715287190182,0.240155681459508,0.060198500090157495,-0.09402433471486003,-0.020244634514195416,-0.14624299572792368,-0.1536520151280492,-0.07943897090564969,0.018090659679538604,-0.063517113501013
safeguard:train:2693,0.124728206901439,-0.023352600386850546,0.015191990402037354,-0.09486721475948995,0.12029119431714844,-0.01575789953879374,0.012365738303811095,-0.007413633855377543,-0.007379930195324005,0.0022108431936541015
safeguard:train:270,0.09240080362278837,-0.056965260448667836,0.0032873183816414047,-0.020851620589395065,-0.0027868507872610727,0.0022217367731808975,0.025599066631344352,-0.006193051735580622,-0.011811103476510187,-0.016611487873086944
safeguard:train:2700,0.11295579452932102,0.029146177224495844,-0.00946756344640816,0.12131525658012868,0.06840380724315477,0.02508809963517617,0.04441552809879813,-0.02313197378078413,0.002216569379379119,0.006340402448161433
safeguard:train:2709,0.1661697660142627,-0.07450157022610081,0.010789135673328122,0.01764008735729181,-0.0182495237546174,-0.01543785461401339,-0.004497707341172656,-0.014245431028145157,-0.020732577020884692,-0.008240900956591165
safeguard:train:271,0.194582087725501,-0.11712119880332589,-0.006403108172118895,-0.01948697118302714,-0.03273629491348876,-0.05715845859178639,0.030177291991354847,0.1708206835291184,0.350523782372071,0.05993530703501622
safeguard:train:2714,0.21170760097648425,0.40201812422377864,0.29352612202315187,-0.014372183744570733,-0.045442989147776655,-0.1709939900347802,0.13066193080660649,0.3018296145036366,-0.1733667536850423,0.11115679872159043
safeguard:train:2718,0.17395114115331106,0.22358094649592522,-0.22020629437341355,-0.0902354910227095,-0.026220982443097868,-0.05827985815558442,-0.18751483630219964,-0.007813945443875047,0.012915033287241955,0.05454322189767123
safeguard:train:272,0.15758438475650705,-0.06767666336495574,0.05122933374528924,-0.326660233795885,0.4783982242748708,0.0066702996719501285,0.047400264217547644,0.02547307036542105,0.004461436693377247,0.02288758213169555
safeguard:train:2720,0.22517820167365765,-0.041342903856584325,-0.058763405218159294,0.07043701715756494,0.006310452966277216,0.00911951906113793,0.007017362619977671,-0.027569468323930663,-0.03188272306668932,0.041057317925063314
safeguard:train:2723,0.20192990866362337,0.2521701393524982,0.03168239123405975,0.0448631726876731,-0.012218857422133942,-0.1493051417224326,0.3304827902145353,-0.2405970607069744,0.07698477871817733,-0.07669553333687845
safeguard:train:2725,0.1786004460903157,0.19900228272987866,-0.1991692432534384,-0.08037088473159791,-0.03153253325963297,-0.03003675995033165,-0.12769031418522236,0.020571082834698284,0.0001544075273922018,0.038002761911124484
safeguard:train:2729,0.13356874524671122,-0.06549302535837735,0.021778344196320656,-0.07770383089376293,0.059517607592292014,0.00541012273374289,0.002825848706910429,-0.0036500197308904888,0.01698216026434082,-0.032857508839181405
safeguard:train:2733,0.16697483320396508,-0.08861300015173895,0.02372405431591447,-0.0315290633978353,0.013613289889117345,0.018733816524016008,-0.014917226385241069,0.0017838670212837946,-0.02544928026009391,-0.016600701285788493
safeguard:train:274,0.1867957965075266,0.23346279711480264,0.15844319725441056,0.14781611562657734,0.04095947589087353,-0.026653589539026797,0.1740258458814465,-0.14536159204336377,0.08682314857523478,-0.06845657215920738
safeguard:train:2740,0.13281615051379003,0.010843478350661314,0.010839055589653937,0.0012127614896732585,0.05526596922492466,-0.04749250280143343,0.00838023533898056,0.08373607805357605,-0.04314706773175364,0.018794282275768074
safeguard:train:2743,0.15564914614066566,0.061435433223353896,-0.13824153738565031,-0.025645359567069495,-0.051605502911949236,0.0726690042572724,-0.002937494290881145,0.08381097914762838,-0.050631133123828984,-0.04929805134871965
safeguard:train:2744,0.13545673181376447,-0.026734190493309693,0.04732451394105019,-0.11230998937763921,0.19509170243629131,0.025392253102635466,-0.0020127631255697376,0.0015963419827901876,-0.01326899758485456,-0.008318187768896293
safeguard:train:2746,0.10759218642077326,-0.03216157922022753,0.011822966284737271,-0.15992559130580883,0.21651196110606252,0.023942752360236196,0.03857424710975855,0.0044424581229348835,-0.003383278721782343,0.010481324641135667
safeguard:train:2749,0.07467972010204775,-0.03667390327947429,0.02473185094081158,-0.15954570131583937,0.24324890298326154,-0.005746175320041316,0.024267595563163002,0.018915634429275848,0.006144885067675795,0.01866075405971042
safeguard:train:2753,0.17021339898868726,-0.06512668382214716,0.03755039149294765,-0.21053711369445335,0.29308791670638595,0.029645558929266794,0.031569458042960595,7.498129195472489e-05,-0.011715631607068502,0.0020938045393406432
safeguard:train:2754,0.10142297079328762,-0.00024541838452591264,0.0006239828688463799,0.11488733975733398,0.06005407668883582,-0.01978768826688198,-0.058215408694049495,-0.013433597125919284,-0.0007686919570308363,-0.025047019110360308
safeguard:train:2760,0.348165150017783,-0.179681935998871,0.01606211862586762,-0.06204867203942373,-0.002605013634656878,0.01728986068006721,0.006435989507697875,-0.018040551407738692,-0.02625705438489314,-0.05091260561517194
safeguard:train:2762,0.19616797677245923,0.41835194697143513,0.34143108749560885,-0.04262302902976485,-0.10464131402521035,-0.18678060568617916,0.20210258387835042,0.2608773159010187,-0.15534526605698862,0.09048298353101253
safeguard:train:2769,0.1202730821210256,-0.05813273232766464,0.04505495926013626,-0.2576608686232567,0.3812725644740389,0.01753722050398563,0.04164926638523805,0.01150227683003198,0.005113421994192528,0.024599626140018507
safeguard:train:2788,0.12112036266716752,-0.049641068584372866,0.025448718911782377,-0.21172152995137974,0.30556911443077084,0.013958818835157398,0.02454454987014066,0.014459321088345023,0.0028385256366080477,0.08392501510745506
safeguard:train:2789,0.086603212957027,0.09632751173935578,-0.1304863745624776,-0.04886826460266726,-0.035577046913293955,-0.016324390927669966,-0.04718195146926563,0.02174742830517183,-0.047972812975379746,0.13255340361907833
safeguard:train:279,0.22279120171533864,0.2477981670112694,0.1596767354956423,0.06431195546551768,-0.01272136249941382,-0.004423779474155897,0.25730772303572585,-0.19640800819296478,0.09022125975125281,-0.05622294160291268
safeguard:train:2790,0.21744254836166868,0.1613322201472679,0.08274574592575619,-0.016557950022380852,0.028848046385796394,-0.0209480233984526,-0.08662250888926899,-0.04884728648217643,0.024605020989169855,0.0215024735050485
safeguard:train:2797,0.14655828639852525,0.14737190115155008,-0.11853607636714299,-0.030284224888855068,-0.011869880491901004,-0.05212383933116985,0.05633958973655001,-0.14088733064295292,0.07477403414407996,0.033320169161157175
safeguard:train:2798,0.3414478579175628,-0.18482003410360304,0.03064472726521337,-0.04691218892475836,0.04767847766691896,0.03718780073004105,0.003134178928880415,-0.011018603042053843,-0.025087992895726458,-0.03648402199990597
safeguard:train:2801,0.17412604828141243,0.1949862638444915,-0.20097787586482876,-0.08659205386631742,-0.03002312447279114,-0.06608312893985721,-0.17227328336670866,-0.013326892533988298,0.011999143887305823,0.013847841290571473
safeguard:train:2807,0.1394855583753881,0.09530084560953125,-0.12412004532009414,-0.024880704989995422,-0.010715907895887167,-0.029320846841561832,-0.09456927059772664,-0.023837027638777982,0.012961333069500204,0.023919357162055108
safeguard:train:2808,0.17705817117162695,0.15123897184769414,-0.12619614179276636,-0.04283244128155267,0.004557685236519355,-0.11767794065300748,-0.11776187345887223,-0.11760238020242585,0.01428091659272465,0.08483970519222109
safeguard:train:2811,0.1060938146266546,0.007111469981684687,-0.0005911216063956561,-0.09447675233842924,0.09956811256413253,-0.022721434994865102,0.05126862249182497,-0.0021712680138280815,-0.010790696687176362,-0.005442542049280549
safeguard:train:2812,0.2044303449038263,0.07048316822290794,0.0029429631076720274,0.014224151669003648,-0.009681855290820258,-0.04661756985175171,0.16568041991172378,-0.223491966073112,0.05405136750628372,-0.01452037632965658
safeguard:train:2816,0.1003603681855446,0.015749839903793927,-0.008906478166436355,0.07256240997879865,0.0331902846677475,-0.003149315256216283,0.016575179635284622,-0.04317737193051654,-0.007762687540382499,0.009791674719426607
safeguard:train:282,0.17152594339600727,0.1494562021650194,0.13730743007865295,-0.011962970240910049,-0.04061998054603325,0.03736435411754447,0.122802129477058,-0.12480377719982029,0.05292084827472756,-0.014470530901571792
safeguard:train:2834,0.13397249606016468,-0.04255301144980165,0.043011382584173585,-0.27120690742250886,0.4192894458449769,0.018206477114440865,0.04612379079544751,0.0178190396832691,-0.003797661326054556,0.027135955316140596
safeguard:train:2845,0.12609043636986747,0.10732934300534251,-0.00887890932307942,0.2996329283070995,0.21129642859485936,-0.11595656311453123,-0.06280266749656356,0.13592164923692315,-0.05517204924540052,-0.039424862149965684
safeguard:train:2849,0.17686484362292523,0.25777591225033836,-0.024863439700708437,-0.08558248599061698,-0.021242156859005133,-0.2802312858426229,-0.11427346542667884,-0.10821822660004167,0.03319502690113102,-0.13347605397244783
safeguard:train:2850,0.1201531134977459,0.14960481485897878,0.16461796112651284,-0.018959254320548246,-0.07583734900204799,0.07154838519049507,0.05539347381186288,0.0482587511781234,-0.0113570747688646,0.03597634767503914
safeguard:train:2853,0.18923963355011697,0.18572186468568447,-0.16429020753904536,-0.06066201717292242,-0.013467531689218954,-0.017336698388312026,-0.036502481964979204,-0.07993013952543913,0.055293452647278196,0.01286439960209816
safeguard:train:2855,0.201491021655969,0.17629330244768937,0.0969672486650896,-0.03498953487595662,0.02712730220186036,-0.007225286368766143,-0.11843706933549378,-0.07614370803655691,0.06617598870925512,-0.028878152190350014
safeguard:train:2858,0.203929580129221,0.3449246938434993,0.2903254110100349,0.01916506060956067,-0.030813450210992945,-0.07012130881823414,0.09431756127612154,0.27680353344219866,-0.1346471727296471,0.11242935214630163
safeguard:train:2864,0.3331839921602045,-0.16823654023411827,0.0029093027463310615,0.01927522782344343,-0.06738667784805016,-0.04467231897721792,0.014207664213940315,-0.010969505528771673,0.0031302231544644782,-0.01176683235977127
safeguard:train:2866,0.11286509064738186,0.1196286259477712,0.07786613791260623,-0.003878461216241958,0.00480104064428993,-0.11145031742414764,0.0302819838625572,0.10598096826656296,-0.0654192997131433,-0.04537021432004355
safeguard:train:2867,0.24995750234934028,0.15701415319810402,-0.2989128071283541,-0.0915605376687041,-0.04567853562164699,0.1457695292078035,-0.026813927290760008,0.06009289315185595,0.002707176386418643,-0.07194366425301087
safeguard:train:2873,0.282024298317143,0.4736456401562075,0.16644680513016039,-0.1219425144577652,-0.07654968942688818,-0.3398862174218079,-0.14098390767680846,-0.1599222111549364,0.08394517050346449,-0.13725945503640025
safeguard:train:2875,0.16515549950492034,-0.08251232712468125,-0.005630701258815817,0.04230529439012214,-0.015079894705834353,-0.0319233735013197,-0.013634812814303178,0.010361785041760656,0.02434352638290734,0.05694471940606995
safeguard:train:2877,0.2210480628193767,0.30720877942850744,-0.338884772831859,-0.10526495518609472,-0.03990889659685785,0.033273968019781504,-0.13211809066283658,0.12564317278608456,-0.020793944211092624,-0.10961251637828563
safeguard:train:2880,0.14833533885227096,0.016269084883603024,-0.07870599532365498,-0.0009775983186232485,-0.03472113912536683,-0.025964141158591282,-0.03645481509630539,0.016491541195160452,-0.035833912688999325,0.12309206235868202
safeguard:train:2884,0.14722380798009996,0.15080211319126338,-0.1625051035552436,-0.03348408776304842,0.011334104805620904,-0.05439055595848875,-0.16579012775915541,-0.03680057716509333,0.0016247955667312666,0.09171727313870924
safeguard:train:2890,0.20490499261662867,-0.093363877410927,-0.01002890642614699,0.0030938995141985373,-0.04207648135454518,0.0014598504697132138,0.03676071853305259,-0.012698612904049122,-0.03079633848703137,-0.041156421345265495
safeguard:train:2893,0.2308377920472935,-0.12761298020028652,0.0060085539248625015,-0.015759336460920474,-0.029574431694908532,-0.004388506616712609,0.012832225434540434,-0.0030581274865041043,-0.0064333419240270645,-0.03184767412975591
safeguard:train:2897,0.35497845791448,-0.23125915332695204,0.0067190931161266254,0.011608593015227597,-0.09318940225695517,-0.07072516496274105,0.04946732378949582,-0.0165282184623348,-0.13631016278875627,-0.06556535679822947
safeguard:train:2898,0.13386926231434,0.12426882878082647,-0.07512660085616585,0.2852848544234026,0.21574578336686753,-0.09180093152408218,-0.1897229235089724,-0.014415486538675913,0.045599991668258386,-0.07230587619272291
safeguard:train:2899,0.0994613350243155,0.15540888629628039,0.04381479204464238,0.0006196567808671263,0.025165787653516965,-0.1233729672306088,0.10116816914439229,0.0856064008427892,-0.059366849896012944,0.03946541444081332
safeguard:train:2900,0.14620922859948704,0.16223073224616033,-0.05696824535056763,-0.045547671389510186,0.016281456249257635,-0.1222486406221195,-0.08220413798075323,-0.13712060905144924,0.07862593823619736,-0.023711875846513478
safeguard:train:2902,0.18986119066920332,0.23417622823442666,0.15596666797725628,0.09510414733295888,0.02634782634421909,0.03207565125175057,0.23370375309657992,-0.12068368991534245,0.06160706300864812,0.007217694191136534
safeguard:train:2907,0.23798862122902217,-0.08614281501427211,0.006089056044978783,-0.007064253568818834,-0.011133844450193359,-0.004249325687567783,0.005378918607396689,-0.03748337237344961,-0.024068359543926977,-0.047859695859015186
safeguard:train:291,0.24170683056286174,-0.10228168975760218,-0.02392944598437233,-0.000818692027834385,-0.04422000003584598,-0.01246073600917784,0.003279904416670324,-0.013879402145091882,-0.03143844318827208,-0.03347560335539083
safeguard:train:2915,0.3345783676684081,-0.1714900692408075,0.0019169729113011347,0.01815778539831943,-0.0669874029869559,-0.04814295271479047,0.016402970703107752,-0.010534457268246653,0.003695554505339873,-0.012666339324153796
safeguard:train:292,0.17163766874071007,0.23048148839444582,0.07437515536766241,0.07857655075118128,-0.011024643456342763,-0.026714986552054842,0.3309160662430689,-0.22781812347752936,0.08795798942230394,0.032405711921537114
safeguard:train:2924,0.13650961212427387,0.06795254472130786,-0.023143271070006115,0.1956839724527055,0.12997891849265256,-0.08113039714683218,-0.03834459051603102,0.1534813652450764,-0.09413774082118227,0.019368713443810522
safeguard:train:2926,0.12438991353268432,0.07840982176848701,-0.051984145838187626,-0.025294111881279946,0.0049228672638547055,-0.07644182102403228,-0.10967464325164254,-0.05894784122713077,0.021758174880093895,-0.013799444711217634
safeguard:train:2928,0.10704431702695504,-0.03170786789999199,-0.009386381437256725,-0.02971570730707269,0.008539736974068795,0.008702742572876059,0.006609795289265303,-0.028594137347190133,0.009080965806412692,-0.0025511984561166416
safeguard:train:2930,0.15735904753369356,0.04340191068565781,-0.01762310551671428,0.0634028566560419,0.06644077120815171,-0.05777900065075042,-0.10899768534119444,-0.04617064960435495,0.01913552891223578,-0.02618585702695261
safeguard:train:2937,0.12454402697333251,0.086434231614606,-0.041534578293716,0.2639860528063345,0.14765666937408659,0.042434650186311505,0.05242119635021116,-0.012510000842011086,0.026403942830526213,-0.01793317622882285
safeguard:train:294,0.21931161495841084,-0.12606611172356938,-0.028101202129051435,-0.011281654242972127,-0.052200849290529434,-0.045826229212537935,0.03195066090767874,-0.01624620177275738,-0.015284088981346105,-0.06046970858078459
safeguard:train:2944,0.08035671163266625,0.05689654746067855,-0.12716816563421562,-0.02408055222986848,-0.020809558637841424,0.027794022186811207,-0.013064334284424963,-0.02949669090837785,-0.020785525170887983,0.20038846557688014
safeguard:train:2953,0.09108108503261969,0.08897326809666362,-0.11840555352330095,0.04298236301334623,0.015091715137429074,0.044150393374048594,0.027632305268236887,-0.04063555509677718,-0.018079584723290503,0.18159929970991945
safeguard:train:2970,0.11392603609800114,0.12622164920527032,0.15442836867394655,-0.01450209463368736,-0.07001467134613615,0.07178649261239077,0.05378853631880757,0.047319661538253156,-0.012700053907459362,0.02570520670386232
safeguard:train:2977,0.13283913663508912,-0.04835682974346994,0.030652783564248092,-0.22996870403037084,0.3383899553473372,-0.0003935218487996449,0.04188714357884795,0.0008636257607424267,0.008286450214495126,0.01576714326437083
safeguard:train:2979,0.10868956771751077,0.05030765752616085,-0.003766985808163032,0.17985649167836396,0.1198279013385516,-0.06994723805637452,-0.034993433045693266,0.10251922450188417,-0.049210372009423776,-0.01615248555255798
safeguard:train:2985,0.15070685538846523,-0.03017188502595905,0.05732228831555739,-0.23085070756006906,0.34790224928325675,0.022772667534782534,0.044678541654096376,-0.0077747074713439696,0.006623959706366924,0.015392054595649617
safeguard:train:2986,0.17784553806526482,0.15508745830095885,-0.24803935758210457,0.001448278773684892,-0.010924173397274601,0.22666564383395776,0.16371923092966845,0.10171253435200245,-0.016080296458373944,-0.12003714763711898
safeguard:train:2991,0.21779963462652002,0.29158616791237135,-0.05635524670874026,-0.10579209234138306,-0.014680873088745217,-0.28221659439047975,-0.18853500084565644,-0.10540845490962891,0.029467035125734807,-0.11770085341721034
safeguard:train:2992,0.14288935551378468,0.10898473698180644,-0.14262768798796074,0.03223110176704167,-0.01228615578283867,0.10251345309445978,0.14751201505912045,-0.0714170672007655,0.03736049712148221,0.05629783365480348
safeguard:train:3002,0.27470513407379815,0.15288351280840448,-0.27314018096449794,0.04429067090565819,-0.02535578006752105,0.14761241007746925,0.2081684207072915,-0.200306323497976,0.011606453241251202,0.5491494864274925
safeguard:train:3006,0.15692247990517622,0.1294448387452024,-0.1645509997076001,-0.043840227249931835,-0.01816942257414464,-0.04003475184465998,-0.13438012725535564,-0.03153705266514578,0.0010662409479168583,0.12814140366106977
safeguard:train:3010,0.06585038012260545,-0.014154908255340303,0.00574436569648608,-0.03150693595527839,0.027412753558882525,0.012835861715094116,-0.003937914204207722,-0.024942393721943068,0.004469095694679492,-0.0030185341106568793
safeguard:train:3015,0.28228653364443823,-0.15778028112042886,-0.010063099780941512,0.0017233825614269601,-0.004169314970088731,-0.0192134372898196,0.01726864308604547,0.0010103080076527468,0.0072819145573473874,-0.012997011925796957
safeguard:train:3021,0.2900701811543915,0.33220730445481433,-0.3790161044712671,-0.16689217345387475,-0.06413494562449654,0.00863470864458377,-0.09420753905973696,-0.010266103517430493,0.020230901074634232,0.003991281698422594
safeguard:train:3023,0.06731320135099286,0.056776943272152304,-0.11591615357902038,-0.004581580225812782,-0.010329970294962259,0.018078881439707067,-0.028658994260091133,-0.014430527861880257,-0.03722609651194576,0.21594955849918168
safeguard:train:3028,0.2678679207273684,-0.14408962587393523,-0.0037711083068641045,-0.02267470465571463,-0.028820161494785446,-0.0027253105791444176,0.021937193976278007,-0.00017174778371514482,-0.007338166907802049,-0.040938344273647335
safeguard:train:3031,0.1891696918257948,0.0898149264234947,-0.050720031419327606,0.30601540640075986,0.17916070037166218,0.0952676501909466,-0.0027907151146982284,0.008963456292098984,0.006784343363656612,-0.03618460726986658
safeguard:train:3038,0.10159493234206717,-0.027322856544029325,0.02915444615124531,-0.140836010100739,0.23370804838263787,-0.018122975066444807,0.014578271383316181,-0.024345747667712758,0.02277189057485921,-0.014513460421442964
safeguard:train:3049,0.09797814252308922,0.08808137027361192,-0.1171635159093724,-0.03229688687153956,-0.03790187524225327,-0.012743355586493333,0.003991422932649061,0.016819470767050506,-0.017066783944229683,0.04630955943603308
safeguard:train:3055,0.06345974311064881,-0.013777412399455168,0.014028782875391596,-0.08181232860348993,0.13562175279791175,-0.0026976414714314128,0.017896592796614555,-0.0033331872217457993,-0.0008175858611911988,0.0012860156714859052
safeguard:train:3059,0.2261823154415891,0.03484995067861968,-0.1432301282424299,-0.00058601425640417,-0.012394209672024497,-0.017945015963402363,-0.09323163337262695,-0.04582289554465117,-0.008199886186050939,0.17044070862547153
safeguard:train:3061,0.11773156227721678,0.09525475907649363,-0.01231017375257714,0.3122020774243014,0.21660054354144387,-0.08153298025269697,-0.060051798654388006,0.14809342798539385,-0.05430696568056601,-0.023080287660726475
safeguard:train:3066,0.2157676135970735,0.06105177281776133,-0.2336785883267162,-0.04273610124789212,-0.0684300742734091,0.1739214276260004,0.050538703021395334,0.1125847028291259,-0.036592717149447,-0.06236483573865036
safeguard:train:3067,0.20392365409297858,0.281567529710513,0.12880157421306773,-0.01709893219752122,-0.03570930271301398,-0.02387610241649918,-0.055710471302177184,-0.03160344132260757,0.04945070461920465,-0.01866656294848072
safeguard:train:3078,0.15003603357948625,0.14906125819628377,0.0654536896415616,-0.03807771796521599,-0.03967551743167157,-0.038657988750692825,0.034475496853728006,-0.03142405192837103,0.007862282538930725,-0.03472445354660942
safeguard:train:3079,0.1235849614542246,0.07914932514022151,-0.0713036832235307,0.3529490000646257,0.2146609248070581,0.04879552126432692,0.018955458210146086,-0.004739624794292372,0.024315433325942944,-0.015835893438724945
safeguard:train:308,0.26069556164892715,0.2917820947605824,0.1889618351077089,-0.0070537543298130325,-0.03370713929875339,-0.019992427674181468,0.15071516345040709,-0.23725609570873754,0.11624102609408644,-0.03465016515005533
safeguard:train:3084,0.18223312582965753,-0.06971061648788769,-0.007654321355088678,0.08270205874033944,-0.0024431841596626934,-0.0064238044081760095,-0.04075501729812329,-0.017711480712884038,-0.04943033684665957,0.0359083969289807
safeguard:train:3089,0.159517038441176,0.12329541555871341,-0.12327564543660106,0.04112902427549217,-0.006269310306686858,0.07391956431946137,0.21791400967553806,-0.09865391674325968,0.0690080028765438,0.003429145813761819
safeguard:train:3093,0.3198889126669173,0.346972502013523,-0.5093552781697602,-0.1589619949013997,-0.0732835055283535,0.21034129703658264,-0.04395067240505076,0.11420112875261672,0.011191447313152487,-0.09648398287368981
safeguard:train:3099,0.1075354637006303,-0.007733592323728993,-0.017033347421687342,-0.04757757767493206,0.02555991519640459,0.00647255154105169,0.011839583377141746,0.00010556730281399904,-0.02920267899777816,0.03588207185800189
safeguard:train:3109,0.26408406559345415,-0.11024745306454599,-0.04721605980509609,-0.030298350208675447,-0.061380225636001574,-0.01927693131056852,0.017519749322713385,-0.006883288978461405,-0.04899881630937185,-0.028869999724533406
safeguard:train:3116,0.12332803650090712,0.021627017047710147,-0.02747731853885607,0.22214278705324608,0.13171546754570984,0.03449520737119462,-0.08350106630578577,0.05166176808720887,-0.008444176480650111,-0.07699604136044466
safeguard:train:3117,0.15298688420850137,0.14712901103489023,0.06519415630651108,-0.0015382291015047867,-0.03758644141617474,-0.08136577778226539,0.039087566583950246,0.007929279433415015,-0.04442070872197922,0.018541939049771843
safeguard:train:3120,0.15085670200579618,0.13467283685963663,0.0474015142818474,-0.03538947346353233,-0.019294615351193548,-0.18391278461300858,0.03048234671744527,0.02669336869795265,-0.07553552829934464,-0.04953347238475881
safeguard:train:3121,0.12210589187233133,0.10617522478815358,-0.1412336093856608,0.0028408896503095953,-0.023318121813862214,0.05126169396436506,0.10334637590609225,-0.11476189519725846,0.041133547809115566,0.11488869959834623
safeguard:train:3123,0.12547519910436108,-0.04650906057362587,0.02922585623126793,-0.11692841778964842,0.15157641323397703,0.019007251490492982,0.006854191312495686,0.007036767532728023,0.007907467292195861,-0.015582986112245402
safeguard:train:3125,0.06381526811083837,0.029533212154591534,-0.015125321391193644,-0.03256352508383056,0.01899595184384787,-0.025369772680334326,0.041075977841340476,-0.020273963500609206,-0.004360555738661393,0.05341407142201048
safeguard:train:3126,0.06054090868825,-0.04631958608302574,0.006240144554948845,-0.019739479407240704,0.011557250538450772,-0.017836123418161307,0.00869906944522941,0.009552730386449267,0.026122834014414176,-0.0062670774923788836
safeguard:train:3128,0.12978892646499454,0.07240269000200715,-0.0006199946346569327,0.008070293530749185,-0.0026418564586750547,-0.0387964927194742,0.1552531032634868,-0.1588340653911226,0.04187665111116696,0.009106157338979185
safeguard:train:3133,0.20830902357601683,0.07100639659973497,-0.027195231621992295,-0.0672078618164414,0.02013179774070217,-0.05413105246018998,-0.06858469113917406,-0.06431007805532729,-0.009838511645306577,-0.06986431120229758
safeguard:train:3151,0.14890624424183296,0.21485636830279634,0.1438354615282066,0.011972898864040004,-0.0025207630977206073,-0.15395899396093274,0.056694001694605804,0.1505034949686085,-0.09591881267200789,-0.03520058778657388
safeguard:train:3152,0.2491088194270588,-0.13296166179938326,-0.01134926844257729,-0.012208716358809607,-0.042439076379698265,-0.03441221500081157,0.024119357675275944,-0.021105256788031244,-0.03859472594843127,-0.04034840379214154
safeguard:train:3153,0.15740791675620586,0.1197836527229135,-0.1468699632076386,-0.06719515376842862,-0.02462109930732714,0.03367817650221327,-0.08352761350516875,-0.015109616761774105,0.008397082250146324,0.059683451587240324
safeguard:train:3156,0.3088554753721543,-0.14039378033717814,-0.011792542375366068,-0.02275991191953124,-0.021354355851766545,-0.025315922499782425,0.007760511508938215,-0.0212950613874194,-0.02926901193858782,-0.056290332595239016
safeguard:train:3160,0.25907032393575036,0.26865148966190866,0.21470202893110976,0.05758859263799659,-0.04737146059822166,0.05120604918094657,0.30234171735690485,-0.20358012274371204,0.10799565678044407,-0.008076954864570454
safeguard:train:3166,0.04831682513837986,-0.022253582375426493,0.0040300972551198695,-0.03805249485702626,0.04490631728005681,-0.01557183539473134,0.00401116293780427,0.004092989749685135,0.01013442555111413,0.003398269296525819
safeguard:train:3171,0.25034253830334824,-0.14955914248149876,0.030428467430970753,-0.023428035250123325,0.010281989442853804,-0.01851732630944469,0.009604836084081457,-0.009512444078737184,-0.006294330198899767,-0.06285390405282097
safeguard:train:3178,0.1405818868552048,0.13925818310283572,-0.14443830033369748,0.024279079285620234,-0.0037285759288487315,0.07916638317003613,0.182759928225843,-0.08311683613791851,0.03062152676003338,0.0705440050504991
safeguard:train:3180,0.12422683998777688,-0.01716179671210274,0.03910519553471459,-0.1584793629780603,0.20700261343477663,-0.0108854435186936,0.041277464302951386,-0.013267421581080227,0.012465649920109933,-0.010414389974235393
safeguard:train:3181,0.13022488168433174,0.13413741112404315,-0.004618958568028424,0.3186789484326935,0.2287761001556896,-0.13961579189170714,-0.057465164608196694,0.17183485784277805,-0.07602919416244268,-0.02720427488745803
safeguard:train:3182,0.06291607067241045,0.05086051104590633,-0.058101537806324516,0.039578752468941374,0.01321099690549896,0.025052532951824358,-0.007606018754587731,0.08027155382604259,-0.06657536969575745,0.12762582389017324
safeguard:train:3186,0.14414951429416917,-0.07081004468529381,0.03019560997941419,-0.16372877553262197,0.20663884128988158,0.02037486525205431,0.01656408806720505,0.004014259188415917,-0.004178693438316865,-0.005435635296035978
safeguard:train:3199,0.13214297105454517,0.011607059443466848,0.08392689944912646,-0.20931932915390206,0.31317160138655925,0.026309859696906815,0.013235676842122237,0.009785798780752511,0.000653051407924091,0.013354553593227677
safeguard:train:32,0.12379057903982488,-0.04719622651883265,0.015175687024387714,-0.1583628286259931,0.20409408215090777,0.028619828880304163,0.011761561847443208,0.007171527282326452,-0.013917433399417041,0.03280048437494216
safeguard:train:3203,0.26187013503684814,0.35682699177128696,0.1874742582583163,0.05551217901254179,-0.04818891592018319,-0.09964071544095517,0.40267884005127275,-0.22819422021661753,0.0858556300295841,-0.013859256283070493
safeguard:train:3205,0.1727189219930797,0.15063209114549567,-0.05271943323588171,0.2157518687306274,0.09511632081026962,-0.008824508546322687,0.27622608623706707,-0.21825445705314192,0.08704252727826245,0.053051254406195354
safeguard:train:3209,0.22078581305191483,0.10937437576106918,-0.24650687944650468,0.03335558138759865,0.003480414130003942,0.1227763497677052,0.043213148224710916,-0.06972212404603953,-0.018627979330004003,0.5083080699804011
safeguard:train:321,0.20197846050886323,0.09554368829177769,-0.26209685569322916,-0.03522291779639569,-0.042275688118268824,0.09432708768086451,-0.030030652824608116,-0.04594154409906294,-0.05935409358785193,0.5554055728219931
safeguard:train:3210,0.1983592798788378,0.23907689366054113,-0.1685740480891382,-0.08551562005031499,-0.04281129084016078,-0.15100022073985525,-0.08293676786069176,0.02070326058732423,-0.02727155442089047,0.07836946388322556
safeguard:train:3212,0.14868540483471865,-0.06971337538183736,-0.0025669980212405102,0.04428413851597833,-0.0004859369780171033,-0.008743614352807226,-0.03623967932039271,-0.010055235514300346,-0.028340562622740036,0.012570246617808084
safeguard:train:3216,0.07024689921664395,0.026515194207713196,-0.0460636677128329,0.0013821178218411014,-0.01078161247635712,0.007797547593189261,-0.002970028767267872,0.07646275218265623,-0.03571208504834029,0.04754225645688165
safeguard:train:3217,0.16382258231824723,0.07530706069832412,-0.06501502666788463,-0.047099691866332435,-0.006485796958065911,-0.08436434076455278,-0.08318113445473822,-0.06223420359293491,-0.015941404843472624,-0.005289657692618861
safeguard:train:3218,0.24629094863383003,0.21290475994831778,-0.0652131788396466,0.014666553799932003,0.03463341277993426,-0.17435012346576825,-0.002633326824330586,-0.09049555165389873,0.01966159356352572,-0.018137551322182678
safeguard:train:3219,0.18465526050340555,0.11812583685763277,-0.2295898023043495,0.08703824784146595,0.011423075963353662,0.1244164153896818,0.014910773029235795,0.020927001707792145,-0.037851685876156276,0.312641087752071
safeguard:train:3227,0.284315858647717,0.38430535445513925,0.11929284174074822,-0.043412350585794575,-0.05171071493908883,-0.17973690873566686,0.034665521979610474,-0.2535524293455608,0.11811600113549138,-0.032755942793759894
safeguard:train:3228,0.3029758117412346,-0.0757040294767378,-0.025995751631408145,-0.00233726744772007,-0.04852944872204014,-0.06941539909276584,-0.0007337642694813785,-0.08763743052870283,-0.03791164949610923,-0.03281355920849461
safeguard:train:3234,0.19342127341997142,0.21413466236953746,-0.009465001533627901,-0.1157690362035501,0.021174938513887166,-0.1442564813835237,-0.18820188640185895,-0.14254568635603415,0.06642798506347743,-0.08673149475651709
safeguard:train:3235,0.1327789696094467,0.09707382769210042,-0.10221380783056276,-0.0057105523797299305,-0.02503075752114828,-0.030805574386310975,0.09792760660187985,-0.07150550463829901,0.016468820934984644,-0.016195161564396106
safeguard:train:324,0.11486757139474887,-0.04586767578005778,-0.000796190238860791,-0.027469088491073285,-0.013131037102563598,0.03145726618975671,0.01006737536814342,-0.0038377867753704976,0.005863716951094297,-0.03354125759269172
safeguard:train:3248,0.14837716141361018,-0.04356570827080185,0.04089624953806368,-0.2728923445275014,0.4212630834100304,0.0024875279307539906,0.03899043920284182,0.020402287234758166,0.00606020962544431,0.028995924200954707
safeguard:train:3249,0.12618000655456252,0.13070012530373687,0.023109193594186443,0.07272725452905365,0.008363330705244441,0.008639844873540739,0.23990226057340952,-0.1699698190559902,0.06972260964144018,-0.0037666740831157034
safeguard:train:3250,0.0831524126242949,0.052537648184262625,-0.010847408037530412,-0.03557171244350811,0.05101696203435797,-0.01594869198958017,0.09442703986270304,-0.062436372879135775,0.026839614260412533,0.03349284074834349
safeguard:train:3255,0.08331632626352312,-0.0403569695886062,0.019431240606749767,-0.1405354845930443,0.1951854043671615,0.00746237263471728,0.021877581955101165,0.015199174792308316,0.009689664754432623,0.02734110434197219
safeguard:train:3264,0.12109700230295974,0.0580107637986875,0.04537071979419245,-0.12255497341536319,0.15494225236896927,-0.028827079256835527,0.0062371122528414825,0.04579680134206243,-0.01861815244529428,-0.0029398565476262428
safeguard:train:3266,0.30194589154363977,-0.16489148286454636,-0.023588158625027614,-0.04943453338311576,-0.042640652776485384,-0.030786090748135927,0.026074350731897813,-0.0013499128406789058,-0.01585061672334146,-0.06752318240439371
safeguard:train:3268,0.1307259706490244,0.08461411635936555,-0.06790564515342518,0.38636312519242844,0.23492604089732805,0.08913415200296104,0.0045564095283422736,0.031844505937577865,0.020152317442685162,-0.03915667518394563
safeguard:train:3276,0.11215274686678794,-0.03494947264183479,0.03213581052061692,-0.18175176254241968,0.2538118337570656,0.0038388109818501613,0.02211080586062622,-0.025022677371794342,0.016797622328547614,-0.012150509977572325
safeguard:train:328,0.1293309800676995,-0.006411503688594234,-0.03914159727032271,0.06131421865627901,0.03972511870527602,-0.014588392207566896,-0.04098573989910268,-0.024112582688507425,-0.0038692842592915762,0.030916353610099943
safeguard:train:3284,0.11183248426480864,-0.042632829090991926,0.037411043236253695,-0.1722341941314071,0.24214818986969722,0.026951003233904293,0.0097362773644118,0.008576850707921704,-0.0001207542832894304,0.005189583851075643
safeguard:train:3286,0.2455943781236342,0.4404461001046275,0.18489490430998887,0.03427099728048355,0.022332350130712404,-0.15826525437784225,-0.21568364436479956,-0.04241111388024241,0.08587409413324265,-0.06767877177786835
safeguard:train:3287,0.11467926448599863,0.06004039553725281,-0.027367234503199667,0.43324457866709015,0.2840728230508186,0.005346546708712448,-0.13999677037412164,0.07062141734079254,-0.0031247415331468655,-0.0807643782539257
safeguard:train:3288,0.14293687514582273,-0.04448923951973234,0.04975437229060111,-0.3265851055365956,0.5129306367449273,0.023853547923228628,0.05753339927173025,0.02318131327533874,-0.0024334045061189303,0.0438924892466618
safeguard:train:3295,0.14571627901664497,-0.05579148738896248,0.04600252438711542,-0.2553297141777919,0.38753485704636786,0.013604016409802001,0.04038468868423484,0.012007750282766348,-0.00014311652673770474,0.021015569181787624
safeguard:train:3296,0.07125995817905044,-0.0009754666128774686,-0.019462780850129986,0.13645413926135097,0.07433496235305075,-0.007900666293455092,-0.048549729632082886,0.017664785589622936,-0.005479062956370177,-0.01174069083484667
safeguard:train:3298,0.343824122518038,-0.167566041272323,-0.01971069863220334,0.009244063860403795,-0.03394949085993223,-0.042000619043158174,-0.011514812939677006,-0.014750584246579193,-0.03883364879726716,0.01647221837559522
safeguard:train:330,0.2491759031554763,-0.03036710222464813,-0.025232463586878057,0.10372093177660242,0.001231436589880335,0.008535766671190036,0.11035810275955167,-0.138627106918554,0.007699508972973522,0.07427004642827623
safeguard:train:3301,0.20432681617362988,-0.07076588371747554,0.027213587387335137,-0.23744218083289112,0.3800617855115561,0.011484911434377024,0.06235788066650949,-0.006379004487489097,-0.02145903220937147,0.06199191546332479
safeguard:train:3302,0.19767177269264896,-0.08753515456288613,-0.005499443968914034,0.0035751939293366605,-0.027746066236583294,0.008443827009886704,-0.012763492540035663,0.00023844074132786116,-0.0385611830130785,0.005626805067159003
safeguard:train:3304,0.15453530403977137,0.18059088172918844,0.15028608142849295,-0.034307941339243093,-0.06403688510612256,-0.028828206779121353,-0.001523736256385021,-0.010425176429259785,-0.003848733046872753,-0.0018333793020328915
safeguard:train:3312,0.2346992542920004,0.20326137021233615,-0.42484124298106296,-0.12979311797905366,-0.09286779588021161,0.2912810981650985,0.05327848448847191,0.15143329755479057,-0.02944873697578362,-0.11832119637171976
safeguard:train:3316,0.17593575670338849,-0.10371293407218499,0.01686351022812169,-0.0004320321052110934,0.006498989161686142,-0.021505180703935485,-0.0018400846821618666,0.006215990413714426,0.03176944657584938,-0.018430347893953144
safeguard:train:332,0.21726463567537685,0.17380497948023918,0.12001010271071917,-0.002096485705788439,-0.042658202781073955,-0.04097432349356727,-0.06217068331382954,-0.05164202792637496,0.026200905804170123,0.008960137715412592
safeguard:train:3324,0.29289318285686716,0.3511444884959933,-0.40483692810071603,-0.16984252234578498,-0.0804938941779354,0.08866009350320594,-0.07091879404752345,0.19825381920080604,-0.05470771802858355,-0.17210057197041723
safeguard:train:3325,0.1434116221256095,-0.021800709493616864,0.049482040101605604,-0.18743183719290132,0.2909952241328666,-0.016268262033274427,0.02700203421571168,-0.050014098351563625,0.02476785937992317,-0.025204682675683307
safeguard:train:3328,0.3214911751534042,-0.16836718963500263,-0.02324887612675567,0.053471324133558665,-0.05875480676101964,-0.05300160367675365,-0.02050488039577573,-0.025448211723110622,-0.07168923536901131,0.030960449504430793
safeguard:train:3334,0.12704933185173095,0.084786758636351,-0.055393699541371154,0.14350422964369194,0.15338792317129304,-0.06225603492030325,-0.14033245801274075,-0.033180733075240665,0.03247696582718443,-0.01183250405367906
safeguard:train:3335,0.25637704303811987,-0.141944826609698,-0.012845458122264937,-0.001853567242106362,-0.048172173050743686,-0.02834682182399571,0.013778524805796994,0.005009940619433962,-0.01731216288648229,-0.030770439997222527
safeguard:train:3336,0.24629164693953137,0.11102732768516416,-0.05059523750952782,0.024126072337655662,0.008393655116252488,-0.07501002869066682,0.04395656306314159,-0.19751889628725802,0.0637970008668971,-0.03982253462056536
safeguard:train:3337,0.10503307876306717,-0.006634990709269549,0.011748889500019703,-0.1081455193332813,0.14885942423068213,0.0022659830154553914,0.006863361694776367,-0.018852852160928538,0.014930073866118682,0.006257035730574289
safeguard:train:3338,0.18244878680193596,0.317236579401267,0.18790418615779758,-0.05855255769596618,-0.04879351459982858,-0.05346844357947861,-0.11521170431729369,-0.04083583895112914,0.06550416880662499,0.007923003250470767
safeguard:train:3339,0.22330681374448727,0.1687560153129205,-0.2695646726910232,-0.05687950999969611,-0.06105664140928765,0.10793591696307098,0.08179167460738813,0.012634428902847043,-0.01430994432686972,-0.024059362528254528
safeguard:train:334,0.18599146382429352,0.14402800460057666,0.034424867994684485,0.06628766299331988,0.024074355045316596,0.024211200992949378,0.31391513836247786,-0.22204000673916485,0.08065271972663034,-0.01990480347878974
safeguard:train:3355,0.10061768833426069,-0.024262578602699945,0.03243578760133982,-0.14837686844799855,0.24638363592980345,-0.012732321067018994,0.013191585334896892,-0.032669604894113205,0.013387308204861368,-0.015874687947432346
safeguard:train:3357,0.36766062528741184,-0.237162420033629,0.00853238922856597,0.004724626613469817,-0.08928210835453326,-0.14588143611377183,0.0487937773023059,0.38480847693449105,0.7374860896265311,0.10765852165492125
safeguard:train:3360,0.14496028269820402,-0.08192399203109585,0.0005537544844077814,-0.005121880329853673,-0.016507442541610892,-0.025956701830449843,0.002265712755857847,0.007968525549159632,0.01913099500194006,-0.011907270496351187
safeguard:train:3369,0.05447362129740512,0.04450984923405533,-0.05853497761755378,0.01960475131844271,0.0059181239184885655,0.03928675988720311,-0.010737962225832561,0.03179789771478122,-0.026333538086231564,0.045015570401368055
safeguard:train:337,0.1470684591222219,0.11752099576600816,-0.08035296527429557,0.20627660411028878,0.159508014621489,-0.07566349086539947,-0.19755894071507288,-0.005638897929127585,0.03285246078412583,-0.053658601904263595
safeguard:train:3372,0.04624866238430776,-0.027189922687080224,0.008134988612868264,-0.022449806739340397,0.01808930124129575,0.008898026877596818,-0.000584523095205498,-0.007747734101289893,-0.013537017235295427,-0.015316758115988614
safeguard:train:3377,0.5739909310305079,-0.3317191473578403,-0.001350704490604922,0.0504926736076041,-0.08049615554730405,-0.07977160702038867,-0.010587391871203855,-0.015257845614515847,-0.11462745767543461,0.029207220953911678
safeguard:train:3381,0.12932418175574154,0.0824136301646717,-0.03735166010724759,0.1667146977181015,0.07145612538478055,-0.003319212243078782,0.13563081720959755,-0.13833171961369328,0.04627834765109149,0.05478456995184376
safeguard:train:3384,0.2017804268725164,0.36168579935681494,0.009792848205642506,-0.09945101891315838,-0.03685998836682879,-0.2638935429615909,-0.17988775270999474,-0.08986198021618814,0.030727462098530313,-0.07250532946956446
safeguard:train:3389,0.27829192660471186,0.29394120275277497,-0.2711419168573103,-0.01580311234363725,-0.04947851584386753,0.09745206192980624,0.3836805256664272,-0.17617646442378512,0.06946535772702347,0.02141948817489031
safeguard:train:339,0.20654670174552794,0.18464189582283747,-0.17207634750693543,0.004326383214519969,-0.003413811769177211,0.0629741508896045,0.25662296112580835,-0.16992037741998908,0.060401773404158504,0.05621707483426722
safeguard:train:3391,0.17458138365195466,-0.07744143345813688,0.01985888776361409,-0.04786498331106974,0.020716020933508883,0.011268211468336382,0.0157739478930889,-0.008120698442509271,-0.0315805996451176,-0.03229479554794721
safeguard:train:3392,0.13150465129772962,0.15066601000843982,0.06774803123695602,0.03393125783077458,0.0007834817505505394,-0.07061567623403167,0.10513131498420539,-0.06212095346744113,0.0057578713785446396,-0.03398838460345386
safeguard:train:3409,0.15181940011158118,-0.09095688655152818,0.020644671609277986,-0.046260945961443735,0.030889063571745975,-0.0035503372937900233,0.010375968487314684,0.027196111864673307,0.06412561278171598,-0.025725338283745812
safeguard:train:3411,0.1510244552348548,0.12497557883131324,-0.020497185359630944,0.43123925305692756,0.29744775089706627,-0.07257304853395105,-0.07253702987004178,0.21585665347185073,-0.07464653919400077,-0.05199972480333998
safeguard:train:342,0.05012846637954771,0.03123709877094056,0.003081957561194943,0.10443492210475744,0.05922236089100388,-0.04577218681100643,-0.020540220066894096,-0.021305556558070197,0.007353954909897326,-0.02686980198744485
safeguard:train:3420,0.4053614553193758,-0.2772061092781438,-0.0018969652174719578,0.0607349484584606,-0.10749566660127953,-0.07652039680864314,0.012927348658295437,-0.021099509736288564,-0.21271348854081745,-0.026160789392156648
safeguard:train:3423,0.11841126211262656,0.02354687656408001,0.06882314419344741,-0.010802179536348837,-0.024168795321826066,-0.015592216629092862,0.008288383398278809,-0.05457576071966506,0.0004781089869604524,0.004320823959054626
safeguard:train:3426,0.10889788166032094,-0.05154605724656664,0.029375530218909627,-0.17275096721605795,0.24950317813325879,0.009327973114508663,0.02041208511534024,0.018338269154409906,-0.001205541182710834,0.027749755715236257
safeguard:train:3427,0.2187368288669336,-0.09801946369404867,0.0017211156104920149,-0.0348017696106564,0.01111208700024694,0.0016849009889529985,0.002415446184640465,-0.004793574798478223,-0.00989233741513356,-0.02384435374358983
safeguard:train:3429,0.34034217802443284,-0.1870331199354892,-0.0038419677069865365,0.015563931346021204,-0.043979531970884285,-0.021664012876549895,-0.0011232090465133824,-0.017122965000915803,-0.05788877540986952,-0.0061904925704015954
safeguard:train:3432,0.3754132438533996,-0.21813291240233326,0.002581611408441586,0.07770636910733977,-0.061282017781921286,-0.0427387434558509,0.0019346771103530191,-0.017899646149492455,-0.0867041902545602,0.04484751988249481
safeguard:train:3435,0.2857631840471168,0.2894609522929764,-0.4525771514493036,-0.1607613665982129,-0.06162750844803714,0.21532439146504184,-0.050614886721080415,0.08098209139660514,0.019013490149997665,-0.10977908196521272
safeguard:train:344,0.057327890344048615,-0.0313785359770756,0.0010057247035541888,0.045055682089959415,0.012378307294024051,-0.005172609562143125,-0.02251609192396678,-0.0019569454551849404,-0.018045995304117695,0.018851691018654408
safeguard:train:3444,0.16153880628435507,0.04472470423879684,-0.03302729613417635,0.01579886277686362,0.013090860075697725,-0.00975212267160134,0.1272135133856527,-0.18210382569112096,0.03918152600091704,0.0366046982506668
safeguard:train:3445,0.1845983719348385,0.13776439661042342,-0.24038987530452366,-0.05122788301415729,-0.048438729291686626,0.11635904042268407,0.05805280804594752,0.1171685381775832,-0.05382563792686762,0.0315551297701525
safeguard:train:3448,0.14476897170133657,0.03624626090191302,0.008955841405029204,-0.020290612750046493,-0.017796805196024966,-0.08807205976006002,0.021838181429327506,-0.03494617587192088,0.015935835886474504,-0.00225771989484556
safeguard:train:3449,0.15271421687762962,-0.08737276976759302,-0.023491797538515494,-0.016072047923005168,-0.039914520387880854,-0.01046533410576456,0.021629451772178964,0.012436342714198918,-0.01902547942696674,-0.017708313396608864
safeguard:train:3453,0.18529489606347715,0.12105177416657316,-0.18903312114074006,-0.06957176530901064,-0.048171165208116706,0.07658190017850097,0.08073456763469432,-0.010487192060998666,-0.005956564445146857,0.03497376973038641
safeguard:train:3458,0.11916354393597349,0.003469276327480803,-0.02969243134830297,0.0478974634937386,0.009907515506366264,0.0027879677588134276,0.042562224465041494,-0.04522747701656727,-0.0022190530555300527,0.01411706362711529
safeguard:train:3463,0.14492740465693904,-0.05612727287883282,0.03396738481097379,-0.16518647426229752,0.24769880967106758,0.0015345900922339754,0.024144173614795407,0.0015039850635658856,-0.03722407035245288,0.001576485299237683
safeguard:train:3468,0.09584407367577397,0.01265465623271003,-0.0017632444680633005,0.09562070359292849,0.051716731038588246,0.019020760147859264,-0.03428458664609467,-0.020826046876607274,-0.005655364435618896,-0.02121684327559816
safeguard:train:3470,0.18104286416843482,0.07699303685812148,0.06103371883851019,-0.007394916473765304,-0.009272919951553844,0.014028541311125638,0.0992919524545364,-0.1581301641753174,0.0542198606505956,-0.012840680821283515
safeguard:train:3472,0.24221000727777603,0.2037282408586475,0.11308472033120336,-0.06786074792850463,0.04008669442451011,-0.023658078809990195,-0.11776557368316236,-0.08082367602548175,0.05527730661275562,-0.040475277049948834
safeguard:train:3474,0.1657688989421938,0.11313368711509972,-0.1705035216454773,0.03827317424629254,0.02702172250734103,0.13311027876244133,0.05631780646907401,0.09422571771529911,-0.03379061270558389,0.04411270338513816
safeguard:train:3478,0.17372906408416394,0.2229571505379392,0.0673633435803852,0.08359479924135564,-0.003280181470453739,-0.010549924054839512,0.2932225471826298,-0.1859666704571821,0.07166900588372395,-0.01871756269263018
safeguard:train:3480,0.1402786789349107,0.0335141587896618,-0.1129136996593161,0.001076730715922234,-0.0398704561656988,0.0014178949224594294,0.011582785339650764,-0.011018031454516289,-0.03335475087209189,0.12317536973585479
safeguard:train:3481,0.1743789949957621,0.29835674238112814,0.26367751831755115,-0.020225697499776114,-0.08049759982206055,-0.13673052157764262,0.12053828116515186,0.12306590723701395,-0.08392669552409089,0.04455536527403672
safeguard:train:3482,0.19776215230749836,0.31005942002881687,0.04081971392287921,0.0541307522528569,0.03917938842583157,-0.22425042944043289,0.03288960699143248,-0.14621700892970085,0.06391170274192114,-0.11299342799923166
safeguard:train:3485,0.18538922272858002,0.20807621730257295,0.1456396628626356,-0.012525023644644343,-0.06200213325161919,-0.0785845537174256,0.18523096499713815,-0.1574314346219165,0.05157117994597262,-0.024019752309172457
safeguard:train:3493,0.17559086460111895,-0.058067463137963,0.04898042129482258,-0.32001798805034054,0.4831059099761639,0.004512868555612493,0.0456176517244903,0.020335855312124604,0.003919787276757818,0.03729341753963762
safeguard:train:3494,0.23749769889719138,-0.12558517644540682,-0.006581523067872231,0.026895132012539447,-0.04336162335633079,-0.031994469666565155,0.015276884835450808,-0.01718757013884488,-0.019619645846447768,0.0017755930192115594
safeguard:train:3501,0.3249017808892003,-0.146810624351025,0.006874688244500896,0.025657167867568983,-0.049413153362089304,-0.021219136840138073,0.01901793170331723,-0.011805831251303887,0.004612317999280939,-0.025222409781420898
safeguard:train:3503,0.08551813331614395,-0.01789625225773209,0.015337038552135949,-0.10174898536875705,0.1232310620206934,0.006392260306748321,0.002541362416292528,-0.014512895015481189,0.013382108345082019,-0.017803189287097683
safeguard:train:3508,0.1286496560161178,-0.035230361479340555,0.044005630613365036,-0.21273892237106282,0.3299647294755057,0.019530961950768994,0.019748199724990544,0.013923786713319699,-0.0017520947087627204,0.011503238504716556
safeguard:train:3510,0.28410618097051094,0.3439674521334208,-0.32535614060057344,-0.15435339940842707,-0.06661704692157501,-0.031099529492262655,0.01232185380178847,0.03821340094966335,-0.01814365296645916,0.0039502760791957255
safeguard:train:3521,0.12579110129506985,0.0815115580961935,-0.061176314896844705,0.3771043385718992,0.22757071798221065,0.0857636143700239,-0.0010376660667821562,0.04182600706238074,0.014714020658486596,-0.04484998127776648
safeguard:train:3526,0.1743831808066188,-0.04771414383284065,0.011903472567023881,0.0037771270138557975,0.013335837144505133,0.014062014869090705,-0.016366882340404856,-0.03201783080697321,-0.02560154608508318,0.024176935027064722
safeguard:train:3529,0.38800104885653114,-0.17907965289254466,-0.004205727656179349,-0.0013100302288575592,-0.06690495493405936,-0.014540854701405008,0.01429171870634859,0.0060506903010310985,-0.006381092383434646,0.004181677169097403
safeguard:train:3531,0.1928468462508301,-0.11579933706440453,0.018626025399719994,-0.026446918291166195,-0.016789261401592953,0.005967975121800767,-0.0014276871746642667,-0.017089151861009965,-0.03155402086858981,-0.04016853476612489
safeguard:train:3534,0.2568336388908945,0.25993995839750783,-0.32814525906612557,-0.12384626450120496,-0.06019581148371337,0.06251610791022795,-0.08647073536725115,0.05358752288414176,0.013800053265695462,-0.06114291064232371
safeguard:train:3542,0.0842004182479152,-0.028555677290075965,-0.0041941711927395665,-0.044207586121137066,0.03598315265145495,-0.008112663347458202,0.014813228748557236,0.023047796845592845,-0.004740936536036572,0.03209508648013755
safeguard:train:3543,0.19843214122023864,0.029293808131024484,-0.0683871038387303,0.006158787971376018,-0.012829586983481736,-0.0754200488023927,-0.07308793583515182,-0.09954707820121055,0.0022351869294439503,0.0762873742612557
safeguard:train:3545,0.11508630748660881,-0.01294875296907822,0.0711949164536425,-0.17481052298406832,0.30182359508272344,0.04311076286572165,-0.004480795466426957,0.0174691380336147,0.00034488798886914943,0.032753496625880445
safeguard:train:3547,0.1224689644190325,0.05072399079205004,0.006333599450287712,-0.048495849064273046,-0.0012026160745833509,-0.09054826425618714,0.06846561053036715,-0.01996046991395053,-0.01999512076633159,-0.004777741616762942
safeguard:train:3548,0.24735716045581696,0.37540871202043496,0.17851815361689238,-0.0900500294624029,-0.05656087583325356,-0.20085975705357656,-0.13009668353688691,-0.11222225086953418,0.08439608368281347,-0.10786356647842439
safeguard:train:3549,0.15317632412105317,0.14227925524327412,-0.11793083662163172,0.23622935345117133,0.18666333679766817,-0.08930712081858734,-0.18805188663575334,-0.0455536768834633,0.04200286913633949,0.02100276353169298
safeguard:train:3550,0.0767151681381275,-0.027988840939201006,0.013175491449490167,-0.08151494192017698,0.09808472836804231,0.0025427744826824754,0.0008739881724737757,-4.107478258666735e-05,0.005369475640830914,0.00461109750280224
safeguard:train:3551,0.14708468358828425,0.0724118032732241,0.0577586812961379,-0.0026511459991818026,-0.0028982294360832125,0.030745788113095182,-0.015216214688095397,0.010111351913539665,-0.04696479714545686,-0.00032484167840146654
safeguard:train:3553,0.1983838491788232,0.18599773864853275,-0.13194529577889963,0.29314221823498054,0.2127475371451606,-0.026166502845487015,-0.20006035912647427,0.03728127610325652,0.030694964675460155,-0.083199729110619
safeguard:train:3556,0.186492630984345,0.1714894609066601,-0.17339026832155885,-0.0875066921295063,-0.025752547750867997,-0.054444943851085906,-0.12445579159830313,-0.042661238015612474,0.043376147778168034,-0.016563904859773198
safeguard:train:3564,0.13445967581815557,0.12192465731483375,0.0530493069105534,-0.032809791003180246,-0.015369961218956295,-0.042794822238556116,-0.08330115459132825,-0.06213697170227113,0.03823208415194726,-0.02883684740546427
safeguard:train:3566,0.16887549508940708,0.11718934168119971,-0.05863274637344257,0.3263696299626914,0.17576895874895596,-0.007374259733376352,0.12076574184172142,-0.13703583268713956,0.06023287124656099,0.0271815438500993
safeguard:train:3569,0.10436366571398052,-0.0121530707708882,0.06666499851630775,-0.16266701023816,0.2762115954107126,0.041304881551500645,-0.005852947367536439,0.015957164357325335,0.003189057506559283,0.030123407257334825
safeguard:train:358,0.15339652644850266,0.26864012547565763,0.2535191755382238,0.011461589978299106,-0.024704331082137012,-0.030645913568022144,0.07086229929471088,0.23514211001058083,-0.10232417725340685,0.06783606467283183
safeguard:train:3581,0.28036998071505925,0.3124419617757556,-0.41424845816288275,-0.14518491831600006,-0.052478976823765795,0.11812207158820538,-0.1251888134280178,0.12394242906767777,-0.005453473327911298,-0.19204357402659972
safeguard:train:3582,0.14758720018510096,-0.031931807108355,0.03490959627452384,-0.1771541561991694,0.23637252884162138,0.0004255921242014196,0.027030478084844326,-0.01134641789173462,0.012552980722023325,-0.0030844306119614286
safeguard:train:3584,0.20683712859052977,0.2205293654267438,-0.2528894600720325,-0.06706134508233966,-0.008119608143877115,0.021261118919294074,-0.0709646023113782,-0.05224000934420621,0.05265234225950298,0.03381722523160047
safeguard:train:3591,0.18335195071503338,0.07856111100344036,-0.1461971384624698,0.0003727001364166882,-0.01447012855874238,-0.04260297234037271,-0.10559987915478242,-0.07100575552303273,0.005055980998540289,0.1552058353199523
safeguard:train:3596,0.10836295837421137,-0.0332577942608642,0.036788590786920795,-0.18378526150332125,0.31229796137725085,0.001496939933928237,0.02365347821113941,0.01633859078730819,-0.00942814270214456,0.015039805948539908
safeguard:train:3614,0.1467634460714666,0.04259422800389372,0.008252217279698989,-0.058990138705329986,0.06813335927059541,-0.028863116319002517,0.11549680034742413,-0.17451766984747633,0.05678433713224324,-0.06004985533023692
safeguard:train:3617,0.12440048911291467,0.0995829255328724,-0.0671099564020331,0.45194541224567203,0.28983855853849516,0.002038300978054891,-0.011104403756181167,-0.03021799163240149,0.050239521267576304,-0.007286399086041707
safeguard:train:3632,0.20491427886279145,0.3016307303848699,0.23715552664921175,0.08683319732556215,-0.04076050527026438,0.06860280406639811,0.3577751918063147,-0.20518906312215776,0.11065481528966817,0.04799255747323562
safeguard:train:3641,0.12021282136919938,0.10707443998143053,-0.061114285970053965,0.20506450450030736,0.15989780058034897,-0.0994925199466053,-0.16218997099573576,-0.030353270572943306,0.043015462564565086,-0.03868765172538224
safeguard:train:3642,0.18281553431085126,-0.0882012074601016,0.014676566942243683,-0.048796307567348485,0.048202252299164854,0.016807193035061042,0.011732557233193807,-0.014942740271362446,-0.020713100983503766,-0.01607403841128539
safeguard:train:3643,0.2549749647621113,-0.11006942499349986,0.01822242084150584,-0.03659334576830353,-0.03970587743872848,0.01707600498571871,-0.012583260410518032,0.014239154771954863,-0.003907636166557722,-0.041514096619251144
safeguard:train:3646,0.14565844148694662,0.17984452636795278,-0.1676444087227545,-0.041319665640882956,0.01070358202856784,-0.06972626345635034,-0.15303495511989604,-0.014422247496721457,-0.012240954951351737,0.10616232658507825
safeguard:train:3651,0.11220312638463636,-0.03172517048614087,0.04056746705053105,-0.19860516446165344,0.3374901920601693,0.0018554154667663578,0.02481521970777768,0.011469676249879634,-0.011005397791327887,0.009604342983267875
safeguard:train:3654,0.07132259991998872,0.0964991200424477,-0.10006102049395893,-0.041232221845248704,-0.0282161760817602,-0.046037343205396895,-0.04835791914330196,-0.012037945563776756,-0.046920147802084484,0.1461010100886165
safeguard:train:367,0.1926433850235658,0.13240215760987958,-0.18064433068391306,0.009649966425966272,-0.018689948908383724,0.11421504869326286,0.0583771512606099,0.07472353349326913,-0.015419391118014929,-0.09558151975832815
safeguard:train:3675,0.15852441862350355,0.14550499137622538,0.06271652781549533,-0.04242318194242447,-0.012766173122039523,-0.0856812711395437,-0.07887687405310917,-0.08494350477953899,0.04494880168536892,-0.057750025551190014
safeguard:train:3676,0.12945464641705876,0.11301182289266282,-0.15099712973611235,-0.028234765869206587,-0.005529193489074958,-0.018035305466265892,-0.12176344719742903,0.0017951297392358157,0.005937999651105275,0.038336112776115726
safeguard:train:3679,0.20938319832890046,0.2667001640597186,-0.2821840542503601,-0.07284254835531946,-0.030484349244398603,0.0533949675867873,-0.07761673295303803,0.011003286189646272,0.028676505139498966,0.03950383478499117
safeguard:train:3683,0.08279794547804112,-0.03455657226765374,0.020783530604502633,-0.1168039150037644,0.1566755860288462,0.021599387747308414,0.011636314380408542,0.009353774347989344,-0.002684173043300032,0.0032887680178020984
safeguard:train:3685,0.10535687815932579,0.01180777557703688,-0.06754495488014474,-0.01473733739323469,-0.023152771196774526,0.01818474206305601,0.028490687375631728,0.016946600160400577,-0.0461862726867478,0.10680980013107155
safeguard:train:3707,0.05295723830727807,-0.03176721967449004,-0.0009679894828079049,-0.00711247041987118,-0.00455261633805207,-0.012540196144029106,0.005436513392547511,-0.015646618501371,-0.013315353325845589,0.00460778908816403
safeguard:train:3710,0.24362743988301647,0.23366204499314838,-0.25692907265537024,-0.008609593494269083,-0.03977131660095863,0.14694292653469143,0.356146701483671,-0.09616910212865257,0.03790099786281375,0.050407887849598744
safeguard:train:3727,0.10853997597657418,-0.009314986839711534,0.06983110874065525,-0.13716354518741697,0.23244670275973087,0.04606416996707856,-0.018586453370694957,0.014532061023567865,0.003010731165937766,0.02590930135797375
safeguard:train:3729,0.16395058782547076,0.16826971886936165,0.20885764997111306,0.0035323333594890465,-0.04195878850513036,0.09618962446912982,-0.013372881721097025,0.04994094086704876,-0.026002932246651397,0.0017825666729775545
safeguard:train:373,0.16730668276909644,-0.06294953563720798,0.04425532050551211,-0.26726573049868624,0.426091280514527,-3.656894259725559e-05,0.035106746496589195,0.02116735199268349,-0.0016883241478638292,0.038254673958966263
safeguard:train:374,0.17778019425941446,0.16026099974783592,-0.17481573894483832,0.01990585268134682,-0.004004141907837251,0.07754684843478032,0.2316154050558821,-0.10272410630400448,0.03876244092815998,0.11308740308025851
safeguard:train:3741,0.14756741803434822,0.18933963709592116,-0.02295478238993466,-0.0829063605936794,0.008595667532659003,-0.1843362743419418,-0.07416218280908578,-0.14444666693144997,0.055400879086268014,-0.08605497309755288
safeguard:train:3754,0.20310899828812617,0.29679342988910645,0.2185480738639219,0.08711848475067185,-0.03675497975761126,0.09228523301181558,0.3542435868609827,-0.17433165969076608,0.10607119883381706,0.05035364701043823
safeguard:train:3756,0.11661753299109134,0.086107306109606,-0.013245777246780091,0.2981000378452383,0.20809945669797075,-0.05795518237255121,-0.06313452561041316,0.18999727291390534,-0.07593867238542647,-0.025830480909137477
safeguard:train:3760,0.19217993985862414,0.24245033810223407,-0.2434236814368648,-0.09151792868753578,-0.032439317900127995,-0.060454812551811656,-0.16448990011875672,0.031190475004112914,0.004671502333462161,-0.00984271371234933
safeguard:train:3761,0.1685109236434289,0.11815908453275098,-0.04344101319532086,0.2997279225857487,0.15707241179874193,0.01516702199743267,0.1509741924723781,-0.12849486608115587,0.06905979090332788,-0.013618085287270402
safeguard:train:3767,0.15790248014959882,0.30255471135764006,0.19938904131390295,-0.027182940396084404,-0.030366678590048036,-0.16946552823086677,0.1514805135927438,0.3456633365591354,-0.19626661995518896,0.08582898394717942
safeguard:train:3770,0.3627970730618426,-0.18108335993906666,-0.011502427992828199,-0.006177967070135353,-0.05404193037683596,-0.0036145480356464315,0.007995779058628758,-0.030173319506637986,-0.0451075886897496,-0.04800434994357541
safeguard:train:3774,0.320315618177279,-0.17343756728096485,-0.014307762347502806,-0.018216832356882914,-0.04063586619661203,-0.030193836711920347,0.030895136491696285,-0.019132428085347084,-0.034640007653120294,-0.037429763099108074
safeguard:train:3776,0.17777641539609546,0.09579025519729074,-0.1533828528303424,0.00833513028813031,-0.0356565052280772,0.0142566835318376,0.048907959482054106,-0.10869307920160096,0.011883065722992987,0.14034517315675715
safeguard:train:3783,0.15413029560626887,-0.06677860038033624,0.04530501906266983,-0.28283346581331975,0.4342415523388382,0.013232423014259299,0.053892891144777307,0.019415786967725956,-0.011326502367890989,0.02970273169104714
safeguard:train:3787,0.1034697887615604,0.061180213013555564,-0.04151891168316425,0.3124591696878068,0.19876396559876772,0.01571219994539157,-0.09129795228918751,0.04962156177981199,-0.001977122631642861,-0.0435038192154996
safeguard:train:3796,0.14016876991191551,0.09032891027105269,-0.08247977157420328,0.4285327544415255,0.2715919555777591,0.03884281827292081,-0.025690826780276208,0.027653133503196717,0.015550141739044438,-0.0410618092355396
safeguard:train:3798,0.14412495153638832,0.08351897554690431,0.07459918233155835,0.05464628567457501,-0.002034431015553064,-0.07248798894334417,0.010165204579230482,-0.025860810979736287,-0.01714577145602576,-0.016676671388189346
safeguard:train:3807,0.16512160300589743,-0.037454084323331395,-0.0796338895373209,0.029990336412709484,-0.03088370801325028,-0.011977115109226315,-0.008976260746024192,-0.021242865440519274,-0.04393679456449813,0.1733261726187366
safeguard:train:3813,0.10042292233494046,-0.030483022341187178,0.004736907909126171,-0.118144744801465,0.14803491142125053,0.031806432149699755,0.013470910795184112,-0.018890019048896683,-0.009767804803675466,0.02458665185197616
safeguard:train:382,0.2832862599036874,0.2487841170063943,-0.32862313036795315,-0.07569026959283282,-0.039124685264280354,0.13659150550746743,0.06250966793264237,-0.05995519902007425,0.06390080066414591,-0.08899115758030315
safeguard:train:3843,0.17987412127644808,0.3708932200913392,0.1985311086145929,-0.045006109425794326,-0.030855185725428096,-0.3608410142963955,0.20626172342094043,0.30722216818298753,-0.21792787267980213,-0.011245285494791256
safeguard:train:3849,0.11786145329833961,0.011168001764734111,0.000621349747666632,0.21042575535904756,0.1290042282258697,0.042217710000470386,-0.07263383215039551,0.012314745630361812,-0.00683189549401803,-0.04640192480641833
safeguard:train:3850,0.1934936462640133,0.2838652042436176,-0.02141053064412162,0.008200242000689624,0.07523662260184462,-0.31533117169919694,-0.194467861059553,-0.18520471821690232,0.10311512070344783,-0.19836180430771108
safeguard:train:3851,0.11915460375627666,0.08558559361292135,-0.07201769513012418,0.3127734163261799,0.19450256384062825,0.01589544023750437,0.01563578815878396,-0.04434198469907036,0.030979995826189988,0.05142640680597013
safeguard:train:3857,0.12763914669034948,0.21175749385369128,-0.03930321423021904,-0.07019389211301764,-0.005435004089783783,-0.18758031845070566,-0.14054018577117805,-0.0693668320766807,0.02940670102425203,-0.050626168735393225
safeguard:train:3861,0.2308549595863559,0.38049429615040864,0.15212182822785206,-0.07438597135498727,-0.03691988879143549,-0.15075053395671717,-0.13096096670244273,-0.08310451034261669,0.07458269685315976,-0.09979699349444746
safeguard:train:3870,0.13408279930256076,-0.06531142094105064,0.031059881023924783,-0.2166250165757361,0.3075248414965255,-0.0039345843964189746,0.030806011577773528,0.01670263234356306,-0.0035213953414193915,0.01912614500568553
safeguard:train:3872,0.2788458754562241,-0.14632366857763068,-0.015471719384305083,-0.03386781055177422,-0.028354361558043533,-0.01637188805975627,0.03182816675806288,-0.012313575122160008,-0.028582956811913713,-0.036906712004686905
safeguard:train:3873,0.18390397933680258,0.2889474076680578,0.007550158444982084,-0.08032175608288283,-0.004922601282265191,-0.18459348377102103,-0.11531382505038819,-0.13542142220712083,0.08233533459770621,-0.08239521400022799
safeguard:train:3882,0.10450223104435859,-0.04496944443462705,0.037042764358897716,-0.1996953211262804,0.29238111910049985,0.026244005528053924,0.025541445298348377,0.013307137472560708,-0.003539509224053001,0.019000800082898377
safeguard:train:3887,0.11707233904464827,0.07910219752386052,0.0869051516028046,0.004211211260248727,-0.025349132891652127,0.00930850692154683,0.03639199937258382,0.01471914610830174,-0.013969411068869366,0.0003427095534136146
safeguard:train:3889,0.179650622565228,-0.05963062088970515,-0.014019895503063144,0.03677775712890895,-0.011760186937116807,-0.02734141715753695,-0.03001678296803692,-0.002841099278989795,-0.01789567685650488,0.033920460034673305
safeguard:train:3891,0.24883922925195961,0.12408583675399203,0.08029930839655966,0.0041954215475707365,-0.0625240861210977,-0.0471544182520292,-0.03495237641450424,-0.049894312231717065,-0.024248597938982683,0.029495279140822606
safeguard:train:3894,0.18053881231137622,0.19884885402600952,0.10523540923907884,-0.02855993896912184,-0.011016331799050455,-0.1812776002232914,0.1100783215127719,0.16708513620523974,-0.15240336948618874,0.01845481986762372
safeguard:train:3903,0.20345931336627585,-0.05500740394791673,-0.0363398311960215,0.02627204033654788,-0.03180302198462951,-0.02770478825407484,0.020646712029716997,-0.022882958414457952,-0.00093670149464062,0.01692506645436868
safeguard:train:3904,0.11964824116206838,0.013124080460573518,-0.03675589988367922,0.02505233391229868,-0.010781570046181703,-0.008170532144925927,0.0041222478694237135,-0.03041540476480716,-0.021564438442348313,0.04380260057000027
safeguard:train:3906,0.16795176946193358,0.1862801522042423,-0.11049589757949656,0.22411788923603967,0.18388831310604356,-0.14813296426883474,-0.23502073193364248,-0.014374051550578412,0.028902463449368008,-0.06323948362410439
safeguard:train:3912,0.12663266626979064,0.07346285043737323,0.01562797930579654,0.15675714029021365,0.10591623196589037,-0.046803326217420414,-0.019001277898203835,0.171365170900902,-0.09742597175377386,0.023821443348202038
safeguard:train:3915,0.44653294440225605,-0.28855502395921667,0.0027207136995346295,0.04375569017245831,-0.09612211550950554,-0.06585448553803884,0.03030315724926372,-0.02630680689691829,-0.1861854317145588,-0.022066357449218782
safeguard:train:3917,0.14150789889398807,-0.07822928175833278,0.005728654364267676,0.004679431709647139,-0.02265264125675739,-0.033353284077067676,0.013870725383643357,-0.009130619745601353,-0.02398097181855677,-0.01684255877350366
safeguard:train:3919,0.1278437386945752,0.1523569121613473,-0.1169415811971037,0.18518052264382606,0.16609890425297755,-0.07996473480959938,-0.19924441067532003,-0.002224628284363468,0.035101462683862744,-0.05789924134700057
safeguard:train:392,0.19162365627163438,0.0032086583173222658,-0.0369186074049537,0.034759930681671984,-0.00542536882075075,-0.0821345903420325,-0.005943765027759572,-0.12188768672315387,0.04153802112253685,0.015673362073765497
safeguard:train:3921,0.1522044000762585,0.06373868245659957,-0.024533760414925054,0.060754192151271695,-0.0018150843087989218,-0.04274893989782245,0.11123895711077332,-0.1113995360978171,0.02365408599486919,0.015421387912636798
safeguard:train:3927,0.2113326783342939,0.1894004992696729,-0.286076489626718,-0.06594106861945664,-0.07410181728705306,0.24321451977554823,0.2755650536669144,0.052007136229168006,0.014126398317873871,-0.21954988164738862
safeguard:train:3937,0.08762324315592684,0.043754098972327765,-0.10212874284573453,-0.021602729037366517,-0.006839213683121579,0.035569150740012496,-0.0028950997603029802,-0.00773560712613475,-0.018244757057156197,0.13135698489845793
safeguard:train:3938,0.1333052889092149,0.028283251664023835,-0.033953046653766514,0.2717751300593487,0.1642688667320881,0.041291893688548846,-0.09367032065813874,0.05919533793946799,-0.006321278071719743,-0.08550890730406005
safeguard:train:3939,0.22301065304557727,-0.08461301748787367,-0.047508458781813374,0.06700644172253407,-0.02590937418631789,-0.04337321413438348,-0.03234999243208389,-0.013450956078547299,-0.022949344790799922,0.025130766696269208
safeguard:train:3944,0.17119470811153953,0.2851199746623488,0.2509856309072273,0.13548512626750311,0.05560503438975504,-0.043882371642540836,0.04909695172384362,0.24077722027639645,-0.08374826218508738,0.03385069206423671
safeguard:train:3945,0.18629544160640685,-0.026936280530365425,0.03769399018058601,-0.26205459627314237,0.3744008511833801,0.07709721034373895,0.08767441168084063,0.017398711027068203,-0.0009588988132516881,-0.015987691770459642
safeguard:train:3948,0.17884700524322425,0.1091993360987032,-0.09687971422127194,0.013036086597911537,0.0072852192087803375,-0.07847968395281414,-0.12420845187172387,-0.04227453424492582,-0.0022348486078984198,0.032519638400869647
safeguard:train:3949,0.05179783312439518,0.04644810579133811,-0.07976690411729659,-0.02695075006547014,-0.021668283353647788,-0.012021878275324329,-0.05898325067734603,-0.015298867888072094,-0.026034158933685752,0.11601547560133749
safeguard:train:395,0.21650499494902112,0.25252980624645044,0.05246026311781027,0.05409708313566295,0.0006025569292934263,-0.031950554783433005,0.34076749019960767,-0.28328621115627695,0.13023564429228437,-0.055956111074731064
safeguard:train:3952,0.10068410663787372,0.11899673955239626,0.04806384104836539,-0.01127589957450579,0.00791611100926302,-0.14496831095118037,0.032220252698358924,0.0883512026549863,-0.0700704616116078,-0.02280225391693059
safeguard:train:396,0.18632530707239742,0.24600270750508918,-0.20025426934112614,-0.06045587505282799,-0.011961573280492598,-0.10358125717339357,-0.15427055910370213,-0.016549766273881487,-0.00881579985023752,0.17174607580283974
safeguard:train:3960,0.10976810550252195,0.03695014404633767,-0.028568499087402912,0.04340048439067943,0.0198574549991542,0.01314154647162283,0.06449840904501707,-0.06381571001205708,0.010746132939757394,0.03755998401337731
safeguard:train:3961,0.1699943961946733,-0.05381212912349649,0.04438791476906206,-0.274674212301642,0.44559834199934484,0.0005682370669404403,0.03471521454512783,0.015207289497844783,-0.002368127373809797,0.04476212281207719
safeguard:train:397,0.10853329874123782,0.08761858299934627,-0.13263333697519758,0.044903867395213744,0.001447064930539135,0.07237310753995974,-0.001696713783119724,0.14290677583577815,-0.0607172031973205,0.03993287059556654
safeguard:train:3971,0.12175613404605957,-0.06719867830120296,0.012429113644555564,-0.03117720005695076,0.010754308570374831,0.009499644425032821,0.002742043646841944,-0.02167554540717989,-0.01674342341280421,-0.014677409726928017
safeguard:train:3976,0.1491082268731606,0.14185249704901212,-0.09771010207502587,0.3311021239448717,0.2517428838732935,-0.08722869491231561,-0.2200112238371607,0.011806748690300382,0.0427383042260615,-0.09176117120069771
safeguard:train:3979,0.1765787281262815,0.04868807127564156,-0.030584756457428388,0.02881555205131576,-0.035179938205479155,-0.020785368759865194,0.061856969794298215,-0.07980922012825194,-0.008645140550247678,0.04523323095736033
safeguard:train:3982,0.24431906023201783,0.3575592461406928,0.14861395654038348,-0.03613224995091056,-0.05865922745995535,-0.04977841091199129,0.017689227953670523,-0.12871528390167525,0.09459643226856673,-0.01635150938769559
safeguard:train:3986,0.13535651013140101,0.15436258290779709,0.10408583755172016,-0.034577547548041605,-0.052921910968661195,-0.14634500589706795,0.04790940930649865,-0.0329722259547019,-0.016910709322635914,-0.07900766199111683
safeguard:train:3988,0.26723030865193176,0.5128031464679875,0.21186962137845014,-0.11331615514997725,-0.08718322429114994,-0.24339903354204345,-0.06855593907683331,-0.0018650698619352805,0.02130399893716617,-0.015762506294519037
safeguard:train:3991,0.1608778429068389,0.04233550664874021,-0.03530381586672807,0.31350860575022704,0.21446660532666204,0.06211316673906544,-0.10878294043143383,0.05114269476844052,-0.005700017245891675,-0.09649246333554767
safeguard:train:3995,0.1355724675634084,0.11143030208611786,-0.07515735600021868,0.5419656284051919,0.35012467233750316,0.015829573150676648,-0.022434971213983596,-0.010446271260327288,0.05218706012239588,-0.03207242161307483
safeguard:train:4001,0.34159129052211523,-0.17232280727465146,-0.00521625687266717,0.0569074264397996,-0.0485106440180042,-0.03521722882283956,-0.05243155390506205,-0.031118103668957446,-0.03901733379496419,0.019299520455582836
safeguard:train:4002,0.13252479712669984,0.050261082523797816,-0.06808962643322251,0.018025187239307187,-0.012954284002019575,-0.010323719505770585,-0.006499863428930493,0.03715403628889678,-0.04212740701452234,0.04623528363098561
safeguard:train:4005,0.12598084199658707,0.08419215365811719,-0.06696844416973462,0.3938977857610187,0.24133067212927128,0.0892968457640537,0.002323396312284547,0.03595915324803141,0.020272190259990656,-0.04222741726462555
safeguard:train:4006,0.3538631407486859,-0.16321543219039683,-0.07391860583394817,0.05576899129512172,-0.06354643730656682,-0.0448446466215567,-0.018241247252860672,0.001992359166403884,-0.04823905408096265,0.0005216353654519282
safeguard:train:401,0.19494139606040348,0.046383595511858194,0.01529096446559866,0.004048426728633256,-0.00688532275433749,-0.06606649306566062,0.1335760106028712,-0.19958807115231836,0.05081469179282207,-0.04746866850262943
safeguard:train:4010,0.2504033231969776,0.383005564344889,0.2701957255583361,0.08836631149046376,-0.05487578780969643,0.03613175684870864,0.44340311214668926,-0.24230049848768384,0.12818481909421936,0.04647620794003715
safeguard:train:4013,0.22941554302460837,0.1965493364196193,0.1280066290671783,0.026451633661080835,0.002913366297733151,-0.012745576258672947,-0.10538432236631375,-0.06990884376822055,0.05751746582496873,-0.03699591958964611
safeguard:train:4020,0.19358367913773888,0.18537467207531008,-0.23662283573884335,0.03043006931052727,0.026696689015383437,0.059331375552308135,-0.09322785858430387,0.01476923207357435,0.015221276137106894,0.06357365170433066
safeguard:train:4024,0.16041526620475544,0.16039143910659298,0.0995445677308583,-0.03434879366714807,0.011458140868690176,-0.13571816539745035,0.11546101094765589,0.13981431198656763,-0.12080831219248411,0.014493123600988617
safeguard:train:4029,0.20580353825000125,0.17328228908169838,-0.19861805522373277,0.01606244015174033,-0.019294252790809534,0.12048960118471964,0.28531539666239036,-0.15808852876134905,0.06366782672700323,0.0849578296140194
safeguard:train:403,0.2003660214088953,0.1676302685922181,-0.03232670276820005,-0.01762714824402142,-0.00129025871291152,-0.17765202049197745,-0.10162787403616722,-0.09122962102275757,0.014860535967260025,-0.03880125816620206
safeguard:train:4034,0.13125401558512892,0.10747922516804215,0.055675605630618054,-0.010019167889281904,-0.026078666100369602,-0.003435815183351078,0.13965192977378502,-0.11895854164843363,0.013965583944611601,0.0077088965006314614
safeguard:train:4039,0.32212861424889516,0.01413799532987634,-0.010224296052962328,0.03063652958774382,-0.03439056901599492,-0.03093232254259229,-0.02989888385913769,-0.04847693306660551,-0.016135974482398056,0.07669710815872506
safeguard:train:404,0.19630444412229944,-0.06801603252386311,-0.0001506695694980569,-0.09180604153421733,0.161731725223023,0.03035111555640513,0.01971964023317889,0.007005286991133905,-0.007133937873390817,-0.015272816275662902
safeguard:train:4042,0.07325185420549506,-0.02906380113415738,0.02091400277431412,-0.051201204651038966,0.04973814346185868,0.026609621582181678,-0.004964831003352836,-0.02507017235927978,-0.0040958945919097,-0.021422416398516414
safeguard:train:405,0.11648419755922848,0.06471025588277879,-0.14505026571844606,0.008437644053306242,-0.023496403048239568,0.037987645040481015,-0.01069876563744412,0.08119641610968428,-0.06336590787370219,0.12837195063226295
safeguard:train:4062,0.1059720570593028,0.01730011357152246,-0.010148069904413854,0.25485408364818674,0.1454776569468572,9.372771868780556e-05,-0.08916105654277535,0.02609001433727961,-0.014366704769474381,-0.016663767405523083
safeguard:train:4063,0.238362511480144,0.1575356854869463,-0.18253097086489267,0.0018846787647310728,-0.035279449057528965,0.0379956813886168,0.08706677978236156,-0.06534717087974443,-0.0402281106266368,0.40449699290568303
safeguard:train:4070,0.19813226509636586,0.1311169040530819,0.07909449789161256,-0.04896502136842707,-0.006495948141514335,-0.047591219078784795,-0.147797964930932,-0.08302805154310758,0.04139318174530061,-0.04937889965262458
safeguard:train:4076,0.21153476639584695,0.2791335578398407,-0.34260783339161593,-0.07999584077756802,-0.024856912153270315,0.04428289668251776,-0.10593728934086769,-0.0047089013610206575,0.03799581514218693,0.10285127300398916
safeguard:train:4078,0.11262327605610366,-0.023707521556897863,0.05447101951169319,-0.1171267540720951,0.18157903632989858,0.03800839447268429,-0.009546541564950774,0.0031122717771775747,0.00013558640088804486,-0.0004401900875190608
safeguard:train:4092,0.10301307015782077,0.0350859972801922,-0.06704804000613161,0.0033543253821856664,-0.028907630084504404,-0.016953775885212744,0.035618735678923694,0.06741980206830743,-0.047790659673011465,0.05973478591781668
safeguard:train:4096,0.16744108121020804,0.10580143529222792,-0.11090816680821909,0.005921995236904251,0.018708682705658102,0.07067782906456904,0.22399236433323694,-0.13424481864114274,0.05427276080111107,0.007572362160671772
safeguard:train:4097,0.10058841321864756,0.01015740130992255,-0.013396154534162784,0.004987897771049714,-0.005862054763517838,-0.005668010909046957,-0.04603046968749942,-0.024921544990125836,-0.01389643923866448,0.03752020184872958
safeguard:train:4099,0.1178654096099049,0.00688109871251013,-0.061217826366051525,-0.08341279949621361,0.06006457469958096,0.057693307888665404,0.037341841332137866,0.021165318286494976,-0.01684766229305475,-0.022302964205367273
safeguard:train:410,0.1338335031969391,-0.017589509209649978,0.023640553638069002,-0.20070850567713935,0.26337350988390096,0.02302987916543638,0.0384147895509333,0.021009464857821764,0.0021043165960097534,0.0011463730791330634
safeguard:train:4100,0.07079731656796812,0.05971272851425012,-0.12700545686521672,-0.01753747630200935,-0.01992225846259875,0.02726221746642206,-0.020735305731123903,-0.023660114956451435,-0.037450860499296114,0.24226991169475254
safeguard:train:4104,0.2344008694236765,0.269279078492277,0.09118025536375196,0.01415346599766812,0.0026528775551419802,-0.166203354522426,-0.1537375041176083,-0.06849808217718316,0.04279104321743409,-0.10607249531158652
safeguard:train:4108,0.0935829572634433,-0.02814982070349994,0.019659291127652783,-0.09702578964356288,0.15086863630019717,-0.000250239218129747,0.008340674104517762,0.003930642951503302,-0.007204733811677203,0.0013816858694155692
safeguard:train:4109,0.19916021516967752,0.04520493625747662,-0.0012324467400162966,0.08629235238005337,0.04814773424477339,-0.13772532102273838,-0.09097203938776946,-0.06966283558834233,0.009744677092858093,-0.09446695527555546
safeguard:train:412,0.10688720513192514,-0.010609450246220155,0.010512951294961399,-0.04092231584790429,0.0471823850033968,-0.002400126478233583,0.02615325483036322,-0.023813098341367807,-0.021117545945774183,-0.026201982303017953
safeguard:train:4120,0.12645243956188834,0.10496642872873303,-0.045419138994760126,0.3047370790333841,0.21386327456141493,-0.037915801423339834,-0.06751180276519003,0.21703617346021417,-0.08030041928501813,-0.04412043207159658
safeguard:train:4124,0.2542367903075381,0.19587333404648793,-0.30583442433002095,-0.08280542026734553,-0.051755890704068885,0.12068259266365979,-0.025931205186435408,0.0373101634760394,0.005193135536772277,-0.07067638062042059
safeguard:train:4125,0.15981705270411659,0.15569729352376507,-0.21298725573519975,-0.03991022706346817,-0.011969997682720767,0.00016369792446395417,-0.11922431403713345,-0.04233907067612776,0.024270479861901062,0.14187442999250774
safeguard:train:4127,0.12607802632595835,0.028011430928315102,-0.15997732964529696,-0.02526556995001797,-0.060326561157126,0.09593766381115786,0.021534743045465904,0.05273753489252013,-0.06297366487810957,0.2593762771211888
safeguard:train:4129,0.17286129968748687,0.08144933070164137,-0.24727982739056822,-0.0846512385268943,-0.08442293713778781,0.2528906468675134,0.12262438137524655,0.17773805550997934,-0.05835619390205116,-0.18184279581003215
safeguard:train:4134,0.3939280428802905,-0.26675565967170933,0.0012362825021630596,0.07199569398663404,-0.10995929610055719,-0.07905808850113594,0.03178261427631081,-0.03620751196732973,-0.21052012425967537,-0.019999357631928612
safeguard:train:4139,0.14668685434047418,-0.08212457609719032,0.0016768189079748586,0.0054760514567581105,-0.022874887024546372,-0.028970953639740525,0.019675400286057392,-0.012323311488672111,-0.02946950931811752,-0.02724917831500512
safeguard:train:4144,0.2183132401959164,0.09314709410836161,-0.045366581455069686,-0.30741700293519825,0.396015911774755,-0.08068800020069691,-0.08043440710712974,-0.026329152366900872,0.016979639638665216,0.013490003136924307
safeguard:train:4147,0.5972854749632164,-0.3703354089269372,0.01121538913158002,0.07603480560875685,-0.09593356803069705,-0.07010030957169469,-0.006908778469230994,-0.001761564195152222,-0.14656215466827202,0.047526034664829644
safeguard:train:416,0.31538060557621966,-0.19945390641563918,-0.008394838029847149,-0.00130088240905524,-0.07244263737280435,-0.06199251641628044,0.03932649505356916,-0.017274350894784882,-0.09787644486446499,-0.043052221182670866
safeguard:train:4165,0.12528993349304116,-0.07458266498989576,-0.009303245054411935,0.005605794680932121,-0.025956623523219032,-0.02071431429946369,0.008451048151225,0.013041659593100998,0.014007744184390747,-0.002826782776255869
safeguard:train:4169,0.12506072322706197,-0.05915680441321307,0.020817558772513234,-0.12278256969645322,0.15325629840223584,-0.008904423086375608,0.01557760880467922,-0.009672607773052568,0.011507934349298806,-0.017702870922902306
safeguard:train:4173,0.1266567958135525,-0.027711909607361404,0.022874048334409612,0.01965209307393072,0.0011522265972857887,0.0354432270151114,-0.024427150257576132,-0.024024778525450048,-0.022343057736725524,0.0031337110365212404
safeguard:train:4181,0.16096000283084644,0.11049814720176797,-0.20036408110493398,0.07805141226617039,0.014218797179804238,0.12508612682085843,0.03530479539712275,0.03485193749981665,-0.016267744292297603,0.09385543786234261
safeguard:train:4189,0.1250839150710337,0.0732573264512631,-0.05464726529837074,0.40852857056435277,0.25435938675654385,0.049469728004628455,-0.010175696180638969,0.03894048807296339,0.01644934994120065,-0.06266874577508254
safeguard:train:4198,0.13105019326696385,0.12272109346535369,-0.06752898514288157,0.12112213499597416,0.10594381876457691,-0.10790269304694117,-0.14448073711871087,-0.03816707202127471,0.03602409880385351,-0.017094331843561437
safeguard:train:4199,0.16021026676169364,0.16087650001601964,-0.1573424375538327,-0.0352871399131438,-0.009719208222516373,-0.013485351235071571,-0.059805352249642965,-0.016272382852252996,0.03241013648969279,-0.027729722978022026
safeguard:train:420,0.18890332143783184,0.17889563493954816,-0.22850977736615546,-0.09392191373962623,0.004693129034886039,0.008947866732872359,-0.11546316824342334,-0.08047757981063215,0.03573717878067818,0.11367818380718323
safeguard:train:4206,0.2812798993915678,-0.15896468007856798,-0.019768977697678585,-0.014041606649414406,-0.05804183871472011,-0.03764326566820434,0.029836885928588866,0.025991998588165748,-0.014853941959225783,-0.06908148760034351
safeguard:train:4208,0.12282260897262519,0.06675000017390222,0.0013311975103420168,-0.03367795714493269,-0.040260155507027724,-0.013071239167615246,-0.02709187861255319,-0.005061937970598682,-0.02083476398952356,0.0033527299982029704
safeguard:train:4209,0.13782976751837744,0.13000140078745895,0.11701151264072936,0.010261049713045754,0.00800139571325419,-0.026171809477802538,-0.008747859533042503,0.10255484959393293,-0.05185260407528747,-0.022575438676723583
safeguard:train:4216,0.06498302057071953,-0.002030952025063916,-0.06083863024466172,-0.020517284621049372,-0.032335207278391426,0.03238267105596553,0.01456328874948461,0.017038822844972944,-0.037292258388709996,0.07053800884583654
safeguard:train:4222,0.3869668015018689,-0.20211190504704132,-0.011168218953313968,-0.05110222720865087,-0.05039449549208937,-0.048843846634417744,0.049325015866428595,0.019218001107758755,0.037713029814724734,-0.04238676442598057
safeguard:train:4226,0.26684918319841694,-0.1404758053243348,0.0043479739126790025,0.0739295820296628,-0.032921939684362043,-0.04356673448808513,-0.02604072041457123,-0.020710017267624878,-0.050624452017387495,0.07146709698726837
safeguard:train:4228,0.29404949370455624,-0.06923740435918824,0.008413030742893261,0.017421360632966388,0.00012510707048099166,-0.03852279475932861,-0.05728893738050522,-0.036125197249114005,-0.026523105940981676,0.04268519973686843
safeguard:train:4231,0.1416996076962214,-0.02390486423430213,0.038609172868919656,-0.2582749152518696,0.3930036223727836,0.01502891433550254,0.03569760238843035,-0.008317259796914743,0.008328777563683321,0.0012538880465662115
safeguard:train:4233,0.1050175194284411,-0.02834013386198352,0.032949397194418764,-0.19613509450099928,0.3368920954694169,0.001397541862377516,0.01675908035928648,-0.014036241834250729,0.0049979601253297935,0.007402584909899225
safeguard:train:4234,0.14296141442183474,0.011617345238896128,-0.05422894521246228,0.014949876775621965,-0.002763073780191439,0.019962098652607282,0.1019829667717048,-0.12390618136603276,0.019389534400848864,0.04040483684008706
safeguard:train:4243,0.10297368985960152,0.07825658187473226,0.007882827722400372,-0.022056117729308947,-0.030859444248398867,-0.06896889134796594,-0.01247827741681939,0.010466206765061188,-0.04017696964691614,-0.0018324027624817055
safeguard:train:4247,0.2588024478273485,0.23203545338924256,0.31196191574342635,-0.04272848696924665,-0.04507728549415048,0.18445257621516375,-0.0734151323453643,-0.05703784243835908,0.02243087804958605,-0.08456952238133592
safeguard:train:4250,0.0693183883982545,0.06105927228565361,0.008859027422281812,-0.02340675774804476,-0.023364440306538857,-0.07326450477832185,0.000913011029928424,-0.010609585925461006,-0.01952144176252216,-0.005847920844048745
safeguard:train:4253,0.1482034236905534,0.11836598160067442,-0.039340764681075904,0.3761138963652918,0.2604611211016217,-0.053601800881571654,-0.07825478961029647,0.19274497502711535,-0.07527628371741718,-0.01998631720897851
safeguard:train:4260,0.22130691595870278,-0.11491382461387231,-0.00405711006128465,-0.036818864274266755,-0.011383899168589923,0.017406550728218107,0.0034641410267761113,-0.011867060196098811,-0.035327781992619434,-0.027231423015686564
safeguard:train:4261,0.1326153258217096,0.1598615175856041,0.1877009694449211,0.042149170769560936,-0.008189002193824985,0.06327010673241375,0.11267549129985756,-0.025369361355574823,0.03249530168622129,0.050375213329885794
safeguard:train:4275,0.17187962236093865,0.11626403833925586,-0.26920617634275024,-0.07204447928741027,-0.06246083114278773,0.23025055822268256,0.07117787517401855,0.11940955165740533,-0.043802683473664755,-0.07810652857626785
safeguard:train:4278,0.08619239887741076,-0.04032268601134362,0.016303979532321575,-0.14993050869295296,0.20964715900384334,0.009212025403350359,0.020627887246981766,0.005934339966784767,-0.007337762771808292,0.05005352502862536
safeguard:train:428,0.08750581827498921,-0.0032150533495317996,0.01820530302698362,-0.1143248567325291,0.2243099297063908,-0.008913528943781262,0.02182675433625243,0.017828304021335672,-0.009063768761845923,0.004705066466577376
safeguard:train:4280,0.08327061459663582,0.0631934814536497,-0.07499302125686616,-0.021687043442182436,-0.025713987917070705,0.004019185929511513,0.0464169124723207,-0.030500604825783838,-0.004243159127736182,0.07616079445056669
safeguard:train:4288,0.15100845020105536,-0.054725743952198425,0.050170735936495126,-0.2814960565602439,0.42859452849762386,0.018076866205363116,0.04608956055317207,0.009867509376087453,0.0008511447405812703,0.023670823527722706
safeguard:train:4298,0.19293437608483716,-0.050650778240536556,0.02415706092962212,-0.22007662164144665,0.3440609314270352,0.02330172348471474,0.04333450380120837,-0.012576671598273938,-0.002316286314860162,0.024674721925514738
safeguard:train:430,0.24535431737125363,0.0904802602304085,0.18061637649289955,0.02115998149395802,-0.022097485302497805,0.035929994003800494,0.0243770807425784,-0.01414474488653077,-0.0038353230761154077,-0.0010934325586987469
safeguard:train:4303,0.14527756706176725,0.10795794711054672,-0.09499854104659963,0.48074632946736806,0.3074100236843159,0.03389937341343283,-0.01265593663236391,-0.010579441144229118,0.03517576904386503,0.010061959264484721
safeguard:train:4317,0.17594046297939778,0.25791586989675347,0.11221079931545105,0.0611489715112816,-0.01669925724442782,-0.08021751946610009,0.308568323018728,-0.20140333229376237,0.06724377818445233,-0.04830090742143287
safeguard:train:4322,0.23068073370664152,0.29938906471414173,0.1950491086548646,0.2260395032829427,0.05290134498255605,0.10664988954549134,0.29967461867435397,-0.14548120581480417,0.11090191716048779,-0.0015176634891086583
safeguard:train:4323,0.1932905965013478,0.051396474794637916,-0.06039228700188214,0.02567587246407648,-0.005153942772351149,-0.05253389555052825,-0.05624258872756822,-0.06345505567552714,0.009157360187825408,0.02839523076393995
safeguard:train:4332,0.3908145944064485,-0.18154570909792953,-0.032347754640797366,0.10531478057977448,-0.0210492217694846,-0.03642160401267849,-0.033033263481093623,0.005245584373057416,-0.04452487201411841,0.05730590001452017
safeguard:train:4342,0.28182330745517103,0.3011892361911407,-0.40534287993692214,-0.18279349592918942,-0.07276822507380172,0.11762569591272276,-0.11137814159911139,0.1087087288305792,-0.006708355932905404,-0.1980416784718865
safeguard:train:4348,0.24504068627344977,-0.11208387995164436,-0.03729012847805533,0.015362005917237591,-0.029774388324677596,0.015273753088842346,0.0019392956613477382,-0.0009785766962931528,-0.056778697050127024,0.0009229866568381766
safeguard:train:4349,0.10045616221174532,0.10474171392967883,0.13207796514171016,-0.009719753846156195,-0.01581781201800778,0.05782286789848273,-0.031167966209020778,0.005291532970482686,-0.00035527818859839444,-0.03167307748803295
safeguard:train:435,0.08916023264530837,-0.0259751258350751,0.012234474611884578,-0.08126144866692364,0.12699884260344063,-0.01648575069582843,0.006969840718000434,0.019477375067894386,0.01612897217282995,0.02690117090427783
safeguard:train:4354,0.13813338172265816,0.08650095145948314,-0.15544815147581223,-0.052979232544695075,-0.050628140035081676,0.08677114539380919,0.07898453942586862,0.0025172827462256607,-9.159018652459211e-05,0.033765674860777355
safeguard:train:436,0.3763223453348041,-0.23860085169736658,0.0011186319071370355,0.009168958812154926,-0.09759142728418826,-0.07054184408458834,0.05550745967358291,-0.018309980521162166,-0.1419446261376768,-0.07241913939033023
safeguard:train:4374,0.12622679039496168,-0.022465727656212544,-0.007650951759636897,0.0030265005571944842,0.004903123465719786,0.008564024158446138,0.059998962551613334,-0.06655276454657201,0.0018632443867332242,0.011300647738379202
safeguard:train:4378,0.1818554256147023,0.22583908360200677,0.12576774512919262,-0.016892272107566754,-0.06716829910161624,-0.11398087990956876,0.10811083425734787,0.03766680560087875,-0.06381036212629237,0.08559540119225496
safeguard:train:4381,0.16577831009093724,0.171858193424111,-0.2325570490549275,-0.07120919747645252,-0.07219451783600017,0.13443231056987795,0.03825582408215814,0.13503950997508132,-0.044393267602627365,-0.06910965943750558
safeguard:train:4387,0.11812266285243177,0.11750922344761502,0.005384473894550644,0.01205539525787531,-0.026685110357331898,-0.07956627776531836,0.2195736226066556,-0.1933192616582999,0.05389082308552552,0.01793979237527263
safeguard:train:4391,0.12957242366707666,0.18834680117058808,-0.08635253702446372,-0.03601888088844153,0.0165912151565605,-0.15537850215662574,-0.166527443736201,-0.05775932125047143,0.028630901502228745,-0.05633022838373765
safeguard:train:4392,0.22964641859753634,0.21703704724037365,-0.22839492434311343,-0.05484793169478094,-0.038730394617476537,-0.05635023824040432,-0.027805784320101744,-0.12129794686973815,0.03240520459860674,0.1322293359628332
safeguard:train:4413,0.13437665830743642,0.07659885103591414,0.021948780517506605,0.03087932403938728,0.02309058147114215,-0.06782296317935013,-0.08776736005724259,-0.052423450554491054,0.024829475390938306,-0.02784000679168825
safeguard:train:4416,0.11458244124416649,-0.03418188627365121,0.03864381257557703,-0.19707913209300215,0.3475287761426044,0.014635300924451705,0.009305805453317387,0.006725314626811868,-0.00029824622570045453,0.024832421152147247
safeguard:train:4417,0.1577835740694423,0.11528764182109773,-0.1849778971130151,-0.04145989249668533,-0.021196148720220093,-0.010457042563063453,-0.10694552516200379,-0.043291228268507294,0.003022152014539137,0.16106495536239576
safeguard:train:4419,0.14525247615294012,-0.034145974356620985,0.05072635832209813,-0.18903004106417404,0.28069859759527294,0.03891265735692443,0.022298681140801684,0.006011761515052646,-0.007540858983835411,0.03209546539689643
safeguard:train:4423,0.22501786180216857,0.008291177315620471,-0.04065806517244769,0.052439090652885045,0.020266548768275022,-0.055598886847994036,-0.07809656361573232,-0.0867305573130206,-0.01798462188922232,0.043065754356192254
safeguard:train:4427,0.07811890668615003,-0.026480674395619373,0.01984818144624816,-0.12616782077464395,0.17606598853156014,0.006812404629232367,0.014745569583759461,-0.007990707570168815,0.0017715273635555303,-0.0043942615926761885
safeguard:train:443,0.10563174163923988,-0.04364614554061917,0.00616073756625844,-0.10869260472331052,0.12359512855479811,0.0013724957452140813,0.011131372306843005,0.01868479883336074,0.01784311136945141,0.0019747327072605
safeguard:train:4430,0.1782175088197658,0.3384708450678231,0.24071282938726013,0.09371439804867554,0.04819055605362088,-0.22756275386906136,0.051782011890625215,0.20813748623813663,-0.10458689870724641,-0.045815166158848786
safeguard:train:4432,0.21614628418901344,0.4138791187834967,0.32819682659437216,-0.02995923366134686,-0.06303789759806312,-0.18248325984387914,0.1940252736268843,0.32563650761555024,-0.17676625814534003,0.08298655376433789
safeguard:train:4434,0.39487596671306996,-0.1860005432903391,-0.03307302691550982,0.09447751887034332,-0.033660818467810535,-0.03856118269747115,-0.022852526707897478,0.01905117811267212,-0.02705122142178171,0.03613197120486405
safeguard:train:4435,0.18069508661884764,0.37808193067889645,0.20013499691462375,-0.04610324353492055,-0.035050239418575296,-0.37622609907128857,0.21223427495646813,0.251724713160015,-0.1936385742390195,-0.0122330780797305
safeguard:train:4437,0.14983475570997493,-0.07008566648485244,0.02049728054329529,-0.0867581211087541,0.1833944306543038,-0.004989633442879845,0.014747622873318688,0.0036640818122967963,-0.0011619131010888897,-0.017302929675806166
safeguard:train:4443,0.1683917969482016,0.03299495624346913,-0.17605039917153636,-0.04273406703062272,-0.06599968430724097,0.10277514271240724,0.016367877143809977,0.023196591779539494,-0.07133375787365157,0.33479317453317703
safeguard:train:4458,0.18160351439240316,0.10292549130075947,-0.02366116333621874,0.049770307852862405,0.024658025932084996,-0.06874061140975683,0.1495611447197961,-0.03770242140747525,-0.03282477507354327,0.08368818846588495
safeguard:train:4461,0.1548794781228872,-0.04578140703768087,-0.01179147463238481,0.010185693419510996,-0.0017167522354012686,0.013376213010285267,0.010230387672304995,-0.031415186792577245,-0.012836912115163758,-0.00815504789781483
safeguard:train:4465,0.20183530997634672,0.3878252198775978,0.3149673054491539,0.023989425417704442,-0.018953225792850123,-0.1653687433943997,0.13019375465701138,0.3241130053680813,-0.16100292278975586,0.08064486844369154
safeguard:train:4467,0.13866990511309918,-0.05515573601110182,0.04077158130590907,-0.1898923646464155,0.31817240035804095,0.0133821511223104,0.010652872504429268,0.005384974276836837,-0.012307813400335441,0.02793392245876404
safeguard:train:4480,0.49773460890624827,-0.2563046154532129,0.0114569307063835,0.014629609015107162,-0.09243328744823591,-0.052271010282492446,0.027054190861600384,-0.04591926807962515,-0.08727373480790297,-0.05566752095559073
safeguard:train:4488,0.19275222202391024,0.1893365457351876,-0.20252033496652166,-0.032302784347808755,-0.015204559581123095,-0.01341625313364196,-0.008226423053469874,-0.17088836365389265,0.048074125604618684,0.20013812722845017
safeguard:train:4492,0.2847537649341881,-0.17208847328226615,-0.005658565961427755,0.03576916245669048,-0.05213604730904708,-0.03039741757089446,0.004667570494258222,-0.022287510188674704,-0.08833203978242642,-0.0067853101079407
safeguard:train:4498,0.13935750764844643,0.16108953918508223,-0.12902873155610758,-0.04198707652258564,-0.0451121828148272,-0.0016242035005457102,0.0468103656969593,0.20160383935370454,-0.11684656516750214,0.053370497468627716
safeguard:train:45,0.16189948850790464,-0.0705171231866934,0.005645916196571152,0.0007070869237558525,-0.01187144731443043,-0.013864676002148375,-0.00524499841706284,-0.010248370716360703,-0.018927085481495725,-0.018533153810014146
safeguard:train:4504,0.0972695622609839,-0.015202410821082356,0.03204294580830559,-0.1697785690984374,0.2670768709092558,-0.0006738994342545354,0.023876199136371692,0.009129189485546455,-0.014546226671007524,0.005167577710949238
safeguard:train:4505,0.17742701865151958,-0.080192403662971,0.009797801876895372,-0.026459841096023375,0.05757945112532545,-0.009333840242920407,-0.012817311575694273,0.00677670362906192,-0.03121315174831265,0.011979303412167226
safeguard:train:4520,0.18069636533234962,0.11116024165223151,-0.15016972390705235,-0.059550198054476644,-0.027571904411091454,0.02426832683002473,-0.06704337967283615,-0.00017723720147007262,0.005372575279620403,0.024084432122658483
safeguard:train:4523,0.13459245253850857,0.11026968492284561,-0.13831883044455648,0.010213693935113791,0.012487869107677557,0.013484384704278114,-0.1015442895762893,0.00578492620020474,0.01163350543004019,0.01796334766158404
safeguard:train:4524,0.16221933145723613,0.16024198055467373,-0.19410230574037216,-0.051334670508348855,-0.04379811728677351,0.02807778922645809,0.07370282665908966,-0.07079946427026494,0.016710878836112303,0.04988716273848143
safeguard:train:4531,0.17196529704796196,0.14287898535398044,-0.11578837808327733,-0.0470078265097623,-0.0229638670402301,-0.1114831306964458,-0.11052849495420186,-0.04787610194746959,0.02635342711653141,-0.012050923541758705
safeguard:train:4533,0.3375346145209249,-0.17431675350020007,0.0008622469565930129,-0.019044745776172,-0.05973158237252296,-0.07684363076413649,0.02910376939456687,0.09414904135665539,0.2262476152927183,0.003964239825133085
safeguard:train:4536,0.2104532482273092,0.2384849859196896,0.14453624761070144,-0.02426917527931899,0.012796307009956326,0.02105708266507431,-0.09815848082688088,-0.00016202550819994645,0.03363688520052109,-0.021289648938023046
safeguard:train:455,0.18499036118312856,0.0535590324804235,-0.03600978736483784,0.07472509474000344,-0.015428791959575016,0.011307410597915298,0.1826762969930337,-0.13315011472453453,0.03196619714847785,0.03387531622346658
safeguard:train:4550,0.2648036872477513,-0.10192131029651176,-0.020332832822160626,-0.011658873418104941,-0.024807770537322683,-0.02817807227544476,0.006001711087490926,-0.030223825217568168,-0.025099568726786647,-0.031194016241921956
safeguard:train:4551,0.2505966295917346,0.3855342471602374,0.21985538156084536,0.09723389639910046,-0.04439540631129711,0.05805361881804243,0.4490935905888059,-0.2554838236705374,0.13228538033518877,0.09839813772599909
safeguard:train:4555,0.13928445883594556,-0.021177775914820757,0.013529610123478794,-0.14784551660567674,0.21679235990761248,-5.5995865919382295e-06,-0.004158615147182553,-0.011612377134102098,0.010819977645541195,0.008645152472177235
safeguard:train:4559,0.1152194754740211,-0.047521644987512934,0.002695194385969589,0.008714209029964918,-0.0197580662964726,-0.026742265518494575,-0.007800046922552011,-0.025148143484580946,-0.029747908514686505,-0.0007780438239766142
safeguard:train:4564,0.1815985979528304,0.2096402518969658,0.0467350714904978,0.05218168710781663,0.012599025804877076,-0.10953313169964381,0.3006994911507728,-0.2955670184392586,0.11202129218397994,-0.09243349632825543
safeguard:train:4566,0.20571484363316966,0.20545971768633545,-0.23589090519802125,-0.08117248726458537,-0.03684116507182101,-0.08331540996067462,-0.1931209214876723,-0.03203715656193879,0.00038896142273386696,0.0996583055511938
safeguard:train:4571,0.20846022309326212,-0.036310898206470855,-0.017767574447985043,-0.0020386981983347703,0.009102925588800315,-0.0007481642809628446,-0.022042893253520785,-0.02632581858036049,0.007170345690067439,-0.03298883112712334
safeguard:train:4576,0.1541789141454585,-0.03728908836707527,0.02591375633352226,-0.12422066159261125,0.37105196754415226,0.0075589187806845625,0.005527937021322175,0.016009209776183937,-0.006142539875228897,0.031737323070910387
safeguard:train:4577,0.3565608224326689,-0.2003752331534697,-0.012044978784547127,0.023274450454916957,-0.04419335184957955,-0.028604045372859536,0.018459728774692437,0.0008167102271286962,-0.017647882946984154,-0.06124735753117585
safeguard:train:458,0.1919671259332884,0.32531074093168966,0.28782643722241197,0.005719141943854383,-0.018444575997144014,-0.15482674299678448,0.09385414758210862,0.2583796364548715,-0.13320848284918785,-0.006755177031084376
safeguard:train:4588,0.16861733454123,0.16154569227289997,-0.05300817529575369,-0.020150293942190863,0.010092462230901031,-0.07250307495619727,0.026871443939264654,-0.19941121911077336,0.07744785799201645,0.011375313597258798
safeguard:train:4590,0.18818651229086744,0.35656613023593353,0.15904921154966373,-0.03371284400270149,-0.01470322158487154,-0.3126500554702135,0.10820884159656033,0.2616240931408391,-0.1949858851874396,0.008488874598142937
safeguard:train:4603,0.15269784756346355,0.050431995526896804,-0.023862981517346907,0.019238828020332728,-0.0024158252762052643,-0.03390481341092471,-0.005395183673399001,-0.018812885277773635,-0.032888014960050165,0.013764677413111458
safeguard:train:4607,0.14723710813096672,-0.06653951350562452,0.013571039720962123,-0.13910261521400324,0.16194396397277155,0.013528775404884156,0.04013693454086493,-0.006817703366102861,0.008587020816966225,-0.019515845353714534
safeguard:train:4610,0.23564681156022774,0.3590022443466492,0.05575786842013186,-0.10716305520152637,-0.04179628622598396,-0.30316472344201173,-0.1120350064529005,-0.10479550341297422,0.04621886951764537,-0.15692137732392322
safeguard:train:4612,0.0879289119427918,-0.05552833234589942,0.0010056542259481466,0.024817620838411682,-0.00911224255193079,-0.02230530265225217,-0.003938992877539747,0.004096229676229248,0.006347447813896034,-0.003811730002498592
safeguard:train:4613,0.18440249102739178,0.026094560238650935,-0.06274451584080745,0.09730164270537352,0.09955821182184509,0.021998431719381904,0.05220658686643849,-0.06998428597768735,0.035620741737438254,0.09754510814172945
safeguard:train:4617,0.15690053491445966,0.16314482698865024,-0.15987340281250395,0.0004747415415999206,0.018207843788290885,0.013920838996450946,-0.10716009352173525,0.03722112515959004,-0.00449259676698201,0.04405123122849614
safeguard:train:4618,0.09955366805931384,0.072392906033553,-0.0527654007914871,0.33447747560213104,0.21090387342081288,0.0221786999611722,0.004847189779723466,-0.02664057093624212,0.03620057962044205,-0.0049893615218319885
safeguard:train:4625,0.08285408300140672,0.12530317720039416,0.014095915692374566,-0.03364821145219987,-0.024047475802973527,-0.1153914131314402,0.0017781026997695094,-0.020969329990482427,-0.02395404481360723,-0.03641680025772147
safeguard:train:4627,0.16145003348375297,0.0764944571838493,-0.2395263324468662,-0.0859415420206526,-0.08406781709273066,0.22934418871523934,0.09043398301230057,0.160368938743134,-0.052035527031309856,-0.13155875127751115
safeguard:train:4628,0.294261014202243,-0.12208274672830315,-0.011408724321498885,0.03909398200868566,-0.031257100165931445,-0.01220516685773847,-0.019675106448749858,-0.019791782102004777,-0.047788121420302,0.018425467574718555
safeguard:train:463,0.11644777551795044,0.06283011559554515,-0.035970774827057767,0.35536348666355877,0.2189670159160069,-0.00858589128896897,-0.011106273684020498,-0.00839952909001347,0.023647047514525944,-0.04371668839442127
safeguard:train:4630,0.08827971431186919,-0.0496617038195588,0.012222164542838327,-0.03227020283895479,0.01861224159971377,-0.005184797142626341,0.002500579503222375,-0.021317426798509755,0.002949971884969312,-0.032225124521343664
safeguard:train:4631,0.14632778776733293,0.09290884660555443,-0.17834594875586288,-0.0395846677314323,-0.04644584978626234,0.0026259329349125034,-0.06565981851128144,-0.005536377408259436,-0.04523022698362499,0.2720115326444949
safeguard:train:4634,0.29922955329521966,-0.133239187362076,-0.012850576486920303,-0.002051122060949779,-0.04024591158004112,-0.03203114771550393,0.02062060095452982,-0.015565860985002136,-0.008167052216973756,-0.027382139822398205
safeguard:train:4638,0.19332434865832862,-0.009613484986819252,-0.12596556533458522,0.010104841383574842,-0.0341283172700619,0.029871032852777507,0.001730729649286191,-0.05550793882455893,-0.06587550156665219,0.33477866218016145
safeguard:train:4643,0.1856354257060229,-0.09154631795091354,0.015729724135659436,-0.05295963335734291,0.05369778871333209,0.01622028544174463,0.013228747304914985,-0.012764141792675755,-0.018169781063489092,-0.015460094660844487
safeguard:train:4645,0.10320739008055578,0.10533862346281597,0.0018871988757192587,0.09533677201540093,0.04823561280916797,-0.1304643019459033,0.0004305634971366768,0.0877872824873195,-0.08554820461371834,0.049934748967117845
safeguard:train:4655,0.14630502041097937,0.07348103734987521,-0.1730035635452161,-0.059348033136618975,-0.06197553825527309,0.10759956352239887,0.09384542177299358,0.0661964693176203,-0.049209436985676834,0.02435917794472496
safeguard:train:4663,0.13105673254833983,0.0146054812736646,-0.028783062802366182,0.22365236248546397,0.13173663406133115,0.032884366861018005,-0.08336520769507796,0.049823677888479606,-0.011600187976378521,-0.07519977284085931
safeguard:train:4664,0.08882321947433255,0.022103465354752043,-0.0882450328395592,0.010715725839106719,-0.02351432542821667,0.011966360421503659,-0.032695477361631115,-0.002924773343839133,-0.040520877997355854,0.14640343142301543
safeguard:train:4668,0.37906537790634315,-0.25693390857380766,0.005103525132643317,0.05370809019541723,-0.1022665365294524,-0.0746255950609982,0.016157012589432654,-0.022948793963136194,-0.1621894940466424,-0.009685341158848644
safeguard:train:4670,0.31952850702185565,0.5154947017284619,0.17711004240459602,-0.14062394160255515,-0.07976379617265217,-0.32535763329358436,-0.19915660527741247,-0.1388316512571561,0.09709147967543662,-0.18541964684427878
safeguard:train:4676,0.1295213269994656,0.07009733219635605,-0.06850321911737454,0.29247374258145514,0.17826861610139158,0.06779584138522017,-0.07971260803173154,0.07434175089170034,-0.01821851533682388,-0.05492124521729954
safeguard:train:4687,0.15732848395106716,0.11676908182109484,-0.0615365747914769,0.46679324322635773,0.2776475344693526,0.03375672308629427,0.13441528025347396,-0.09987937728728309,0.07584634168891925,-0.05129742231182035
safeguard:train:4690,0.10405062777906209,-0.022938086325421565,0.04823138188578239,-0.16780575087562624,0.2937568317499013,0.031285822934724636,0.004854155574603444,0.006340956923369882,0.0007817182415110227,0.022548980273326923
safeguard:train:4698,0.11753033030205326,-0.04651753504787527,0.03500301743731732,-0.1537889182626902,0.2656519442678615,0.0038473772216259723,0.007485882481641477,0.018813211381341656,0.011490473856658539,0.009438254998652059
safeguard:train:4703,0.14668278438317622,0.0912511542307279,-0.07495306626625985,0.46732160726022953,0.2888553213775157,0.0803155264653733,-0.008490096363279631,0.04526753013426021,0.020278634022972256,-0.058453226966084106
safeguard:train:4704,0.2452524062037002,-0.1401841555560046,-0.00967594096660383,0.012549915432108755,-0.044402739334328534,-0.028336964730130722,0.01478704006015598,0.0041244260569365965,-0.023417134621678513,-0.034982343396645466
safeguard:train:4706,0.27801849445035287,-0.123673008976361,0.018981151391584978,0.019530265806152372,-0.03654048044834895,-0.019793824454544858,-0.012003901208421229,-0.01827691699154219,-0.035414285472016,-0.004409594701225605
safeguard:train:4708,0.19007131555779558,-0.08221731673664782,-0.010783444686318361,0.007612573583064601,-0.005254854941734917,-0.014389714327069704,-0.011769453721544903,-0.006818511982065302,-0.021880424937535784,0.01980279997174076
safeguard:train:4715,0.15494432692898294,-0.059978817882044254,0.05119529889451108,-0.29167948722349996,0.417625419455145,0.0017197162540256825,0.04076392322493253,0.012873850204416316,0.02194759293882702,0.014862844382963895
safeguard:train:4717,0.2565189007992763,-0.1361709637227477,-0.004299892701648613,0.03217106393641187,-0.027397830643406042,-0.014231567162938035,-0.022679003054810163,-0.008879388658260556,-0.037344449983320115,0.008977036032191882
safeguard:train:4722,0.590550099879713,-0.3691298079694602,0.018122588659926216,0.09288831673000193,-0.10551494325513573,-0.0740123783523704,-0.010033558553956903,-0.012437786529517342,-0.15693991146105699,0.04613210785500709
safeguard:train:4729,0.14356634827291584,0.05299125499704963,0.0012423043827497174,0.09438297060101385,0.05637001033486694,-0.02376753987624705,0.036210021742053816,-0.02895784377430785,-0.016269759051356653,-0.010136129440469696
safeguard:train:473,0.17438433986679694,0.17948791024921926,-0.00574460963024307,0.057254695009250504,0.1295060025439482,-0.10324730616145737,-0.1502675338721898,-0.046325676903949155,0.04120870289038186,-0.11041874510258524
safeguard:train:4732,0.12494844861094474,-0.015275919974577012,-0.017461703254386247,-0.18938460920129097,0.2815934053777936,0.03005087395441378,0.04503937304917033,-0.006075475344032888,0.006397549622514383,0.09344328595161579
safeguard:train:4737,0.06949792594766006,-0.028077442243701265,0.016874355896954584,-0.09820892373693853,0.14480143123880038,-0.005869134782066525,0.011263326461654627,0.003804626373804304,-0.00626259600775501,0.020544118193938383
safeguard:train:4738,0.16890701157244004,0.20714050676734636,-0.21667725910913016,-0.09158537758613439,-0.030881824509513288,-0.0502240106711264,-0.15408533187422266,0.00018690639960726075,0.020380670647601098,0.03131924893347908
safeguard:train:4742,0.13228522669865087,0.08987291850346601,-0.06217523862600442,0.46775573667396914,0.2937297660971762,0.0706247977266578,-0.015711502442168214,0.04916159144940358,0.02147543585672109,-0.06328734133906058
safeguard:train:4752,0.17032808139091263,0.11961577502178129,-0.11808451315628356,0.48879368716212795,0.30274254523259503,0.08570790235235459,-0.016219534201391557,0.05920678669743868,0.01518076238244201,-0.07020354414618579
safeguard:train:4762,0.25040210471311064,0.4560958576147039,0.18682513728599193,-0.05044061028860974,-0.03710274354803784,-0.1696527983284376,-0.16800204495162435,-0.037025036439903715,0.07010927791675158,-0.03954514322810457
safeguard:train:4763,0.06839892768960755,-0.02296049292605478,-0.006035675201335259,-0.053389146294354387,0.06757285865410294,-0.005304087649419904,0.016417011288587715,-0.004072337919890322,-0.006892596615085642,0.02044872488480745
safeguard:train:4765,0.23468210097039985,-0.10068281622784547,-0.014193534903824348,0.03623547835922349,-0.004521594966378624,-0.0008295028942586938,-0.00035526022382978347,-0.018290178117984387,-0.02419620347460142,-0.02174027769791696
safeguard:train:4766,0.1379410257716901,0.08331612263879441,-0.06448457238330438,0.4647238067486288,0.29467305339658595,0.06767246402935469,-0.011257879905480883,0.046910815533172924,0.018522742920041496,-0.07397129730370194
safeguard:train:4769,0.20055787138875078,0.12385436836864892,-0.19505884262819817,0.05675865141404184,0.002265407387527513,0.12422752327411996,0.152887873158021,-0.0684117476173221,0.016547855032788012,0.1288753789557115
safeguard:train:4776,0.21334675497560782,0.32558093314846004,0.05541519263552929,-0.09680769506049135,-0.03859594771013961,-0.27429302344226075,-0.17417684805441236,-0.1111345075687233,0.05234283401093806,-0.13146413546337046
safeguard:train:4779,0.4053578203836832,-0.21340189544475452,0.007657731425815294,0.007564122868803189,-0.03576674134046666,-0.015313096411544665,-0.008110860305650586,-0.016914944239762742,-0.04924030294539997,-0.017143046159759298
safeguard:train:478,0.17341118195207608,0.2196623534228848,-0.20054808523587228,-0.0949306967873376,-0.020595697218083693,-0.07363520468869363,-0.154772637027538,-0.04355885269230563,0.022044323047241552,0.016269163389680895
safeguard:train:4781,0.17274916762297182,0.027954185190333193,-0.10778363718619322,-0.002110728772735888,-0.036878061340758245,0.006889665953942944,-0.05758235483854674,0.016538306296929723,-0.06198432048328226,0.25849770541010947
safeguard:train:4782,0.4073938310344347,-0.22161587429249827,-0.0016709097114116845,0.07105705013897336,-0.06038306696707943,-0.043725143927816484,0.007841866751925958,-0.046426637664203005,-0.04942149912881394,0.00840018278378014
safeguard:train:4785,0.19886443540246004,-0.11717287126569882,-0.00872723120602282,-0.008798912421126412,-0.038463441452075274,-0.059275913723048204,0.025731166792549793,0.17113466730890822,0.35164513249810003,0.07003642695495534
safeguard:train:4788,0.2283538741553898,0.2712167906242449,-0.2603158088214944,-0.11483697702038145,-0.030497800396692632,-0.05051333533874559,-0.11198830194170202,-0.07104987583445799,0.049918398925817765,0.027242618056938655
safeguard:train:4791,0.2728485748902492,-0.156006519035172,0.027874289160075012,-0.034565177283707366,0.0026621684621621036,-0.006886085802631011,0.00010324706479105659,-0.005086266174118734,-0.01275865559282267,-0.03680557894334551
safeguard:train:4795,0.16409530564008848,0.2200964221969424,0.1404355816937324,0.042080298782593326,0.03421500654641766,-0.19384888555264965,0.06919590871481876,0.1373099362305807,-0.10377622710815577,-0.032788513036790014
safeguard:train:4799,0.23001831395121025,0.4232966950627259,0.1094331068905963,-0.1097967491153071,-0.05603723383363034,-0.21132710821514683,-0.16397424827091295,-0.06718071937451459,0.06936891031521278,-0.08116386567218566
safeguard:train:4801,0.1601494638344702,-0.016925060883342533,0.023432116539872504,-0.16584730516886473,0.2631957475442621,-0.003714086220587708,0.015177558670386457,-0.04017743961529095,0.013892645055535826,-0.02033662160078832
safeguard:train:4809,0.17076602333685187,-0.09103775731308762,0.009787872108335103,-0.028977652164993768,0.01127352511837397,0.010662762462007086,0.018145419747231512,-0.01939919451837717,-0.014831398953445906,-0.05009033303733846
safeguard:train:481,0.15792116704130985,0.08100149199350645,-0.014337043537882878,0.07760287663510132,0.004003765297757139,0.0018785193584693668,0.2708075869392157,-0.18257390346548832,0.037003406945112435,0.008800213614279089
safeguard:train:4810,0.28553343995709773,0.4075108302716038,0.2059081839169084,-0.037316195470393276,-0.0682649248080165,-0.08008201122711267,0.09523624606477094,-0.2113661639919359,0.13339467880392283,-0.01885464384219876
safeguard:train:482,0.25499390798782096,-0.13576637355221582,0.003359051973561451,-0.03514911601957406,-0.023699053642017295,0.015100709697373474,0.012628329287851578,-0.018740175699784454,-0.04396468051556146,-0.04903271937042657
safeguard:train:4827,0.21140097136258007,0.019979964580823305,-0.05360655459635736,0.009731735942407808,0.01652580860775699,-0.03125839798952879,-0.0693652136085372,-0.035542215758114025,-0.03221239423261956,0.04738165762392602
safeguard:train:4843,0.19778276504060632,0.14819822197585328,-0.22144427275200002,0.06493181336399917,-0.008839350117359427,0.11150243073688394,0.19840801456523655,-0.17522202172827428,0.03227312946362958,0.41003908566498537
safeguard:train:485,0.15910774891676174,0.0959455179110573,-0.07320982329049931,0.030698004536029538,0.04480671685289846,-0.06829620843222546,-0.11101126969477701,-0.0837236750075891,0.017701444407793008,0.07288822012627487
safeguard:train:4851,0.12436754003413873,0.08177683913169376,-0.06547216011284164,0.37822313312706296,0.2304709148884623,0.0881761930583582,0.006919521944001989,0.03966362596872204,0.014658237544172002,-0.03801536780813888
safeguard:train:4854,0.2565371625480286,-0.1348900481009807,0.013036890633927604,0.05329684019147357,-0.005351643635730005,0.00960566759341643,-0.050515904927120846,-0.02883336627846367,-0.06028640618377852,-0.0012600178094193358
safeguard:train:4856,0.13802127654483237,0.05918301292171127,-0.1402239987245746,0.0018433946703488462,-0.03907483781777387,-0.0025760721049462388,-0.04324325816945366,0.01603291388163773,-0.05391338052398044,0.1919280243226164
safeguard:train:4857,0.4245040306533581,-0.22240767957582874,-0.01393918615652529,-0.05078033054355457,-0.05529090428076248,0.017135396110506587,0.026561747180057448,-0.022571268603037098,-0.0419553781425182,-0.04475444489505516
safeguard:train:4865,0.1908853495215975,-0.080810644272246,-0.00411522035952237,0.10276612763182214,0.017936603860289085,-0.02483280838933511,-0.02819815766749903,-0.020811556108485747,-0.044956368350774094,0.003230621216558488
safeguard:train:4867,0.1477751266486982,0.10479663621135787,0.06990637200401967,0.056244365684957436,0.02169027989443429,-0.11502908152750947,0.0169959203949262,0.10560666177596702,-0.08294497747594985,-0.002683779908355834
safeguard:train:4868,0.12683781919484496,0.10248170975498924,-0.06020882212513288,0.37434340707315716,0.23485387783462722,0.007432165770881845,0.021935973485065784,-0.014153057881149018,0.032176951842457384,-0.0008130329980419169
safeguard:train:4870,0.1678378259574865,0.18608772525025155,-0.2340616641749228,-0.05893809412331148,-0.012726649502956768,0.011495992835610692,-0.11516657550288116,-0.04240993023465237,0.031683556447522285,0.11883845162175216
safeguard:train:4871,0.05674650204241652,0.024056536369885376,-0.06441389581841342,-0.013065198532675815,-0.013898254476137049,0.010601359275597041,-0.011594557061917452,0.010368133903675459,-0.000167766689863463,0.04517716957988554
safeguard:train:4875,0.11614046640074868,0.05504464355937279,-0.0192457460062875,0.03373507061877289,0.026023616308004306,0.140626707463295,0.00045527468334569175,0.06047208745813663,-0.03362748677586643,-0.10732560120599981
safeguard:train:4880,0.07240728219069759,0.0016941963631928536,-0.04630030027574651,0.006784163311689235,0.01775326662803593,0.00754381302421608,0.025356926978252918,-0.025946813091799505,-0.0014068541996494063,0.05319629922345093
safeguard:train:4881,0.15069233612986466,0.03902573004169151,0.0490620319978147,0.1162604279978798,0.05762816551841803,0.005891882145923728,-0.018866202992189992,0.016573113942573905,-0.004749842334990171,-0.038206917651633636
safeguard:train:4882,0.15888356672045367,0.1037332212177401,-0.10065989850533669,0.2716079083419457,0.156704000311768,0.062272644274183483,0.03187953961695529,-0.04478256161165956,0.023839980202543323,0.10011666994802013
safeguard:train:4891,0.23109740293064934,0.31944038924457463,0.08834219773919853,-0.06229056933949954,-0.04131498600061758,-0.2164954619626919,0.05984437372314369,-0.16909993019334318,0.07063119700020394,-0.10713070162910796
safeguard:train:4895,0.22892762260191,0.22196439986217936,0.1407503450475224,0.1448458903241846,0.012076961769579881,0.06835937221710382,0.23360025549536695,-0.16405117274291817,0.08757472858029491,0.0593949419868831
safeguard:train:4907,0.13459376181607136,-0.062288982341931434,0.021873912971128534,-0.1334146869803206,0.19656129012343254,0.00581925836295224,0.02813708811576376,-0.0010946319228419018,-4.654809605261602e-06,-0.0008216048918004463
safeguard:train:4909,0.27281612322765225,0.27894209469946096,0.10476598335667502,-0.07780813185002503,-0.026395609799099443,-0.08999925918720775,0.035275786134739945,-0.1896468364338668,0.09058679429104143,-0.07454429165817811
safeguard:train:4915,0.32953201893737394,-0.12336516612026104,-0.01852759285275907,-0.022414309571903913,0.003924355164483361,0.03776541728660258,0.011401386921803064,-0.013873871317543073,-0.010396074496154917,-0.026056184104055725
safeguard:train:492,0.2528865407262669,-0.12159225338625351,0.03477410360297189,-0.03410470407713826,-0.008471986870308718,0.006607023480679832,0.009011763614749254,-0.011277792097232033,-0.006023912050320412,-0.0598521979887175
safeguard:train:4921,0.3430835798731296,-0.22158669682067975,0.0010485383315207157,0.08682662978277675,-0.086080158583224,-0.07268559491928223,-0.005233114514835745,-0.012446463238228622,-0.1800007705156816,0.03548398985028919
safeguard:train:4922,0.22846087677531202,0.11813125920435041,0.0340496265253014,-0.03089073967714764,-0.003583923918810474,-0.1174761313274158,0.044250179889424895,-0.14024710465740195,0.04814481810969489,-0.027460716932174462
safeguard:train:4926,0.12725634935537064,-0.07968005148410041,0.01594736772748381,-0.01648248191506799,-0.0008493524395361646,-0.017763850474884865,0.0030611743431480792,-0.014901125548681261,-0.028610367061189884,-0.021975870202535733
safeguard:train:4931,0.059800861947562046,0.028915403838847876,0.006891675517087251,-0.06654746765887591,0.11070385634739205,-0.01856079354278593,0.031102743271664696,-0.01967873271190501,0.000736659605781079,-0.006988447415924003
safeguard:train:4933,0.16027031411467327,-0.08409746451844385,0.010688444811248603,-0.002822331014914631,-0.03155075124590402,-0.010742041862886782,0.007250837221171605,0.0012357024817994,-0.0034830721913292778,-0.021857265746701493
safeguard:train:494,0.24402072434271357,0.364651409494153,0.16519284314856136,-0.0817990352078039,-0.06080767718372236,-0.11052639101019686,-0.18239370812481376,-0.06917150866923118,0.07105578448033291,-0.029196265659078686
safeguard:train:4943,0.20372474922243147,0.1837845000155827,-0.3232653155113844,-0.09389032136571222,-0.07307002897673,0.19189851148119844,0.03435099418097649,0.17285849915506596,-0.05211597497877023,-0.18952384731142602
safeguard:train:4947,0.20818396719305743,0.09364242419719808,-0.20799194932347811,-0.0174949819779901,-0.050285236501984736,0.13513027466644284,0.07586960657109165,0.05546063183751065,-0.03439942795395949,0.0016300478352013498
safeguard:train:4953,0.17794319762148872,0.20651017519950599,-0.2279345275330633,-0.08889363750687035,-0.03138581398183798,-0.05351827433917071,-0.1815677680536229,-0.02257691081432126,-0.004437459084796772,0.20062172935043965
safeguard:train:4955,0.1405082401236095,0.24824665181341193,0.11244834781709641,-0.020385318223228567,-0.0005047565840227053,-0.21458160816585267,0.0431219596590476,0.15170700693010478,-0.11774515264248506,0.02522961916069636
safeguard:train:4956,0.21847770801436112,0.11332968375385825,-0.08119196196367504,0.02960432066914869,0.0762535452820288,-0.03414096137598,-0.014042927382453179,-0.13040958117769394,0.03842782975204498,0.058713700235914434
safeguard:train:4960,0.09190123880869773,0.07069499007532092,-0.14645565853813253,-0.023331788418412724,-0.02480638094879208,0.012593296353266536,-0.03915941387507536,-0.049049689356280346,-0.023869953279746076,0.19623032790725048
safeguard:train:4963,0.14828752620231947,0.23605060752303203,-0.014299762516139685,0.008081408430017674,0.03757644399459183,-0.1973742224729875,-0.1830453580621203,-0.08007320127746839,0.052023865575217536,-0.10523121513453462
safeguard:train:4970,0.1609459230281441,0.06470507304536935,0.16296086715112246,-0.22111931903874918,0.3122814828983279,0.060650269392357174,0.0012335409856642095,0.018730779769679306,0.0025785162914909957,0.030056620756855144
safeguard:train:4980,0.14262488794054823,-0.034210768459338625,0.04182412800090991,-0.17011041897980292,0.29057149082207573,-0.00464108639690986,0.01590674208913642,0.0014957605214324869,-0.009418000906025719,-0.004971160262021286
safeguard:train:4987,0.14187320508393872,0.08444017631903435,0.02201187393884807,0.017052091638005563,-0.014937178718931127,-0.08936371770124776,0.13542368180358105,-0.14935228559102565,0.021275272751258466,-0.028930837076946953
safeguard:train:4989,0.2074671435474764,-0.09251069865667506,0.001766830358516752,-0.020401699987518965,-0.03765543534063367,0.0068493557227394305,0.03351070412087555,-0.02760032936355475,-0.008263295333435821,-0.04915241417386609
safeguard:train:4993,0.22243890712417233,0.12919145685463942,-0.002896625299729285,0.029474108074062654,0.010284313416662532,-0.12369955197561192,-0.07700035152840237,-0.04851095025061082,0.06421553007766177,0.05147497610703278
safeguard:train:4998,0.37184855362068536,-0.1975813506917534,-0.016551570110213607,-0.009201427244704212,-0.06214276422357262,-0.026991528879710115,0.01566387922447507,-0.013988803428642723,-0.04914848941771692,-0.04397510183043267
safeguard:train:5,0.119059406916094,-0.04007853555362779,0.004267797059279109,-0.011311558434192568,-0.002986860285769845,0.0007221242299529575,0.012859794766705984,0.034999983137072616,0.0675660955707212,0.029466501138075113
safeguard:train:5000,0.39689628899039386,-0.18767760923269552,-0.022328461858143942,0.05229993802803534,-0.044564450951434485,-0.0206725217110478,-0.0022933696749704207,-0.026704797071484675,-0.047043952408723444,-0.009656236356260095
safeguard:train:5001,0.27224200947018606,0.17133443073986412,-0.26055192180687026,-0.059394774751235065,-0.045005431756646674,0.020101596672977066,-0.03746361490093404,-0.14989471772477786,0.0035837112220299576,0.43580756922264513
safeguard:train:5013,0.2538286810281006,-0.09441841037356241,-0.022294861046578344,0.1486722939129264,0.009402084406432261,0.0015664148112880581,-0.07082367650889389,0.0027119785922241125,-0.05253599443485764,0.07041616930783497
safeguard:train:5033,0.13639871911045837,0.04709222903779562,-0.07674012034438393,0.006036251159238046,-0.012306213029451849,-0.024581885296456094,0.02504604836272746,0.025193108603232685,-0.04565564945134852,0.1305774618545437
safeguard:train:5036,0.14684721525484937,0.19001285608828122,-0.20097658197908744,-0.08622295125088981,-0.03869237716794703,0.025621191188702364,-0.0498975830363368,0.07540902885957637,-0.00872430271355971,-0.09056129806517138
safeguard:train:5043,0.5131082811011926,-0.3103318785913397,-0.005138054417827521,0.11605902128955597,-0.0709085061858332,-0.056121594435525245,-0.027208531101389904,-0.007575127490356303,-0.10168885322043576,0.0554535186176229
safeguard:train:5055,0.17911837376599596,0.3401964495344316,0.29750516065619476,-0.016853950263253342,-0.04699595089137408,-0.11034455531274291,0.15795013039012532,0.2995240826815,-0.14858684298072533,0.09656837388427293
safeguard:train:5058,0.1691911584332838,0.061110745377063756,-0.024367488703392056,0.32894247280770605,0.20486970106852836,0.04926744994382726,-0.10177986293777368,0.0714525304072399,-0.02513997033929006,-0.08585657656833849
safeguard:train:5064,0.44848291967411175,-0.28383790785088614,0.0025223661048473897,0.05016326506354379,-0.09440451599820315,-0.06793252162255128,0.00992466454797873,-0.019408613092415126,-0.1715748367850192,0.003051982298937928
safeguard:train:5066,0.08848974359518158,0.09185798963200788,0.03370033132107065,-0.02119227230763504,-0.017060558924935392,-0.08482812319985669,-9.742201076408217e-05,-0.0654626147746168,0.010716478237372038,-0.04676417598569015
safeguard:train:5069,0.286987284575327,0.30763994634762387,-0.40095875732097763,-0.16726416849097656,-0.07752457338177164,0.13280659776150608,-0.08829035993258949,0.13448819055978864,-0.02290901072777764,-0.21267027244225833
safeguard:train:5074,0.26300854767404125,0.21415487710224174,-0.3309398496325994,-0.02323823137204957,-0.05218913937893108,0.33217268074346284,0.3341403650296387,0.01163443629415717,0.046911222781057825,-0.22145950014934737
safeguard:train:508,0.23423624962737075,0.19121641502152914,-0.18374607712022548,0.02879427546163074,-0.020546281967832782,0.11470418265739299,0.3404891869191766,-0.203600289293924,0.0813292804282925,0.06840116216751974
safeguard:train:5080,0.15976684668858782,-0.04539234009406424,0.029663845945264448,-0.2803387923654038,0.41782341113309274,0.01654368164330284,0.05889329106634849,0.0026325824902915717,0.002476015329206803,0.031576634457908516
safeguard:train:5088,0.2002321888302812,0.31728677706414676,0.1835499292613107,-0.008044442670565314,-0.01869506357280983,-0.02151342672681061,-0.11291599628850855,-0.019735056749969095,0.058996694933344966,-0.011875081950203214
safeguard:train:5091,0.1173804811487529,-0.07301897584746753,0.02808105706994388,-0.10243244162494493,0.14995154748141862,0.02218527845314305,0.01106545163944877,-0.0003094346878937568,-0.023551444480655735,0.021639331124967076
safeguard:train:5092,0.23807124971055268,-0.15418031012080566,-0.017300813678813604,0.0076092314690859204,-0.06116616821530584,-0.03854537361692763,0.00748753867822192,0.07086129167764071,0.10415297915281646,0.017077811533534274
safeguard:train:5100,0.33756503780203545,-0.16115255904645753,-0.019023879943931708,0.015665689567297886,-0.05160185767567844,-0.011296161933550784,0.005793667950081966,0.009668202722146258,-0.01882226182039773,-0.002188779258583462
safeguard:train:5106,0.18662562774914224,0.18013353595296994,0.07562998129080413,-0.0009972273602445053,-0.019925122414056525,-0.09659456561597579,-0.008299568860945544,0.10118448134714868,-0.07188899871252635,0.021367921180307815
safeguard:train:511,0.16414064257801783,0.10785618742112793,-0.07136071194091737,0.03832936158858557,0.031638734044345376,-0.08975482492313099,-0.10935658644541724,-0.0716510462989311,0.020997074160964958,0.009329656273046211
safeguard:train:5118,0.1214355942103612,-0.04731951867846084,-0.007495497508872245,0.015684225383909987,-0.004149237272754721,0.0009490721734086124,-0.0022849772221166737,0.0011382870358151195,-0.022774153443919372,-0.03882912403371542
safeguard:train:5119,0.25528266515838854,0.24754118567279762,0.17007743815431473,-0.08058674987250138,-0.016955853009893627,-0.03295183852337218,-0.06222241105976928,-0.09960013990640479,0.060349382004617896,-0.03529411287521557
safeguard:train:5121,0.33198569632493863,-0.18964312350803766,-0.011226231341769553,0.045178701911519036,-0.0527862470688815,-0.044048467857210116,-0.012790202871993858,-0.011960714697830386,-0.06967400791692246,0.02150657568954515
safeguard:train:5123,0.38412716279927883,-0.24543725498218075,0.01279851369758621,0.06406311458450183,-0.07592295630656787,-0.052590232006618456,0.001300141308277715,-0.02891374667655136,-0.1252755903027277,-0.006579706091467427
safeguard:train:5128,0.3927009653256161,-0.17348801794839822,-0.004220424172164128,0.004141326269805018,-0.031517617137535835,0.004324970497685158,-0.00036743734423032797,-0.02744833142833495,-0.04181161136316281,-0.012863660485009611
safeguard:train:513,0.20221268593593864,0.13076382495544842,-0.0468963559711799,-0.012627871789385675,0.02520515187717867,-0.1761036930166146,-0.10728822053472917,-0.13958254549998433,0.04488843911962689,-0.07176973813341837
safeguard:train:5130,0.14773289367820028,0.1941445776171288,0.0631703479792511,-0.0227349850219118,-0.008184657585207224,-0.26617466824280883,0.13014213191733384,0.17856767108539617,-0.16587753788998838,0.033293426405705664
safeguard:train:5132,0.22966173096085077,0.1626617779389468,-0.15928725924139572,-0.03956293624250539,-0.023684931742937936,-0.047112067604291805,0.006832903987433544,0.1763596506155378,-0.17512625792992884,0.4241518967699378
safeguard:train:5133,0.11307451645746099,-0.04166343132237487,0.0459759269365845,-0.24197999155050273,0.3636775181973514,0.022075329616025333,0.028455894930721135,0.010588598641744391,-0.005076147872597521,0.02913001017245645
safeguard:train:5136,0.2609920057146692,-0.05270024163469719,0.09088178535930452,-0.028146590609633967,0.011315320599665054,-0.01510329293058697,0.012048886335841539,-0.004982470699138636,-0.021427737917009446,-0.0187004887352379
safeguard:train:5137,0.13196050739677725,0.08067799433150757,-0.06794722325420165,0.2022310297999508,0.1493360481487969,-0.05858708171931984,-0.14395795102723327,-0.017160652431737665,0.027057303256296874,-0.04664979978463396
safeguard:train:5139,0.26281760144592736,0.15231761244689584,-0.2631484531293725,0.024030933419167805,0.030419289298615884,0.012732893503110628,-0.1500790334863497,-0.0787777123203282,-0.007253768556237843,0.3621101903352158
safeguard:train:5148,0.21549976732836695,-0.08985918355801811,-0.02946139967091438,0.0018100851676933227,-0.013764126863388074,0.0021784964193870327,-0.014410224952121572,-0.004825561396109307,-0.03592562399554792,0.0070813236188019485
safeguard:train:515,0.24189123721521802,-0.013500124836170609,-0.022623295144236277,0.05087305241739808,0.03843204557173701,-0.05140617349600553,-0.08100934170897921,-0.040478812337910446,0.025801114783737398,0.015868078116343692
safeguard:train:5158,0.12272116147090505,0.06772573830346311,-0.040135456252693484,0.1452614952214832,0.0683001923680304,0.030685811127852226,0.011222228013441452,-0.026504278501634653,-0.004021497701280845,0.030603317435722827
safeguard:train:5159,0.16603147957417083,0.12863038970718305,-0.18597469301155659,-0.04129529055845753,-0.02029785253213425,0.03063880379993815,-0.07117310824545102,-0.026500358742313077,0.0343871701546088,0.08588780769558389
safeguard:train:5160,0.17882254659940813,0.1228070520059612,-0.06104117015169256,0.45165606403653663,0.2576742562236234,0.03129872868180925,0.1744912182212176,-0.14920314407700042,0.09349371723814531,-0.03725897435704065
safeguard:train:5162,0.26103284981998126,0.21866348611701752,-0.39252824973230543,0.008368187492187975,-0.020390497922345544,0.35636606927050235,0.14232315508333768,0.18936323753684184,-0.035504300588512346,-0.18006462456792433
safeguard:train:5166,0.11725964647373598,0.07541432051660239,-0.02738520971379277,0.24043814725367565,0.16241389972856632,-0.0217252893837936,-0.027782231005101864,0.16271045207540966,-0.06301575145608486,-0.043894538269028865
safeguard:train:5168,0.39762110726247135,-0.24638781851262082,-0.003450133066701124,0.102561818153928,-0.08205885167739439,-0.07425175755838681,-0.00980534508244744,-0.01389352313365424,-0.18775997338316233,0.0392066687532172
safeguard:train:517,0.1638122222646428,-0.04262586514499723,0.021752661051376382,-0.2514188543104212,0.35813534073272724,0.026248841136383226,0.04602465807909406,0.0015727310510938162,0.00902171470781923,0.004779021042126908
safeguard:train:5170,0.17889678905132014,0.1816931222650578,0.010963194740376662,-0.06999277260683955,-0.007684278271809655,-0.11197317841947267,-0.09828654942221149,-0.07443206329360062,0.03301335918509032,-0.04931900537425129
safeguard:train:5172,0.1932315960189962,0.08501350259059844,-0.0009267037356798633,0.07583769603634188,-0.0008923380144020654,0.011951249729501854,0.23768472182045933,-0.18364470440576197,0.04598979936795901,0.01931600686929267
safeguard:train:5181,0.42661320739425784,-0.2399736305485229,0.009012024852091093,-0.03403662570348148,-0.043467909186900744,-0.04208872825657501,0.043401335112602066,0.001427058640927631,-0.025790567258031017,-0.07221606673072858
safeguard:train:5186,0.09838945371812491,0.04973854020288061,-0.12611784500281847,-0.04148039563417808,-0.044271861368963085,0.08516670915766035,0.04132175177493898,0.0402403395457783,-0.02405881167615179,0.02847630145173516
safeguard:train:5189,0.16975793247841814,0.03332060916444015,-0.0703656228994245,-0.04067954749959947,0.0037104453815773567,-0.034325530147791085,-0.06947383070406028,-0.03323167917771594,0.02348342318929875,0.02224158268154482
safeguard:train:5193,0.16013443041367942,0.11402035428598499,-0.1005138110168672,0.5161465980141116,0.3254825207628235,0.06428245630391784,-0.037002564216677136,0.06530073885017537,0.0152251323924909,-0.07344728924091377
safeguard:train:5200,0.176115762902489,0.3181205364113096,0.27497547102046854,-0.004548548249858662,-0.03556983576960596,-0.07506155554237,0.10859747789448837,0.29093628852732173,-0.14993731687537343,0.12741099928278488
safeguard:train:5213,0.218047364748443,0.31798801262004706,-0.30632615886256465,-0.11786520888988206,-0.05786067563586349,0.03279800653360006,0.01620274857656356,0.050765700759758205,0.01952736567498949,-0.1033389318407857
safeguard:train:5214,0.38589214744815437,-0.20040876940549218,-0.0032169434214335004,0.01976830434856057,-0.06026597348265831,-0.04830581210077238,-0.00040126691642175576,-0.003459546834320241,-0.01721231735977632,-0.031196952324677233
safeguard:train:5218,0.1352671936905454,0.08626875753272517,-0.05540556380891559,0.432793680167978,0.26707171070809027,0.03804308077999991,-0.006412977189918849,0.014836696163675103,0.03198730885473173,-0.06960624358306215
safeguard:train:5221,0.09295251615711603,0.03916789618098348,-0.05729064298387084,-0.02828593208539024,-0.03439497031457271,0.031096365302030367,0.023634555598802214,0.033521169914424276,-0.05312395486788687,0.07499346373737172
safeguard:train:5223,0.21612908046620283,0.38792139360572286,0.3234592438008229,-0.013895361578264721,-0.04861094480763966,-0.15521094503271804,0.1649127000373692,0.3122886889337202,-0.16228787081707546,0.07693954502291668
safeguard:train:5230,0.18211561998772532,-0.016598313544874073,-0.07732841867133881,0.006333636728963719,-0.035218285412016596,-0.043198529748937425,-0.011261171277611904,-0.03571196379831331,-0.028431561172737922,0.13633498301584565
safeguard:train:5242,0.17545945475385402,0.07359168875270701,-0.024449194672898227,-0.06668889753003943,0.01511377342723097,-0.05627851382443788,-0.11516651238966548,-0.09037920560204199,0.034215694337513515,-0.04940592350935204
safeguard:train:5249,0.17419460164075445,0.09262975790573955,-0.1549724760942716,-0.006563863851208479,0.003568449291436015,-0.00316818283184353,-0.09926561178983928,0.0055788882842458245,0.004576748670998577,0.05218438639439511
safeguard:train:5252,0.21949912162329901,-0.06393272945816908,-0.0604506915322484,0.02761245369831184,-0.010049636139659314,0.0040252419067651445,0.009103297211984433,-0.024938054661146215,-0.02607827686056478,0.015420873446684455
safeguard:train:5253,0.09164304096165242,0.052938719234485364,-0.05174276743245239,0.06152167167708133,0.01484746414372476,0.007969165998322399,0.07393699822569995,-0.07989001516057656,0.01879827899264069,0.007797240803587167
safeguard:train:5259,0.20543780389650168,-0.1115837817729937,0.03244578779568155,-0.11654146155707568,0.16203620023734938,0.0025475125268166897,0.012252216490573434,-0.02182942546439823,-0.04146692099112831,0.007514411421766619
safeguard:train:5263,0.13459420116058096,-0.07725528104853813,0.02664469920812593,-0.14167171225938735,0.19072023549895953,-0.010671357111515815,0.020446511982055986,0.0027514970158063696,-0.004679953594993797,-0.008577439003472952
safeguard:train:527,0.27193883260802026,0.26608614672039416,-0.35491119476182675,-0.13537003253929095,-0.06319149089115762,0.09715960186135,-0.11671404978830771,0.10938988044490569,-0.009755866525363432,-0.14386576768229806
safeguard:train:5270,0.2060259584604304,0.1656258809349558,-0.047690376532173596,-0.03241527500068905,0.03011876365364337,-0.19933860343600956,-0.14691297124602312,-0.13167440682882095,0.07446055208139286,-0.08683027388393125
safeguard:train:5273,0.12780675893037147,-0.015246136644791986,-0.002115195525237818,-0.09295980089876221,0.09876927333501749,0.030757840528916218,0.057493035589132886,-0.05048859666406908,0.017077840770899223,-0.023901048588360396
safeguard:train:5275,0.15047883721903285,0.1071417811024512,0.1216480019524436,-0.019606511427259315,-0.018859123280503223,0.014963217550591103,0.07451234778432163,-0.08348810561373822,0.02505960805725729,-0.03310220598328211
safeguard:train:5286,0.11796344559118992,0.14278880908783925,-0.14429589489624386,-0.05779415299182054,-0.017297418237946775,-0.007740367907537833,-0.07811436054972411,0.021218839175892314,0.0072929270053866116,0.0004909533657565979
safeguard:train:5289,0.14836447368422442,0.22025115354618857,0.12902746666484735,-0.028150838661455277,0.008524574584070244,-0.19784100656559914,0.10235809448498928,0.12568727589417616,-0.10812553702886864,-0.019404506089991107
safeguard:train:529,0.0940851822390451,0.02224528768312342,0.002549733381046685,-0.003800708599752939,-0.0058351014555627695,0.010106320155605862,0.07736385412701739,-0.061655452067626085,-0.0006208668763619155,-0.01599430246825255
safeguard:train:5298,0.2025129270845313,-0.09223952677275121,-0.002183812680711695,-0.03257306615242892,-0.023769881182155454,-0.037256139669990744,0.014554919659035824,-0.011044820996474409,-0.0065723876414662315,-0.040266593207154935
safeguard:train:5300,0.14379284963655176,0.1418996684101862,0.004312465548279846,-0.04124391467557644,-0.011565812981261567,-0.1491009577067598,0.016801597115032187,-0.08222304271192507,-0.006504608913098879,-0.07145187596543673
safeguard:train:5301,0.3593114232875463,-0.17783363738197203,0.004250925845220809,0.05936709044656972,-0.032011284581943404,0.0017922764104646473,-0.02076896949938661,-0.028504791645363528,-0.06810962686117263,0.02724196457378966
safeguard:train:531,0.2007527592376567,0.1622282765855076,-0.36044904435530434,-0.10268678000579747,-0.08271567540591948,0.2805586589320424,0.0975659168216474,0.1574831502762058,-0.04689785648576282,-0.10700696478844718
safeguard:train:5310,0.2847537649341881,-0.17208847328226615,-0.005658565961427755,0.03576916245669048,-0.05213604730904708,-0.03039741757089446,0.004667570494258222,-0.022287510188674704,-0.08833203978242642,-0.0067853101079407
safeguard:train:5314,0.21345640483380043,0.19807914291395975,-0.22117560120582758,-0.05448311891361212,-0.03632915160677338,0.14925875216564993,0.15638330272175563,0.29361655340924686,-0.11888392913501236,-0.13687952507845827
safeguard:train:5335,0.1957535112931347,-0.09378080583739021,-0.021045690204074527,-0.009094341871706407,-0.032446820204650305,-0.01423393870036606,-0.0018946899472040547,0.03137887739266164,0.0275948954466765,-0.0013847568274786466
safeguard:train:5341,0.22624590584881804,-0.09164768473669402,-0.031367931289880066,-0.00858694988365735,-0.02394397145080195,-0.05035936270520229,0.0009862496188511628,-0.022740743661855283,0.008826750916327735,-0.012982713511533394
safeguard:train:5344,0.27032456194225823,0.22682177563817854,-0.35227216866202554,-0.003308037230332714,-0.04713148602045711,0.3163135356390871,0.339607395344372,-0.01975241760434178,0.02886063232830117,-0.08010510665473489
safeguard:train:5349,0.08742025796307026,0.010108003715922631,-0.003089400546038739,0.16430533344810586,0.09343668383147839,0.005537766900462717,-0.057087237102910915,0.0033862196458194467,-0.0037965855377344463,-0.034121117399903006
safeguard:train:5351,0.36766062528741184,-0.237162420033629,0.00853238922856597,0.004724626613469817,-0.08928210835453326,-0.14588143611377183,0.0487937773023059,0.38480847693449105,0.7374860896265311,0.10765852165492125
safeguard:train:5358,0.16176883274881182,0.15085460523501032,0.07237337737258764,0.001295526997947496,-0.019963348173343384,-0.06102806034786593,0.03721190813246778,-0.004021279033976547,-0.009197252340893095,-0.020269087301748496
safeguard:train:5366,0.2862315802886167,0.21974703957893316,0.08489875424294965,-0.03259979479592176,-0.0636274752626009,-0.09283624525309196,-0.13520083445959305,-0.06039363290997022,0.025499431567712977,0.028419914671057003
safeguard:train:537,0.15596602309819543,0.07325383336680563,-0.04650298537723122,0.22776154172936866,0.11446286376293036,-0.014632524887750062,0.11469333903872987,-0.1371484677305576,0.061796118043932806,-0.01198781404198248
safeguard:train:5375,0.17954972704464858,0.1467085419361329,-0.28010797953370464,-0.04314885360533126,-0.05157737947487641,0.19026837484401782,0.06115822077238284,0.12479464159906163,-0.032654677302640135,-0.04118881751906826
safeguard:train:5379,0.10109948767341066,0.06777439846708258,-0.11986652585027963,-0.0161157441863459,-0.030627163244886665,0.03652418728635241,0.004794316038158131,0.10024653387533242,-0.05647517789197765,0.07757631173505387
safeguard:train:5381,0.13808502526232497,-0.07977818793463054,0.046644942440065236,-0.2664561100003114,0.3913544001456612,0.016300716758724174,0.04774511539258667,0.017926831605665626,-0.008912400773549968,0.021203481630074267
safeguard:train:5389,0.18027109337438849,-0.0745828409456837,0.0010233729385842945,-0.05893907656767893,0.023741099492174123,-0.01594451244135158,-0.015185446080583817,-0.02202853676699466,-0.01679967785333296,-0.04321901116923944
safeguard:train:5395,0.1470505755757071,0.09985915509701898,-0.06360085350175125,-0.053156743563116345,0.006682152238243766,-0.10058272549427837,-0.11907903799446594,-0.028139919473115397,0.02225288105886993,-0.01684292785018053
safeguard:train:54,0.4440354826052424,-0.26672587452610463,0.007966079196719045,0.0051669600870950985,-0.08775360676520891,-0.13373722954247264,0.038654220560161226,0.3100167490807976,0.5741236725272505,0.07860831313189029
safeguard:train:5400,0.13239428504551523,-0.06272696798082814,0.003367762974390351,-0.01287798451023283,-0.0226267216055424,-0.0208104790309715,0.004402542467762899,-0.0008940589279743826,-0.01274675448870779,-0.04137809809461465
safeguard:train:5403,0.20606163471240863,0.14786456808701115,0.029333307219822392,-0.05027661073672764,-0.020612028664957625,-0.02567639856801823,-0.10844256141794012,-0.10579804525082673,0.058574629530667804,-0.0640112985346277
safeguard:train:5404,0.15647880924567567,-0.014311499013332661,-0.03900700848276777,0.006931003131742942,-0.02869897820278086,-0.06329110374411645,-0.062074168372943626,-0.039634206189157896,-0.0178212157591069,0.008323284409837865
safeguard:train:5405,0.13165313014201238,0.09661982311009226,-0.08093138958251912,0.0422083088863655,0.03286221016090056,0.03844509360158747,0.02687699545631904,0.12439906762249334,-0.048975079715179476,0.0015235614545179368
safeguard:train:5412,0.21475162005414872,0.20554762061434928,0.12649252114342077,-0.05340575151076553,0.019317575716022977,-0.04643666633871992,-0.10089575357775768,-0.04853256871581561,0.03332671171025066,-0.06421560582934865
safeguard:train:5413,0.14718546093801166,0.005436014898397608,-0.015152278299347325,0.059454627787699575,-0.017941475140922824,-0.04939876716303231,0.04408163097608617,-0.07139831717063738,-0.040013509844091896,0.04006154988773274
safeguard:train:5415,0.2650290983354251,-0.1336381631655486,-0.01432138955819736,0.026169158246610022,-0.03589858626277827,-0.014684547684197264,-0.0008544973291670631,0.0014603962359585215,-0.026648469799723455,-0.00395451346091313
safeguard:train:5423,0.2618031361983389,0.23428490326310342,-0.29797217176299196,-0.11809289803762747,-0.054017608286974016,0.0040366548309958335,-0.1403733834486368,0.009432842455899614,-0.0027424592202373935,0.012872852082000771
safeguard:train:5425,0.15847683716861305,-0.06503103568520475,0.03224733593262014,-0.05429673236966606,0.057367450885533924,0.004398986951535818,-0.002424360619967465,0.0003919914094907381,-0.01999022073108574,0.004908901542280179
safeguard:train:543,0.274198190497466,0.2675036432316195,-0.30958798064332665,-0.015278001618894435,-0.04306006078654026,0.1528327165143543,0.3304128269473374,-0.15332849620757907,0.06731982801622627,0.06088125556956516
safeguard:train:5439,0.15944457333047005,-0.08415353245169599,-0.006683785501023976,0.025707229164989787,-0.0063830608769224265,-0.016660427488109173,-0.023947644718022094,-0.0010063173643779808,-0.031088644404484462,0.02835776645280291
safeguard:train:5440,0.14079730565572313,-0.06700422003735539,0.01648831446085166,-0.07202627353984134,0.11147273333007206,0.020366687358175237,0.016643387414299663,-0.015684117227555524,0.007239566216195013,-0.017738950416381263
safeguard:train:5441,0.111048795925464,-0.04728332677354633,0.0326838442209598,-0.21593113820536528,0.3151782707221811,-0.011815419912173374,0.03151167097657688,0.021870179219032764,0.013474439178020237,0.020577589642590276
safeguard:train:5442,0.1141898168013541,0.04511604887354779,-0.018119314046108035,0.2587862108457211,0.15671940803828766,0.01171616009912514,-0.1101660545307547,0.043279205338781636,-0.01043906818491471,-0.031807578985682976
safeguard:train:5451,0.17410458853217356,0.21159572438803642,-0.2096725071617485,-0.09752674677154409,-0.031578267734953765,-0.08362575084257728,-0.1561917083737135,-0.026863383298250443,0.007131101920996881,0.1462292312164648
safeguard:train:5463,0.2994494302482419,0.3283165362677987,-0.3666550523609633,-0.15157501037433938,-0.09178534879968799,0.11848730580698096,0.14809493256598044,0.03588295507037139,0.025493239688028427,-0.24708976406815136
safeguard:train:5467,0.17821702695734665,0.11380154656872053,-0.03899143615972649,-0.036226460205304574,-0.008830812346030347,-0.13367149143035367,-0.08339875003853889,-0.07659483625438354,0.09352282464695148,-0.04627946976425699
safeguard:train:5469,0.17996868262413962,0.14954828457712818,-0.22489941995732596,-0.04022502620815619,-0.017318129828035562,-0.006827184651176792,-0.12260110045551473,-0.05623898688940039,0.014440593021769536,0.17780926199534314
safeguard:train:5471,0.13337403193275454,0.10449214979058201,-0.03863323647397654,0.305147809739043,0.17726960165648376,0.031150097159841673,0.024682948554179556,0.013596453034746913,0.019074107449455594,-0.03604708036400331
safeguard:train:5477,0.3129576536667443,0.33632306028474934,-0.48268364124303353,-0.14246135086824108,-0.06533276742052076,0.20301363064301656,-0.0004306830437462222,0.11395257085125661,0.014237375188898982,-0.17431641282906968
safeguard:train:5479,0.15693611379243866,0.01700045375712055,-0.008138897297880759,0.06401571881696398,0.010373835103063249,-0.007880165703702603,0.029664235128097762,-0.0677131982009984,0.027731368730446355,0.02155517012408155
safeguard:train:5486,0.1360246418193699,0.09031748777682513,-0.0795521907697452,-0.009898386646974717,0.005766892827170014,-0.0919906699686422,-0.1389258940297478,-0.06483125090426013,0.0224956834563896,0.0367388422809292
safeguard:train:549,0.14049786936228986,-0.03890642095949338,0.10185629297637525,-0.21462362582031108,0.2898185942268604,0.114924634955868,-0.040193948679416495,-0.0007507361167419305,0.024878481991134016,0.012241920360090693
safeguard:train:5493,0.30116384199554425,-0.08557456100503097,-0.05346292161341687,0.005103748576334799,-0.03487849497111109,-0.03792297367082835,-0.053582847466751085,-0.03244318528424236,-0.022946779193520974,-0.0027483458978725056
safeguard:train:5498,0.1881283198298067,0.09750780128198137,-0.25070729358678523,-0.06347069983732788,-0.06934886132249647,0.22120279400554865,0.08635833329551305,0.12806346473978422,-0.04633277658777692,-0.06621972864381438
safeguard:train:5499,0.17655969893578952,0.13186457375611405,-0.09004421944904484,0.006385899627420938,0.014541378926694166,-0.06907632209855204,0.005694423894412621,-0.1478655457410263,0.05783090947231068,0.027710194445887043
safeguard:train:550,0.4760574227422276,-0.21379045772394603,-0.00812284387062339,0.11460161657720964,-0.033698267671821665,-0.03782792730117902,-0.0210815892095514,-0.04278615520984935,-0.07178852052785703,0.01737936883001327
safeguard:train:5506,0.14346846779080397,0.11349852231680023,-0.06462164649789177,0.04830731453865289,0.06185167649905035,-0.0837389773237821,-0.10773096495590369,-0.06852399606854764,0.03638287616234461,0.014906646975624351
safeguard:train:5507,0.15985370087953676,0.16854921934451064,0.02036135446906895,-0.0600208649454804,0.08321390625308603,-0.1222480864818743,0.031764129907103325,0.24502291492286274,-0.17173981740777902,0.075593389327662
safeguard:train:551,0.22907073292693614,-0.11975120495603414,-0.0001353591596298036,-0.015596240922177814,-0.027207699171064807,0.010119703303692953,0.0103301595843824,-0.011333879689504769,-0.032198110325752774,-0.0325119599940517
safeguard:train:5515,0.1902941020763253,0.1281180983154123,-0.05315874224715334,-0.037430018376513156,-0.0065556819814842305,-0.15702674697935656,-0.1672674438394534,-0.11026408064368434,0.03046977018789502,-0.018141673227679338
safeguard:train:5517,0.2619483891499218,0.5134850517432326,0.16101197122836353,-0.12842387052734433,-0.07432528372374812,-0.3348303746711435,-0.09659579983765176,0.0032778139940254965,0.004651185304528717,-0.09789334785874293
safeguard:train:5519,0.19712441647305975,0.2899013677036835,-0.25198893468020866,-0.07217941392727845,-0.03727955175980804,0.029880017350518772,0.06852135931303556,0.36226548489149346,-0.15788628810473038,-0.058063400628108636
safeguard:train:5522,0.08974460108518371,-0.04305225280423745,0.021089316665882894,-0.12324210931916045,0.1726351748090064,0.002009652220818782,0.011788584488098781,0.015591287132361329,0.00328346910772612,0.006010174635850056
safeguard:train:5523,0.18775782372844413,0.09386015069005164,-0.2272347503295396,-0.09120023710435535,-0.059512367764670754,0.19168387990885563,0.08312074931284476,0.10806571482466178,-0.021132605647977327,-0.1400712495592146
safeguard:train:5528,0.1335746815323454,-0.05007534908441518,0.03428332311235633,-0.19805617531209196,0.2677978712992752,0.02554680747128986,0.021675509153237474,-0.0079411555693107,0.0026120246056108897,-0.004794605317819587
safeguard:train:5529,0.1630316140523715,0.10142686969864885,-0.15174705760298451,0.06098490319493203,0.005427958523521508,0.10630893618718425,0.07828438124855283,0.03807055786799927,0.0022455052287476615,-0.006888185028859498
safeguard:train:5530,0.16990214290570047,0.09454508246544446,-0.09979879512006405,0.20315737627577743,0.14135440064457602,-0.06405657515300248,-0.16467642766789445,-0.012288439797484549,0.013744029205455071,-0.0038837256200992295
safeguard:train:5534,0.14153986457686224,0.08884253803891588,-0.09734826403455499,0.24511417530303933,0.13669025943474253,0.0801466293317576,0.05213989106606859,-0.03446159246044011,0.02063685223887748,0.08139786787361136
safeguard:train:5536,0.2026101303832405,0.15473423137885534,-0.10544000199018323,-0.016520260443126832,0.0379171909619838,-0.1408815627953946,-0.16436823302347117,-0.13403166600346722,0.0732926738278941,0.014425811282594549
safeguard:train:5551,0.10904300978212073,0.04156376062983817,-0.12826405951689546,-0.016105625008389274,-0.04437398533701424,0.06658956829117701,0.024379090360314066,0.03846909378005195,-0.033817096772928226,0.07501894594931272
safeguard:train:5553,0.26768113202679006,-0.1718204190871226,0.0169963753069225,0.010733144064434848,-0.03975203111186578,-0.022284161922072502,0.0006997083586168213,0.05554927178329423,0.10122591763353225,-0.007472328510088309
safeguard:train:5559,0.15326390753290073,0.08391903009679264,0.06312664256857028,-0.02750566886931793,-0.03777434858791638,-0.09276290874944602,0.04627087149357049,-0.040108517088128605,-0.00815768650679429,-0.07278593934710546
safeguard:train:5561,0.17088920340612582,0.040893469378848336,-0.012193233161853485,-0.008215063987240636,-0.009638430933475876,-0.041144854019491285,0.07084368837813027,-0.0820963850861278,-0.002963019920069945,0.035670197950054716
safeguard:train:5566,0.16691820576656335,0.26874552497634574,0.08688009949603233,-0.04823335035578557,-0.0283327218864016,-0.07874748006384817,-0.10002027206648201,-0.041205373152327286,0.03949791934398579,0.022533395128591847
safeguard:train:5569,0.06527594274129266,0.09155402712880206,-0.09526078756292299,-0.039998367963576455,-0.02724829950434954,-0.03248918518152024,-0.037950140558952,0.005322088930533907,-0.03803673017823476,0.09376584793713832
safeguard:train:5570,0.18812313828650395,0.06522712253299497,-0.030287705350794728,0.03301602627117031,-0.007593905320119653,-0.10162636248911139,0.09354528755894814,0.028914061577912244,-0.025559166143568207,0.04312476703564209
safeguard:train:5573,0.13410739067340502,-0.075771137052263,0.0415477917050569,-0.24630686587576872,0.3600543652955486,0.01131876846196911,0.0435931865267422,0.01587824434531018,-0.019672814849684757,0.01660863512057902
safeguard:train:5580,0.1234062618692052,0.11114135340517727,-0.04445513644786739,0.3851590552632881,0.24466920186227556,-0.026716437205716065,-0.014454470095753229,0.013768032284283787,0.01862092402491383,-0.055840306708758
safeguard:train:5581,0.12655427303617398,-0.04949179213770362,0.026247022121265156,-0.1763401221212853,0.26254235690502814,0.0072257447927166875,0.03954265007651151,0.002952746346394299,-0.004724574958387147,0.0050475220512110055
safeguard:train:5582,0.11952185692288433,-0.042826172233072696,0.030790677707809015,-0.22036728380608311,0.3183325038767671,-0.0005544522803645084,0.022419431781478292,0.016876803316605644,0.006998641100364973,0.02636383779224918
safeguard:train:5588,0.20287434756267952,0.27583205608029787,-0.2812003750139101,-0.1274576359331897,-0.046523414148984144,0.01475635596503741,-0.06767679797916629,0.0435164327434826,0.028452260643899437,-0.17517619203762802
safeguard:train:5589,0.1319397197888111,-0.01957938431675403,0.055525906798820815,-0.21614007278014,0.33968625367324956,0.03149369930478823,0.010394684916576644,0.013956898541131926,-0.0006315999140952642,0.02066558426471153
safeguard:train:5596,0.11829411706605364,-0.03223705833558625,0.05841382169531407,-0.13068195676184713,0.206870837801172,0.025826100031976065,-0.00799697913387663,0.010382454804073994,0.002718078709213125,0.003842021170728459
safeguard:train:5597,0.21753425894830206,0.23085167329021586,-0.27451924094162955,-0.13056266694439753,-0.06597737959020283,0.08840758458455704,0.021452696707040975,0.11477121314378837,-0.015646143933867797,-0.1595493577056268
safeguard:train:5610,0.26958868488997734,0.2616965201230504,-0.23686425305472025,0.0033974983471926263,-0.044940204220118,0.13532133502659982,0.4017840668928668,-0.18173004424098096,0.07609869479811757,0.039651637504561604
safeguard:train:5612,0.13042006828218064,0.0023725758621191335,-0.01698894486088586,-0.1421745799061723,0.19213791170390657,0.006980373333911899,0.034357888149017586,0.0035669839530464284,-0.0049907450193106264,0.07542007146431708
safeguard:train:5613,0.1440114467898389,-0.053059635615211126,0.02538426625307332,-0.0524932952932089,0.03523697257104584,0.0007902378406583397,0.014607662456530954,-0.021970631333992276,-0.026615396135477035,-0.027909941133329074
safeguard:train:5619,0.13540608099024892,0.10363164137801642,-0.09553492312219951,0.41210601752689136,0.26652813230564804,0.03125435989444634,-0.018815937117722798,-0.005253524045399578,0.027618655129444048,0.03258943516366697
safeguard:train:5629,0.1853931565926094,0.2181843793164967,0.08567037917381608,0.01875646967080007,-0.013341999426405841,-0.12361011953123478,0.08651721238914291,-0.07273203904372909,0.006297781982491067,-0.05502374317709138
safeguard:train:563,0.17961762599592163,0.13906501899950155,-0.20759096089474216,-0.059525635421107184,-0.017758919296568036,0.00868042369750751,-0.10477897544191749,-0.046488295371821184,0.035755481035483566,0.19677477720793182
safeguard:train:5630,0.19223188900736943,-0.1118317009666448,-0.0011235452485212388,0.007731490151445373,-0.026519857440364388,-0.0285779614575921,0.0019819400988180225,-0.008382890448241007,-0.03855407796037632,-0.011586879438856047
safeguard:train:5632,0.22232375785178432,0.027268279253097688,-0.09222311250895653,0.03222029876378022,-0.004826375621336752,-0.067579676029517,-0.08332472963431464,-0.09485886757000714,-0.012405145516020673,0.085984178055915
safeguard:train:5637,0.22362196020669223,-0.06556748108783972,-0.01780166830261073,-0.006548797538208022,-0.03137332192813202,-0.04679620347826315,0.040525172413313514,-0.07000214477379972,-0.0015988290990119351,0.012954958265605613
safeguard:train:5642,0.21563571550739394,0.16851757132362802,-0.23614221859349585,-0.05280513003580613,-0.0557429660310985,0.0803750513772583,0.12795378749190586,-0.0371691799859778,0.006259404954555879,0.03390650762078418
safeguard:train:5643,0.11763213996861367,0.004205767420093313,0.00951480245837394,-0.04216907428605553,0.03747878433407966,-0.021199689135516817,0.015080845577294165,-0.021878750178815472,-0.009647694820432274,0.00629442999867081
safeguard:train:5649,0.07078737459595802,0.021375158128016325,-0.08511490841149678,-0.03161088975406406,-0.04128509340733228,0.04358307164075825,0.017942986633833653,0.023371043496205897,-0.04397200114346957,0.09838081842610123
safeguard:train:5652,0.08608463139681365,0.09424333111190103,-0.11710472010905054,-0.016206870559396215,-0.01864839025831867,-0.006017574351077884,0.013809611980883542,0.02185711751180722,-0.05397151082765999,0.21982864838556154
safeguard:train:566,0.17229006325118704,0.06879168846446795,-0.027799609111659563,0.07090866888914615,-0.0026722521417204305,-0.020009782710680955,0.19646477438887203,-0.1463359964845749,0.04065868481023705,-0.011826764270857406
safeguard:train:567,0.4502541109905175,-0.2722567050173726,-0.005626733385904024,0.08760018978613608,-0.0984995449984385,-0.05618535471709393,0.0275591822225179,-0.0424205662758751,-0.19544182101591076,-0.0033050078903632558
safeguard:train:5690,0.3430835798731296,-0.22158669682067975,0.0010485383315207157,0.08682662978277675,-0.086080158583224,-0.07268559491928223,-0.005233114514835745,-0.012446463238228622,-0.1800007705156816,0.03548398985028919
safeguard:train:5700,0.11338672249065596,-0.00706885955592221,-0.014821462865434303,-0.11478811298715401,0.17118159957518467,0.013716972597385104,0.01713136169745692,-0.024368991281898716,0.009726657604220156,0.055530681444884475
safeguard:train:5702,0.17849361198396646,-0.06941671502771794,-0.002397683263357197,0.0408276335366572,-0.002802580964858092,-0.022626800033335517,0.007025817694457251,-0.04565352543783436,-0.030201674280565256,-0.018022086929962974
safeguard:train:5703,0.2345416485541459,0.2604656688752245,0.23048336357593088,0.009369389224028885,-0.03390663632624825,-0.050282481100880835,0.024411310615587684,0.2004664815884398,-0.13032190758890894,0.10128946050283867
safeguard:train:5705,0.12478480451578264,0.016081245268553736,-0.01000004172030726,-0.05569345471586697,0.017048735581566225,-0.04342837319867603,0.04917368393949939,0.038239536226008945,-0.032940927227182934,0.0015938006409830213
safeguard:train:5708,0.11952498504789952,-0.0042009192792617335,0.0028192976381698617,-0.04631361864196748,0.03694488514597246,-0.009540105250701921,0.03023819312216291,-0.027755046105017122,-0.014646036843049333,-0.020100585497241884
safeguard:train:5709,0.14306154380334268,0.13215861798242987,-0.0927970336898582,0.26609970647007664,0.2068762508675495,-0.08807797799851881,-0.2053031711537347,-0.003261762241960874,0.04185369635056395,-0.06781357124583155
safeguard:train:5715,0.14109399981920592,-0.01806822464842136,0.03215967926728077,-0.1824143352710593,0.3407342339755576,-0.001994129879686153,0.03195699509521689,0.018560391521319622,0.00422602973400499,-0.003926458692463732
safeguard:train:5726,0.11802853411328947,0.07995558528811919,0.016241710275645867,-0.007790007103478774,-0.004364145220084912,-0.09031649417506617,0.08488176435189089,0.12561198450397978,-0.11035078970826404,0.0032552980548089926
safeguard:train:573,0.20031136467366942,0.32604791181226545,0.27246358133848914,-0.03717348101930483,-0.041913367213181715,-0.1153578984439169,0.10483995612229845,0.24330551112064575,-0.14595920105225038,0.13521434989990375
safeguard:train:5731,0.08953491636249869,0.059669123911835605,-0.1419091800200904,-0.019385179230913163,-0.024934024345652846,0.030832101588757797,-0.014754682070491932,-0.03011560413927527,-0.03829973580465846,0.2229789878401721
safeguard:train:5742,0.1756474491748027,0.06016692542442636,-0.08986590917136911,-0.04086866863439733,0.0034707180275882353,-0.03191452326910958,-0.09126639785730559,-0.007899419642411157,-0.01603263818142613,0.05538884653624655
safeguard:train:5743,0.28937832774635375,0.30896129409788775,-0.4586177521474444,-0.15993932235382693,-0.07533948915742297,0.2135950682000898,-0.014993009930124458,0.12924087316820576,-0.00938907146161479,-0.10912298116840762
safeguard:train:5756,0.18516177403323034,0.0758650908133187,-0.10108428096950035,0.04513355583534327,0.02652505937503477,-0.024789560993204028,-0.10379637994948986,-0.04383673044600944,0.014010593733337415,0.011817590130518401
safeguard:train:5757,0.13067418151200272,0.24240351628615545,0.14362203176338773,-0.013163244758232663,-0.006049915008483011,-0.2147956507264182,0.10911466604492016,0.1912653271681699,-0.14044834104170742,0.00777388680772245
safeguard:train:5759,0.12928848523245795,0.18624724263760403,0.09918652536399737,-0.018949235796749897,-0.039028253690801984,-0.12443416905242917,0.09606803169374831,0.01765736325303743,-0.05009486435458056,-0.02158881073406151
safeguard:train:576,0.36059929506089705,-0.1885392552554957,-0.029384355853840624,0.04591000337613706,-0.05720424338208952,-0.025255048674835006,-0.022573414578708807,0.002392714684973296,-0.06965645300902965,0.06274864939039501
safeguard:train:5760,0.16542336895431312,-0.005939858222790805,0.0314619451716544,-0.30285198206727193,0.3976315544817835,-0.03886873763924088,0.06638848990792708,0.018079207123256325,0.0027469159999429127,0.0018709787675118975
safeguard:train:5761,0.15924467157886807,0.12161671364627613,0.04530274821501774,-0.01857019600039118,0.006758566475389412,-0.008958442654747989,0.17211061732351318,-0.22412967164416073,0.08059009618108677,-0.054168669891191075
safeguard:train:5786,0.21353742957676547,-0.11646796948886409,0.01877863420877608,-0.0522097020295858,0.03654678907182688,0.02136914322327866,0.009165781782852041,-0.007808891138209266,-0.028225212275163888,-0.03519105766966254
safeguard:train:5791,0.09245658890399906,0.00982612940584756,0.024544804507974485,0.0882698560515485,0.05696772077195592,0.03998451659180176,-0.06493716062485308,-0.0065904388462548385,-0.008411767826470427,0.003990774814499317
safeguard:train:5801,0.12569327544559042,-0.041014188436344585,0.01566711553353209,-0.12978036360548537,0.19078005953283017,0.007800506020541382,0.022697062235263264,-0.008187945830091041,-0.00957441939688129,0.0006589979203656346
safeguard:train:5806,0.221513237975412,0.25434357611991176,-0.2369746130111185,-0.09914877885358392,-0.07895838901710074,0.022517595745805023,0.20683977272834178,0.19763655348984943,-0.1298216249020046,0.07025785104514795
safeguard:train:5807,0.173617127783329,0.06177806809853697,-0.1373155955384599,0.04868611966332949,0.0018742573954338285,0.06299141430011107,-0.030026892200681294,0.09050024676782634,-0.039705949095018914,-0.06831109962806531
safeguard:train:5812,0.17223982947409788,0.3504895596932589,0.18643345006907405,-0.04132969496809415,-0.032428123241771314,-0.3297420586576488,0.18763437475211733,0.22215116935316623,-0.17115137268229935,-0.00615183818953949
safeguard:train:5815,0.15278902818810128,0.0027695637222538397,-0.02097887470069613,0.040997258355677586,0.019529400929724314,-0.006671404871400289,-0.006630564488855428,-0.06780407190230293,-0.01590317175941114,0.0541675661043937
safeguard:train:5825,0.1319399415229881,0.0338729639858377,-0.05778953455184749,0.008347888141075973,-0.02509706877297436,-0.06954108848220318,-0.026909331385642967,-0.02944847131322185,-0.04135780080429617,0.05977891269481115
safeguard:train:5826,0.11317865672627102,-0.03929060071076326,0.032741473182071275,-0.13633573597769716,0.18617492502904928,0.02177211320594278,0.014836889820964068,-0.000846453494861219,-0.0010148684328996475,0.0022740072226200714
safeguard:train:5833,0.06935368540941804,-0.011532428416075017,0.006731714462034273,-0.028754102655396716,0.019128112451107033,-0.006857546230031843,0.023716440573016424,-0.03688966644983147,-0.006591685916938901,-0.020151069479094088
safeguard:train:5834,0.20503551578908186,-0.092076248386945,-0.005811942292240554,-1.3893540373739472e-05,-0.03825530806619656,-0.01940536043515508,0.012712284340675962,0.007487613748004986,0.004773807691265494,-0.0013367085995492915
safeguard:train:584,0.1531555525135866,-0.04621058685120799,0.04260234994353349,-0.24550518012383804,0.38562671847158464,0.0026962095448534763,0.04130184956938518,0.007104147289292682,-0.03406623315284484,0.03579194032523378
safeguard:train:5845,0.3108319963658049,-0.1026278937336445,0.012549278260833316,-0.050008259664167914,-0.004107227567847518,0.029625781929066876,0.0045922937655488135,-0.022458469206018808,-0.015428169755094645,-0.022171822261392204
safeguard:train:5847,0.2218881675146636,0.22139410897045286,-0.01698224036109442,-0.06964683457579306,-0.038090140743300374,-0.2273760183274012,-0.1623421132549543,-0.13705645529928984,0.05478096060744417,-0.08517755313339491
safeguard:train:5848,0.10309883484624772,-0.01781436253259818,0.05774375396092406,-0.10056490382422277,0.16246296464571094,0.02879707301695553,-0.020130909107406156,0.004134624910807641,0.0045387563323270545,0.007860079563230796
safeguard:train:5857,0.1923506136368094,0.33365216456252444,0.271620515170008,-0.0038004288041384336,-0.04438213566960204,-0.10007551172735879,0.08904147810498607,0.20625084713699113,-0.1014579258418863,0.0511210643647828
safeguard:train:5859,0.12214352031659792,-0.055446441632975366,0.025623874328516073,-0.14590524553251297,0.2055292776497945,0.010759867050866529,0.015651293563690022,0.0098766035838815,-0.0030436937341882502,-0.009841781444860273
safeguard:train:5861,0.30252473008252634,-0.1557899875247668,-0.007610690747920744,0.03227621456851425,-0.04615238627790241,-0.024598704948324168,-0.001011486928660883,-0.015730053298959643,-0.06723635652149398,-0.009339980765818797
safeguard:train:5863,0.13690673937049808,-0.06153213256562786,0.03650852114520235,-0.25729695641239203,0.37546697946735147,0.01796080433471009,0.05671996221717366,0.006638802146190487,0.0049742788159462085,0.02431104838584379
safeguard:train:5866,0.1592170915502923,0.12191389190328829,0.10553273950505612,-0.0026551471460637796,-0.0406635624316976,-0.06582198124612489,0.012732762200905617,-0.03863351437294509,-0.012759022781585123,0.0009523629426550194
safeguard:train:5871,0.18974952225472594,0.10517546218065599,0.022456172930487385,-0.014625423708717632,-0.0295628574340507,-0.040597500260194874,0.045401237472666466,0.025032884291326742,-0.08249112917229028,0.050716638652276186
safeguard:train:5873,0.24644132068005134,0.212838033157276,-0.37427679013193244,0.006652929989423981,-0.02328615798870601,0.35033311807258277,0.1481326955462665,0.19708143943755882,-0.03894692287548792,-0.19449038434838442
safeguard:train:5876,0.1343233648130463,0.050280225630828186,-0.025901255871737923,0.2511227137744911,0.148744086901054,0.012208880729674304,0.005317755496461925,0.0010189795559139695,0.017768877655107436,-0.04200597092186754
safeguard:train:5877,0.17833758943094086,0.22919407788072063,-0.2661714114450397,-0.10357529998641804,-0.04017918730203611,0.07693965546260448,-0.11230028473052388,0.069089404442819,0.011633943474941802,-0.06576110356093953
safeguard:train:5882,0.06817522644161644,0.0358218274766428,-0.04884482223649213,0.03783034857783857,0.00966212895069608,0.019673939513923194,-0.003387486210989209,0.07734443826277397,-0.05591613466613362,0.09518902777104285
safeguard:train:5889,0.11604295499145108,0.055247408826442974,-0.06283156068892479,0.09170537774611529,0.035633587029438404,-0.039896003256125724,-0.04204600407127478,0.006603202363745059,-0.02935319290374992,0.029588881747859844
safeguard:train:589,0.1279203349920312,0.06383168167400412,-0.12770031681363275,-0.04031744410995112,-0.042378330394020315,0.08092097755913653,0.03276420640781794,0.06352421938520549,-0.04449350247503977,0.053179779213803714
safeguard:train:5893,0.20870481211591843,0.25804418742209456,-0.21428973808181256,-0.0690358430114573,-0.026039581101456058,-0.06800635931259973,-0.046138554475040616,0.026556524774605475,-0.0032981952404148853,0.010977525695509152
safeguard:train:5899,0.12967397430036676,-0.032299827484207705,0.022714894669736856,-0.18021015650013633,0.2679794665075485,0.01141126442778804,0.043306612773862434,-0.004136070188171371,-0.014370980493993124,0.015072002282481303
safeguard:train:5903,0.16277265149791384,0.06750563002709191,0.06433290628919501,-0.012230857099246957,-0.01899585347082159,-0.06969667387768891,0.04227132592584401,-0.006860161764463907,-0.014057583201106477,0.0031305157820068195
safeguard:train:5917,0.2779020926733144,0.2991106858275232,-0.3593287139594555,-0.14335370615952783,-0.05929854227867659,0.07063111058004948,-0.1475845846283548,0.07241038266251654,-0.007173615074501296,-0.07720213124475635
safeguard:train:5921,0.3492708873159712,-0.17673037945544104,-0.007721036741134796,0.006263825886130231,-0.03305870830033703,-0.018677059764855043,-0.00448424810226109,0.003507698785311885,-0.04679967543369201,-0.027531468178193973
safeguard:train:5924,0.17604810756634662,0.3560822973072576,0.19485339544970523,-0.04242665296119968,-0.03128314294047022,-0.3503802945561864,0.19130760480139,0.2848408090577386,-0.20340293126086217,-0.019871986780358657
safeguard:train:5928,0.2422141050685705,0.16461279288150013,-0.14308097054266242,0.0001689424274920184,-0.012198648524944122,-0.12643166967534283,-0.03405766276128311,-0.1952925030465075,0.04117112422376063,0.06731896338394587
safeguard:train:5929,0.19624284404918083,0.10493579964786105,-0.06932862479391731,-6.80562837189468e-05,0.006383111626819182,-0.11524417250867489,-0.11234774426361555,-0.05350035290287228,0.00011802098142010179,-0.0206397301587595
safeguard:train:5936,0.14210151251007053,0.1152554548934971,-0.045508441600252816,0.4091179762208333,0.2690306303836913,-0.03585886417911306,-0.13073666956475483,0.07956460375323393,-0.02730675664266823,-0.06211780900156125
safeguard:train:5937,0.20202872350367554,0.27216792599724676,0.17123176274972707,-0.05067539664976239,-0.07617573697663116,-0.1302104044384076,0.049246419311419334,-0.032468921169575914,-0.0020452165790080115,-0.06396709779015083
safeguard:train:5957,0.16407902017767267,0.05746870700851703,-0.19739886594414316,-0.04694777920410007,-0.054058090290100315,0.15814205354335223,0.05516408972069885,0.10938164372619714,-0.04208436471154912,-0.05753201442899034
safeguard:train:5958,0.1216901236110383,0.02888958534541028,-0.09392768037802107,0.02663144670741417,-0.0168184594912909,0.04329279373972337,-0.011499605186010863,0.009215173677939748,-0.016133489822720132,0.10005145609344245
safeguard:train:5959,0.13972763104629007,0.09201097104729147,-0.04509040653448987,0.33831363708118445,0.19145891686793065,0.003997035431186054,0.12042889130376827,-0.11497217858461205,0.06672288006888709,-0.027389813069018547
safeguard:train:5961,0.3358191621768017,0.39748620791684325,-0.5004518545056423,-0.20124090996960353,-0.09230240610212291,0.12603933657042193,-0.11182776382864322,0.15091363404932356,-0.0075281439805304,-0.20788037591070682
safeguard:train:5965,0.11388612089124509,-0.053477677789757185,0.0303936959679513,-0.15263795404829403,0.19512732963290158,0.0196483092640518,0.017480789777671417,0.006981756474721027,7.702827513204338e-06,-0.01026667615642499
safeguard:train:5966,0.1031887771089724,0.08578047286102024,0.020399526304301068,0.2204731640926801,0.15235242421835216,-0.09414131601070698,-0.028311951984226324,0.10946083541509334,-0.047494683526784674,-0.006543334332406806
safeguard:train:5968,0.15481919753205797,-0.051730780051747687,0.04606952079339169,-0.2561304764522047,0.3832297225725291,0.0400831478027551,0.04488140699885853,0.00543751560774174,-0.006234063911872924,0.015456128111839993
safeguard:train:5969,0.15042326352924948,-0.07702985368331022,0.05503456502300476,-0.3034404154828861,0.4407090629253737,0.037376486192353585,0.04649675944324558,0.0160370739367536,-0.01272313217415014,0.024925788992319866
safeguard:train:5975,0.19947152620863107,0.2625530753298712,-0.0001359151358049356,-0.04203931402387839,-0.0007240368550285758,-0.21045315104104517,0.08701255818388642,-0.2842416042197976,0.12435604558243024,-0.11862778171960024
safeguard:train:5977,0.18234550078080355,0.10560865500496079,-0.12536512517157608,0.028177139104274083,0.02322628861540392,-0.047916535228530954,-0.11578677309235627,-0.04464533646658976,0.015598569165915508,-0.005662305416133945
safeguard:train:5978,0.17146317899542815,-0.0801865669971947,0.0074272991724521195,0.08058168714025485,0.009900388750468269,-0.02503787785746365,-0.03439663873977595,-0.029008019159881254,-0.025329168046292747,0.0131644714772569
safeguard:train:5979,0.17677678648514897,0.34181994875216326,0.22432824013611058,-0.02143288140259443,-0.030729708621411386,-0.18938769810512585,0.1313728573900792,0.35279289217214815,-0.20992838570940797,0.10691344493932416
safeguard:train:598,0.1352352307550271,0.10487469844331448,-0.07387639877470308,0.5060047529614827,0.3244898354776792,0.019473034064949258,-0.009528991298228907,-0.020613424534771472,0.051979937333550046,-0.022298520709823286
safeguard:train:5983,0.11212190207913385,0.08003477103885269,-0.06919780068730072,0.2871840941114231,0.17802298525051408,0.015996635188482187,0.019940446016436825,-0.04532812823029596,0.029471238046919788,0.05642113673315299
safeguard:train:5986,0.2745241451852286,-0.11582116844770694,0.0031829178646071276,0.08005482546490321,-0.007256930484671204,0.010797286179180124,-0.052045636808530665,-0.02209154513015292,-0.06330554529194275,0.02920546948603653
safeguard:train:5997,0.10466890071618712,0.16393035285058055,0.09204772019831464,0.004806654149632568,0.01086213328795592,-0.08008403437263761,0.03730079815963717,0.11285074488483769,-0.06521020001846844,0.04681350513858351
safeguard:train:5999,0.10830902913064061,0.02938927646605159,-0.019372041097235063,0.3087847344171455,0.19446105343022138,0.008429048097229892,-0.09322159602148106,0.03150230578957342,-0.0017520626578604826,-0.07128693911884676
safeguard:train:6009,0.12005328389367421,0.09075466967635784,-0.06395223413254386,0.43294200337655436,0.2778209789161336,0.020496082062763352,-0.00012130051138053386,-0.02004933837409632,0.04399698671447477,-0.01346089709174272
safeguard:train:6014,0.22848791923347653,0.21439157159442884,-0.39272356089946264,-0.14861218213689623,-0.10571230562827935,0.24428943574332143,0.04356323550405343,0.20895449521944565,-0.06877736902951086,-0.17155560602798509
safeguard:train:6018,0.12987856769342218,-0.062296112682025354,0.046584015808199014,-0.28286353971804984,0.4200869380653861,0.018513054133090054,0.048332543626660174,0.016882250456527807,0.004445514861573247,0.029933583949811677
safeguard:train:6020,0.1476418770229695,0.18829448178320393,-0.18195775126680355,-0.07101598758907535,-0.022761457540764578,-0.019243482393302036,-0.11322870873860422,0.010340089853375077,0.007276570742471607,0.06291019948258263
safeguard:train:6027,0.17001181719952196,0.15912913885657184,-0.20942996833782168,-0.03525678701173313,-0.043924842583726115,-0.022747719097162493,-0.042112023641506874,0.10848087903145076,-0.13132584373139927,0.4552221739739668
safeguard:train:6036,0.2087608428144045,0.16152082350588484,-0.244796935542895,-0.02440127759262582,-0.008114395236704203,0.0343117142291666,-0.10260544746323542,-0.04196160417958023,0.018752781755469756,0.19779931083270894
safeguard:train:6038,0.1415702388552225,-0.05521624497798016,0.04124855799384905,-0.24029290796638897,0.36540555449142315,0.013730495095390679,0.04025323078153244,0.01592096213642213,-0.0022333831195371153,0.01442401718309159
safeguard:train:6039,0.2628164842819376,-0.13163465251051257,-0.0069910111726998615,0.07194636618081698,-0.00291299546537611,-0.008287258059490562,-0.03839839717846002,-0.010059649945890585,-0.037283461487884445,0.030729634311946218
safeguard:train:604,0.16221895832761918,0.13558884497076937,-0.19894277463625495,0.12099220724942177,0.0476119991967733,0.15351146319551837,0.07614736931854256,0.01441498628751994,0.002602233784507677,0.1233263148744858
safeguard:train:6045,0.2118821854119798,-0.09742835289686262,-0.009974556045750375,0.07252959590526446,-0.011306694746854133,-0.013976436621792168,-0.02568749300334589,-0.006371655282925804,-0.034262572264983,0.01379102959932592
safeguard:train:6046,0.32155093408723784,-0.14400536969758052,-0.011084579892716518,0.021784776955333235,-0.03759077564239181,-0.015684860099676626,-0.002671864685519735,-0.017658420336389223,-0.02946839836233133,-0.003242298069308555
safeguard:train:6048,0.14626260127202903,0.04183882197632986,-0.05086124525236764,0.03409361642281307,0.013591756679661572,-0.038704313096514294,-0.0924634882875748,-0.024490531777878306,0.006918047889607768,0.019840345931210687
safeguard:train:6052,0.19345314547999484,0.31883929369536035,0.03571444484821833,-0.08672706774683155,-0.0345668829313871,-0.22801789227946745,-0.10956338330748595,-0.066597701880687,0.02448007531761361,-0.08480834152710523
safeguard:train:6053,0.13735796532691888,-0.0533459235038332,0.03515991557650529,-0.15661098516858982,0.23183736080145684,0.0028695396912699627,0.015983854501484037,0.007021625236460753,-0.0035428744300785246,-0.004638304532988594
safeguard:train:606,0.09126241684624585,0.025174392960829038,-0.09716805412494892,0.0050502361169819324,-0.023407605920604514,0.005131096077551319,-0.04163869067134394,-0.002915985443347929,-0.040960395277289806,0.1875168435142069
safeguard:train:6060,0.16585088165057155,-0.03288591295157254,0.008505980256781776,0.014492943935403567,0.012086774021560607,-0.06123158267202755,-0.00970408543369156,-0.05711794807515154,0.02839215664565551,-0.015747114396200107
safeguard:train:6069,0.10548869599711148,0.0495639905186126,-0.1357152467807828,-0.023223163762071144,-0.016222941960105097,0.05564500396537468,0.01543774180598753,-0.00875556816546119,-0.014952294178014608,0.14763315398498078
safeguard:train:6071,0.20441158963225692,0.2040536709038369,0.19337082073180412,-0.009217007695442002,-0.0417902210503133,-0.008773979223525474,0.0018807232058874268,-0.059561471169542655,0.02865601727954247,-0.10435858436225472
safeguard:train:6075,0.11001847275411225,0.003055710264597709,-0.02057605490943961,-0.0016577101716322385,-0.0008880410234178685,-0.004844510880339369,0.009049650271667457,-0.028868587971788196,-0.000701595889842838,-0.008303618277712222
safeguard:train:609,0.12901392097976083,0.12107352321908901,-0.09805536429199083,-0.019395472214470817,-0.04178724447050029,-0.07100499892236324,0.008582672294034362,0.08604232126577532,-0.1075170419741971,0.2961764561636336
safeguard:train:6095,0.1633113640429872,0.26275929616508786,0.17515390002553632,0.03250770432902595,-0.030625883233038245,0.06692286111260722,0.03569246084134962,0.07827294350099066,-0.01439123537946488,-0.14477393022837223
safeguard:train:61,0.14057397395049506,0.10098900463227307,-0.022020777487452393,0.41219842182600225,0.28546951618552246,-0.056173412824495554,-0.07526732727396239,0.217979023123874,-0.0785583452824051,-0.06269225388586194
safeguard:train:6112,0.07190595165840583,0.0777427762415251,-0.12478846396422326,-0.016103453987286978,-0.018114666094812958,0.009471724013685706,-0.017322650059983385,-0.04373300856929216,-0.035552072544149056,0.24260649660591604
safeguard:train:612,0.2455837566758222,-0.12062401894742794,-0.008900706199779144,0.08032134102711506,-0.003013680134068899,-0.04813799609994691,-0.007541208840289706,-0.020097926809523825,-0.04274657312887674,0.054280285360367754
safeguard:train:6121,0.18711611268736938,0.0778299279000594,0.1135224807658246,0.0009037558942031395,-0.06485101631721653,0.03870252975736418,-0.005607559987734449,0.02576731914589148,0.012180685669385018,0.03765227216571872
safeguard:train:6122,0.07808054575743338,-0.00834644573190119,-0.0176423262954776,-0.035750148815343594,0.014814500207660713,-0.00031368016703023176,0.008542347191536476,-0.0008172535185293315,-0.013800285807025768,0.01747120627087116
safeguard:train:6125,0.2203720044395909,-0.13266929139857178,-0.00744060692497607,-0.000581826142916813,-0.037951591407589566,-0.019923763820759288,0.009582260171824042,0.002693495689084072,0.0017747562267563244,-0.028429116977376122
safeguard:train:6150,0.08308208463109412,0.07309154882226246,-0.09375422370520056,-0.04221054616987779,-0.02707403401281479,-0.027505831310865776,-0.05115676349219411,0.010082271906619363,-0.006429573366729396,0.038192515015477484
safeguard:train:6151,0.12307271961942322,0.057730217214851075,0.0010319467281973175,0.11301950327743542,0.07677235802639241,-0.03789944607033483,-0.0003017512183648931,0.16531405505180277,-0.07998673133819588,-0.013136850205981777
safeguard:train:6153,0.18390100585206282,0.2691258397963966,0.09047347766270177,0.0015684921881007213,-0.0030026582744682993,-0.1744793278801643,0.12955227403654615,0.19074241575224984,-0.11327507591160672,-0.03328706653325756
safeguard:train:6154,0.19267495600336382,0.17875544368571988,-0.2776927903980857,-0.09828195926496022,-0.04979483545148452,0.16421268937434916,-0.021774399410644758,0.12060222829180077,-0.006067867548747345,-0.1952306602706827
safeguard:train:6159,0.2694927630428687,0.23314109798444527,-0.25631508448730617,-0.1002017601890527,-0.048740213212144924,-0.08274638465472194,-0.1771709410976057,-0.07615250069480486,-0.02641812905934132,0.3815034735619277
safeguard:train:6162,0.18115194154531536,0.16931329534407671,-0.050525917263615924,-0.05341844737295577,-0.01969045324954933,-0.13436137695337547,-0.06681195370665609,-0.09390299547521316,0.00888839845511897,0.014095977021956333
safeguard:train:6167,0.20474801076566812,0.24526817612713792,-0.2823597111136587,-0.06333302014196047,-0.03726686541554203,0.09396524749368514,0.020301087849246714,0.0029450582852766213,0.041721433351819034,-0.10395376951319253
safeguard:train:6171,0.17064206819879835,0.15614430337088492,-0.09143435783261124,0.16611887081090843,0.1505081667790878,-0.12453043629182614,-0.2132096135871654,-0.017201151727092828,0.017911845816135644,-0.056702476967113474
safeguard:train:6181,0.0991591726698839,0.10879969370713902,0.06857640238177065,-0.02916827033810126,-0.04064018723186261,-0.11113110429614181,0.05131415065618427,0.011171855507336168,-0.029962959494107703,-0.029694159897299257
safeguard:train:6185,0.3542531629325052,-0.2344558304752931,0.009197263918112479,0.0014263766377148324,-0.08684673156199242,-0.14653930136662255,0.05117218972809754,0.38358095697269307,0.7384113846176045,0.10422868560695389
safeguard:train:6187,0.09807180790626749,0.00814450383565332,-0.025220769684606608,-0.06383460959811191,0.094489870004228,0.0236230240073518,0.01934719029771719,-0.035215729261597564,0.0026025576222765113,0.03682849203404185
safeguard:train:6190,0.26424287309571326,0.26400001936321266,-0.40252076083204213,-0.16017751386993556,-0.07317189920502805,0.19369060632991242,-0.06404024358785587,0.12903387221354393,-0.002650418342516534,-0.18457774788647316
safeguard:train:6194,0.12989044384745468,-0.07068205218422431,0.033980739049581654,-0.16524071495327639,0.21220135809508886,0.0141612421386544,0.022100329131110544,0.013304934374850018,0.0067531107996270075,-0.0075182920769705265
safeguard:train:620,0.21774930402476778,0.22314826757845002,-0.374814521196493,-0.1448334218791786,-0.10331282674240078,0.23014705672949368,0.08258931640318583,0.2166060108468988,-0.07291062974712395,-0.16072643068048545
safeguard:train:6201,0.25514632226308914,0.21989336086864933,-0.30415263628196415,-0.006128858476992631,-0.04923268649573189,0.2763217369271212,0.3754115004687945,-0.022530980433986294,0.0388987668980998,-0.15503563225006364
safeguard:train:6202,0.1539626223358417,0.10050537336048616,-0.07298291414667242,0.19163296112277903,0.1469602257573793,-0.060943329754368725,-0.17632690478106428,-0.0024066314908145346,0.02872766953212605,-0.045426655539746355
safeguard:train:6204,0.2064256567711679,0.0076684751617830775,-0.020090577260853767,-0.1633703545496198,0.4113100283891712,0.05059075202349513,0.10522667469721483,-0.05114536663770793,0.0046131893959219985,0.13329840705105322
safeguard:train:6207,0.08131987960814693,0.0643007542040763,-0.05219257930630655,-0.028887736784697388,-0.03180279955550649,-0.04267720606811757,-0.011107994843260267,-0.004475970979501289,-0.03440225216519617,0.06916961874626655
safeguard:train:6209,0.12658282589693606,0.09693129471193385,-0.06867259345069088,0.4643125338784868,0.2992449907166403,0.019160184578912255,-0.008376878203258607,-0.020031951920116742,0.047546835343139866,-0.018701960559401154
safeguard:train:6211,0.10662602022440264,-0.05744837013413235,-0.005284938701513914,0.024088220822758986,0.018524261463243822,-0.01422410056580161,-0.0011575471007174729,-0.015613688907133758,-0.02160129569659516,0.025149667151533963
safeguard:train:6212,0.1793303119481604,0.35373820760567193,0.292631641929492,-0.023708543537922833,-0.05022548328405211,-0.15915310637852598,0.14000473397495605,0.29786659281590283,-0.16732702712121422,0.09713703716085728
safeguard:train:6217,0.16385844016400067,-0.006345754483193577,-0.0020096927540473935,-0.19148935107355497,0.3235534063670075,0.03571574855375881,0.01737780087936614,0.027402356087173754,-0.004553132104800472,0.027073375147821925
safeguard:train:6222,0.12106557469770925,0.06724202441003999,-0.09125179664845715,0.030958142574091744,-0.022706287034928354,0.01516951444569081,0.08910694784740762,-0.08037011974975533,0.015538085860443506,0.05997588081358466
safeguard:train:6223,0.17403657639532272,-0.10804394698663482,0.0031893000136495966,-0.03298981799349472,-0.0004540740951495787,-0.009558478966798583,0.022546201616223543,-0.001285455620360027,0.009153011696013513,-0.025396753930113196
safeguard:train:6224,0.25589357511933664,0.24193859387139474,-0.260618629790898,0.00010825873038561545,-0.04023597000921049,0.14771828129298645,0.37330259870059207,-0.1539811142786919,0.06510509496584863,0.04337004834047941
safeguard:train:6239,0.08318930416485838,0.02880764810618449,-0.07729623197008136,0.010465246035878936,-0.019262380675284733,0.003912551061515508,-0.01447142457483348,0.07418792090168727,-0.0664819265816763,0.06255767446102628
safeguard:train:6242,0.3118223446215242,-0.20065445046576377,0.009638010127012042,-0.03649694035376862,-0.028130764278091417,-0.024882008897979223,0.01790784081310981,-0.010221042047397218,-0.030325418983666128,-0.0703052211294664
safeguard:train:625,0.29667776892987796,-0.13346123209157942,0.006970585191653139,-0.04214412594227313,-0.02098401504399802,0.022416253609425434,0.009824555943724248,-0.02795557185908748,-0.035448348392985315,-0.05689862861186404
safeguard:train:6250,0.11603992939578184,-0.004070154184171715,-0.030133185358828942,0.012075595224586346,-0.01454355752921969,0.0172248694515746,-0.03386340786363664,-0.011392144580877426,-0.02218008670148085,-0.006139779021166943
safeguard:train:6251,0.2579683097174752,-0.1518264716782885,-0.00903300521047652,-0.012814529210030044,-0.04590643599209338,-0.035253058874858675,0.017580236585256762,0.004325922278262685,-0.003310589288930443,-0.026753605509569647
safeguard:train:6256,0.09541522595090543,0.008806461676158749,-0.003360836824694291,0.15725597094362403,0.08797516640800684,0.003156194003452165,-0.06053701437061881,-0.0045305817000897185,-0.005119939765948062,-0.021896857765706178
safeguard:train:6264,0.14619076034364337,0.13803125592981563,-0.09735530807722746,0.30156851092352976,0.23118981802822056,-0.08809990689244775,-0.2134668887896384,-0.0006735812361426776,0.045631827236709166,-0.07658003743270414
safeguard:train:627,0.13144034816277514,-0.015198571167781911,-0.07517382027899343,0.02905566900709254,-0.023240782706591596,0.020150825969298198,-0.025240868993603324,0.018986773754963153,-0.048946311686083106,0.12968215350767837
safeguard:train:6270,0.2788758417116941,-0.13494529092866026,0.007905525316153048,-0.026132919189950858,-0.012679533744261166,-0.005963588272722617,0.04123769368121091,-0.037724111784910135,0.02380442742670381,-0.0461880728297039
safeguard:train:6274,0.11975045778181727,0.12476416598353289,0.11104077937505845,-0.03731418994417507,-0.03427259120183965,-0.08504266834542007,0.03996211660768571,-0.017034992679013993,-0.013156935755549975,-0.06153518184924593
safeguard:train:6275,0.10446102346073866,0.022111945530752096,-0.014404081617457832,0.017807015942707564,-0.003600902462939549,-0.010278830173251317,0.00899188261132097,-0.03791763705472017,-0.009975581223265478,0.016132674320053626
safeguard:train:6286,0.15136532666890018,-0.04450719469922774,0.03239368392013042,-0.21033492759448996,0.3200228048515873,0.010799469993344715,0.04244272578712845,0.011266193485895575,0.0111461589342851,0.012451751552913939
safeguard:train:629,0.09596343868712899,-0.05387352692455863,-0.00320485945519518,0.0034958338252661435,-0.023545060504781317,-0.005063528364975333,-0.00030786900478484006,-0.003037700811498162,-0.02844679734373008,-0.03061567676857504
safeguard:train:6290,0.20394343819003455,0.2418748099531701,-0.22170339427450922,-0.11678723919575248,-0.06280072104739995,-0.03293004230624093,-0.03104831878679921,0.09176581990062739,-0.023814528002121766,-0.08527543395443593
safeguard:train:6292,0.25749262036897336,0.18441764267515526,-0.3134133340487313,-0.06762091671204445,-0.02682268041344555,0.0343153474498433,-0.14763020906510965,-0.08516593385093728,-0.022184482564100775,0.5401840451104734
safeguard:train:6298,0.22500837149530697,0.241120719166562,0.037691944676333515,-0.07588399631904902,-0.034756300369550595,-0.22750124669452407,-0.05858679153486872,-0.06926396171612759,0.01840954174982714,-0.1275487515131693
safeguard:train:6300,0.17855870609605332,0.172571773234158,-0.19133376517436307,0.012445153633994512,0.0014491075308346749,0.11272044054784058,0.10904377784609848,-0.04121654178829044,0.03613932668557222,0.06051026941948677
safeguard:train:6301,0.136097293134674,-0.06704164063609017,0.04689490393964887,-0.3107504038562404,0.4613891203972785,0.02499220474612266,0.0546399785301566,0.02855074964366355,-0.0023650935138350487,0.0411148245735609
safeguard:train:6308,0.15608352360289915,0.12331241918244008,-0.08307820882529147,0.04256360868595338,0.04439675861681519,-0.13021086065150259,-0.14904854067045034,-0.055409390245768936,0.014874683181505203,-0.0141125801649958
safeguard:train:6315,0.10682345896327383,-0.002327186298588354,0.063726939899719,-0.17366843040418642,0.2702304371729941,0.03919019153764375,0.0027029885779718673,0.013259736629061193,-0.003431930765226551,0.020756027038325194
safeguard:train:6317,0.1144917738828599,0.08895771172478527,-0.006274967148156032,0.26048508384012475,0.18221008061188962,-0.07851225980737335,-0.05141479176673192,0.15463246075863699,-0.06145735592870359,-0.012363040472863037
safeguard:train:6320,0.08880349435097963,0.10785916153780216,-0.12115274544558427,-0.04571768630159594,-0.04150098717964655,0.0055734301258039045,0.03217690592077518,0.024603260726006555,-0.008518081300696739,-0.002704183195713087
safeguard:train:6321,0.16568564255631751,0.15426368964137185,-0.1267543411981305,0.3453393635054503,0.26325306339179144,-0.07417954452548277,-0.2360916577652473,0.025501581132020345,0.03127138593706465,-0.06511754130373677
safeguard:train:6323,0.20846856484838006,0.3262700190363879,0.05992478970171282,0.023921713597179994,0.04431006955820233,-0.3003159496141017,-0.14921371577067327,-0.08419683568649612,0.0478265707618296,-0.16161220620228278
safeguard:train:6327,0.2351714180313279,-0.07423976192358028,-0.011378268185548721,0.018824601775659235,-0.01627243209217835,-0.023329323538464047,0.034470718866962576,-0.023671808945590064,-0.02124708841208301,0.015442192598533709
safeguard:train:633,0.2730522395407574,0.2999101365523602,0.13812961898843515,0.27252253539735116,0.1583117238973761,-0.06953960779749696,-0.21634968611306543,-0.009134305541829804,0.07719520876374378,-0.07751698794345471
safeguard:train:6343,0.18412721920730474,0.3043943835438401,0.20789120391247073,0.02613836869886741,-0.019356441888610954,-0.005910936220380753,0.06892148476866751,0.2970264858404229,-0.12741281321327266,0.07538342893417234
safeguard:train:6344,0.12428771062239166,0.09952671127874241,-0.13919461143641199,-0.06799257048719881,-0.046872138961489444,0.06944446689150634,0.010108104673900532,0.10919507351998374,-0.043840320471495456,-0.11677814548663558
safeguard:train:6347,0.10916885789712802,0.08640870387621753,-0.051487905003274055,0.27063113311018927,0.16618858729286787,-0.001027911327282197,0.03817710215338947,-0.043684695309436805,0.035437779957564836,0.034604577830822374
safeguard:train:6348,0.10143123936849124,0.02294891748668563,-0.023204302392080215,0.005572352483645377,-0.01921457478893918,-0.03575147844322494,0.03129633446891807,-0.0017006543356041777,0.03562379480478177,0.047525737318591305
safeguard:train:6351,0.18379846222486323,0.34956470733719075,0.2851314309671441,-0.026499648078261058,-0.08047279115682741,-0.08481138973554617,0.09228719402225252,0.007299965575051137,-0.0008888932582871681,0.009177834639144445
safeguard:train:6358,0.09728893892780888,-0.035363195052485176,0.0024433586862030615,-0.010912181551430335,-0.010433831449773962,-0.009446700031113947,0.019074645704240382,-0.02050497994814812,-0.006364595795554216,-0.004564505183271471
safeguard:train:6367,0.2793849287727647,0.3028138343861067,-0.3372637106094246,-0.1364755826922321,-0.053302728656505136,0.006863673079223658,-0.017439393586070225,-0.05774849178554688,0.04322888342191537,-0.030622179522953777
safeguard:train:6373,0.16510431917080207,-0.09185830185785503,-0.008908549992209887,-0.013396389956403014,-0.027276475700072442,-0.01452410679137847,-0.009010536640743593,-0.008512722173282968,-0.011084321871674713,-0.007498336828425597
safeguard:train:6374,0.10444928574101148,0.005287413055135372,0.06961986372516266,-0.10070364256633929,0.1853404094749158,0.04893035065865151,-0.03265423333172586,0.017724688608467546,0.006392762467340669,0.019276082679118484
safeguard:train:6375,0.1071148469363724,-0.04888241963030639,0.031539315930123074,-0.183663324977976,0.2774459933261619,0.01036293959212893,0.02905474206535987,0.01129474919488266,-0.003657543545869307,0.0034276899276014052
safeguard:train:6379,0.1732250702170054,-0.048348618549127934,0.04857867694168805,-0.32232590602411,0.4878567142340276,0.0024978193807268538,0.04450091482381741,0.024167460581206463,0.00775021630951438,0.025483193896483795
safeguard:train:6383,0.2133722959435076,-0.12792304998700602,-0.0038604057496959736,-0.015072004186285352,-0.030240724826558704,-0.02209088092702068,0.0278514355614372,-0.007238519648694694,-0.016791701092779644,-0.044884476700140084
safeguard:train:6385,0.5498532617782218,-0.3337537929201381,0.006994419410547391,0.10303476498517154,-0.07935888959634839,-0.06433304396087829,-0.022600802315617608,-0.004504901182260154,-0.10833449680513739,0.06302988488227408
safeguard:train:6386,0.2135357275057798,-0.0662790405754526,0.017258292178723163,-0.16108421400999756,0.23523425501946005,0.005363308825327023,0.0393163865801863,-0.011975265206567717,-0.0413738340822238,0.07708937154727039
safeguard:train:6390,0.19565704800132427,0.3436277718746641,0.012827915996502667,-0.1022932781405984,-0.03378988328059652,-0.32482188610104407,-0.12344996924136926,-0.12238011837381971,0.0464682755525777,-0.11426514424680781
safeguard:train:6394,0.19235498796704514,0.32171961770226715,0.24493682567232278,0.03644649918780996,-0.020421273690257893,0.044025526940969624,0.12227218521931997,0.32292528239653745,-0.12306781424545882,-0.007896162424314766
safeguard:train:6396,0.15553712833685324,0.06811738674023224,-0.03908069194408141,0.22342403466559502,0.09688811183134659,0.04453234191215642,0.18876345973297476,-0.14678496901492552,0.06806176367163948,-0.00685866087227934
safeguard:train:6398,0.3854291777824307,-0.22891868811067995,0.005307231396114306,0.0010404267807038433,-0.06166404328338746,-0.04339819078709464,0.035701742421100455,0.058287335138912065,0.09736380271993338,-0.019620850097120755
safeguard:train:6402,0.17641330301093408,0.1573351261055971,-0.2427289304744762,-0.10651844512781843,-0.04146141067003533,0.1227148779506123,-0.03680115369801855,0.07757717465541315,0.005583928386638798,-0.1694478821100316
safeguard:train:6408,0.11522847784914586,-0.017983977879823646,0.029209502344010277,-0.10967597451119451,0.1742984145940941,0.011035067579839073,-0.0021259760833538116,0.0034765073623852136,0.001455459162960723,0.03983224974970494
safeguard:train:641,0.12858409933657597,-0.019076013497694864,0.07988021823354656,-0.18263674000969213,0.3093228699364408,0.050790413529075845,-0.00798792548046207,0.019799887460891563,0.0004596980920642476,0.030485211047557366
safeguard:train:6413,0.11621256645392652,0.08125290264923955,-0.21492554639676603,-0.06542275252297067,-0.07284834434345419,0.18761966743548955,0.06650993392801957,0.15444453241299633,-0.04145955382452368,-0.11695239178804684
safeguard:train:6415,0.1793251597454513,-0.0654491408949552,-0.01185774458280432,0.044445407258987116,-0.029131735834041227,-0.025501094665322036,0.004824480240535789,-0.03216107878365162,-0.02773697351010408,0.029114538436031533
safeguard:train:6416,0.30039558304255876,0.33724489578333755,-0.3826192080291814,-0.1593958741773655,-0.06839695064572959,0.05793708845396643,-0.12893418789817818,0.06532693003490327,0.0028435094306622586,-0.08020455250907241
safeguard:train:6418,0.11669069858896627,0.044426630618729084,0.03130883210659315,0.0020590149402850556,-0.015838885054853778,0.011996156075580376,0.02166500911895528,-0.006828844020120951,-0.002041141935417602,-0.017097092945423612
safeguard:train:6422,0.13920182521234645,-0.023666940580810897,-0.040512222648894244,0.03938882399717759,-0.002590838798736448,0.0008924307222873652,0.0015269065212341192,-0.020353803191910307,-0.020868184713250245,0.04029508702077767
safeguard:train:6424,0.18842786690127708,0.029438012906933278,0.04240989778295158,0.047447306874013384,-0.005836257261093613,0.0050395851661642335,0.01656806057965424,0.013380518866407894,-0.023887248859244814,-0.004325263080316201
safeguard:train:6440,0.15674553792811477,-0.01908243471250368,0.06546495803892446,-0.012791067467846426,-0.025156711469132915,-0.0031786984621902507,0.022326700960297628,-0.013291060756943753,-0.0036560917562431646,-0.0005528115597897049
safeguard:train:6448,0.14816323336357332,0.08119542807672757,-0.048207991699689985,-0.039508991254347356,0.06684058962347672,-0.04553494255136666,0.09474203728769252,-0.2058713992760612,0.07151178969572733,0.019975814512981117
safeguard:train:6456,0.21029770603054856,0.08649236984540348,-0.272204911207682,-0.04042573582728492,-0.054787973441806866,0.11088168306240856,-0.014746084645644716,-0.04079829609016253,-0.06332110291564316,0.5598610266625018
safeguard:train:6459,0.1487739180731697,0.12235571214284797,-0.12415778586270516,0.04670325694526361,0.001855315021450193,0.10266704959466051,0.20575711444061345,-0.1270205202139317,0.06649295353863105,0.019563150044177885
safeguard:train:6463,0.20223304429196642,0.08364729021473621,-0.06701502570475745,0.38024661453216874,0.21859772106758962,0.05589936663871669,-0.020928407060689897,0.01880100817913352,-0.002271151028560955,-0.022592315953564174
safeguard:train:6469,0.19519614314768968,-0.09653030422403307,0.01674002656162325,-0.06030417378953967,0.0639934398777071,0.016174065927221374,0.01577271342176324,-0.012889817030408252,-0.019748183627548488,-0.015426963501286103
safeguard:train:6470,0.2567366691573022,0.30551513383448187,0.16334536475347158,-0.04986434553177491,-0.041814076033867845,-0.05058730015705119,0.08190218455049392,-0.19558043875352793,0.10740620859612639,-0.03401479399070437
safeguard:train:6493,0.1536632820809554,0.11423815575549717,-0.0676271611594969,0.4033893511218872,0.236779898293897,0.018473863919622323,0.12677468117502116,-0.1235854654394304,0.08072818225165679,-0.015484149867966115
safeguard:train:6494,0.1869108383942911,0.06420659209732567,0.031032823001449463,0.007626011088729839,-0.003602340157287269,-0.09876663053869708,0.04193046682027374,0.09351039420297594,-0.11510049721779253,0.02362629752445674
safeguard:train:6495,0.15145817021706315,0.11225377307892734,-0.1526357294635886,0.04462725279112942,-0.004999942353247893,0.09764972121060252,0.15717483824555528,-0.07922269539403444,0.02571171341966351,0.05846081410040565
safeguard:train:6498,0.21673465585221385,0.20938534835364103,0.06927603027965533,0.02706692283231975,-0.028079182287755692,-0.09486115569883051,0.2828135512885225,-0.09604939457070708,0.010400392538716953,-0.05592439115297563
safeguard:train:6502,0.06206744415103323,0.013006561265390182,-0.06695156080521798,-0.026110191222597265,-0.03556643082280088,0.04087201508051676,0.028522370104748868,0.028145684595018584,-0.029969112466564564,0.05153260833486449
safeguard:train:6516,0.4011038179503837,-0.1820327269874131,-0.0009991549075683863,0.071264669379568,-0.013772137933824641,-0.040436225283872154,0.003792623857821225,-0.03157797519515937,-0.058525837820853126,0.03427399036192253
safeguard:train:6518,0.1589219504794852,0.12295242898940563,-0.08638082077411698,0.589622370333331,0.37789392327372273,0.022473293245501454,-0.011644903888739346,-0.023566823294778938,0.05978225785277266,-0.025432835116726265
safeguard:train:652,0.15663554271179175,-0.024617968698378696,0.09558335503605751,-0.24203230442592097,0.4087813283319196,0.0592890809138544,-0.005269620719029991,0.02861015760497195,-0.0016406151056768748,0.03099261648246117
safeguard:train:6531,0.13236662398230334,0.09499811731481576,-0.012791447965188003,0.19591046318373934,0.13180515280273886,-0.11661158993172789,-0.016609050002018465,0.14175866448456642,-0.0910617636670496,0.01606258672342115
safeguard:train:6532,0.11765603820883004,0.022768770253285463,0.03612773930803771,0.04976541844644905,0.011033540443232697,0.05379459519331204,0.07579306463133399,-0.06397155735219613,0.00573504551236206,-0.0020606777257809123
safeguard:train:6536,0.11906337881251675,0.08329472090372975,-0.17241576997176902,-0.024157507469478257,-0.04709272715617466,0.12785719203562898,0.03115924115755108,0.0878654445423145,-0.03881576120027599,0.019279746474510636
safeguard:train:6537,0.05699397581399946,0.003113821646189529,0.011788909999075387,-0.06426631867318047,0.12778985113070285,0.00045014697177337315,0.01419091201108824,-0.002452879537079284,-0.0072319600012026135,0.006276752679767046
safeguard:train:654,0.27640094210449695,-0.10834505371596456,-0.004519247465354721,-0.18617287419986345,0.28966334535235466,0.013130838866614224,0.0394487268888173,-0.012287015016728476,-0.01741205959422881,0.06213501249633775
safeguard:train:6542,0.13709556487078214,0.08659223482514147,-0.03370399436922855,0.03962256528440655,-0.004550544542943495,-0.005231935625550993,0.18526019452525289,-0.17971713228221697,0.04874829894962617,0.055170831663014994
safeguard:train:6544,0.5072472603895128,-0.2503544862957175,-0.015035540924855732,0.10030003040935569,-0.059127730992326745,-0.0557789611191274,-0.005116935838458451,-0.02965331141585165,-0.07677118157021334,0.03534180430855625
safeguard:train:6549,0.19730049613854866,0.13756568520925355,-0.2029017899222876,0.06787317020798934,-0.011051929534940804,0.10407523157882968,0.21766458548565962,-0.1677249731903142,0.047965825610764685,0.20590080401714625
safeguard:train:6553,0.17585012264595212,0.1596016370611622,-0.25248417561261316,-0.05093121969519353,-0.060716312933252393,0.09947675581968266,0.04416486916674173,0.1284053653131721,-0.03832364197546572,-0.1080838646231281
safeguard:train:6568,0.3345036124735135,-0.16187322861393016,0.01206412205772131,-0.0350137756367497,-0.03967187994280595,-0.004736670023498299,0.019288020217017837,-0.026840340306472213,-0.035794343212975976,-0.057241314269661586
safeguard:train:6571,0.20756417949547154,0.17676929433594657,-0.2602341256034806,-0.038251688343914396,-0.019920260678421432,0.03562059750099764,-0.0895595383397597,-0.04223038719454619,0.017826520616561148,0.18060498086136081
safeguard:train:6575,0.08212483126065409,0.12978145114220097,0.003691508367997288,0.1329061060891698,0.09924536801910887,-0.06602320958338362,0.0574093520319607,-0.07138442316891445,0.04059424564053969,-0.05619169493087218
safeguard:train:6580,0.15315318297213865,0.2216270165259076,0.2580463099421501,-0.010439643737494184,-0.023572707186721924,-0.015976767124004032,0.05208459262096148,0.18708913920717118,-0.09146847908382977,0.05543628650843006
safeguard:train:659,0.17269267712332187,0.15393215284422365,0.027056699215350734,-0.06787306176810061,0.011556350041630897,-0.1218455220403136,-0.08671493372158083,-0.1378415522549724,0.05407058230027843,-0.1122306836737708
safeguard:train:6590,0.15759015284314584,0.2143503735389643,0.09054262824520029,0.07418246328459259,0.04709596240901512,-0.15294774996062113,0.026600956735808347,0.1565538054526977,-0.08054012321899744,-0.08570617708706234
safeguard:train:6591,0.16636012419499238,0.1224190133913891,-0.1397435238340915,0.02119392422907791,-0.014612705659898237,0.015106267263173658,0.017775366254158178,0.02461599408439659,-0.040720682895450354,0.09037907761075001
safeguard:train:6599,0.15136917076175638,0.1276463543827907,0.014411676437988174,0.04328272484048856,-0.0006835850004843666,-0.11578753284269803,0.17211281959195107,-0.04368886429184278,-0.02599814612664041,0.06069213009751593
safeguard:train:660,0.17279391766764682,0.3159384743724001,0.14581560222905368,-0.06769401589192993,-0.03874381938933277,-0.15549343754046213,-0.11090769247209233,-0.06994802440662361,0.058163037489938174,-0.06074333636311358
safeguard:train:6604,0.17739091978158789,0.10381144557388014,-0.28675732202678256,-0.10258899018503448,-0.09461151547290632,0.271684213387914,0.12188581394802171,0.1848139668926692,-0.04801487883374253,-0.1959887041204194
safeguard:train:6605,0.1231600077406386,0.055085712747999116,-0.045738760932606315,0.27631511340349113,0.16275720891907489,0.003673506656420246,0.021534248296408386,-0.056421455142371985,0.03330407676327839,0.018252219617670946
safeguard:train:6608,0.1322327731436573,-0.03226608307491157,0.04074931667700144,-0.1680205636850758,0.2767268193819596,0.010927587737358689,0.014167582502660791,0.0006722222865012632,-0.008555898264469466,-0.0030332174611376727
safeguard:train:661,0.09274585373357883,-0.019638796281032326,0.004043223474774621,-0.02433190896234634,0.011144114132351583,-0.023001446913882163,0.027526360558894156,-0.04819424695190521,-0.020791253845562692,-0.03342392070009117
safeguard:train:6611,0.14931866836732685,0.05069692192368754,-0.05463806237571827,-0.009348174734276227,-0.035660035614975785,-0.06924311116725831,0.021400919590123062,0.08778844867370328,-0.09229924896266688,0.1878002264979804
safeguard:train:6615,0.15385563310939943,0.17518158710441115,0.20072537064939946,-0.02196828952036362,-0.0648757020264006,0.03421090426830575,0.0026575787539583453,-0.012474893618543008,0.0043949771858837324,0.025770670607855976
safeguard:train:6618,0.21514663672517356,0.41519114003195173,0.3038121685824093,-0.024285310445440394,-0.05304013365924178,-0.19128598668815622,0.1474843528026565,0.348331700201414,-0.20532619129805083,0.13796457836622145
safeguard:train:662,0.15836280268816103,-0.02032954761051578,0.024210928144002664,-0.25806495762821324,0.3837575547515789,0.019394107865656394,0.0665254705837947,-0.0029677542304652983,0.006159039805303921,0.039801131661185964
safeguard:train:6622,0.18634593972223007,0.356082181348626,0.2280738793991835,-0.020785080525941267,-0.03061778453123926,-0.22597531572998353,0.17996907254837877,0.2936474896685718,-0.17980802263054382,0.04290940833736963
safeguard:train:6624,0.14740518792143392,-0.05808011158508651,0.03459712087475815,-0.23451278003170045,0.3852187498611592,0.035183005859023085,0.031905200192582334,0.01812172655315356,0.001770829220681515,-0.005833109359873607
safeguard:train:6627,0.17304548582267984,0.16218642256371152,-0.22590250655369198,-0.03180674842017893,-0.008252525596310623,-0.010835479490898811,-0.15881538900820777,-0.011107984733838743,0.003942247098928103,0.09228022361279639
safeguard:train:663,0.14782090396141997,-0.05753434241387159,0.025373372238243586,-0.1302729868472417,0.19327043348108966,0.0042411203938948466,0.016254740605402586,0.0026515519369341217,-0.027729855740788883,-0.012597771001752005
safeguard:train:6632,0.12387121226705919,-0.06352180092280922,0.04121170358538078,-0.25288758631078523,0.37123963014576516,0.017541710943025035,0.0406080936414144,0.0244825033800816,-0.0027403796311840983,0.028265404807370338
safeguard:train:6633,0.1889642101818445,0.08005361444228293,-0.11027822199487024,0.05866891650278175,0.05614721091808126,-0.04508750770143802,-0.11530643571294091,-0.01855561182972115,0.04289026038735816,0.0424703736254016
safeguard:train:6634,0.35698198664885555,-0.17926087258325235,0.027764934220830446,-0.027951708382900686,-0.02206008118613638,-0.0036165658363003445,-0.004531921641602524,0.00397630425926131,0.03269830407779033,-0.04024934115698046
safeguard:train:6636,0.1301423841508299,0.018916576890942012,0.07004800363561972,-0.14414233815027028,0.23106207594957687,0.023764607684562608,-0.01463856395055454,-0.0007138553751467925,-0.0019369468885860174,0.09832153039783557
safeguard:train:6637,0.1111840947241662,0.07112802782986317,-0.004582356045236014,0.22260921664344568,0.15402366764596515,-0.05874608131047036,-0.03633512575185446,0.16536914521764443,-0.07495832868876394,-0.011289009935322617
safeguard:train:6646,0.14691952588790666,0.09196930847481521,-0.06683843341443593,0.49401675032742043,0.3077034451883797,0.051557286443368294,-0.021013865070771444,0.04916263995677619,0.020111229381320598,-0.07729947645301188
safeguard:train:6655,0.14907591136208836,-0.007958088545466984,0.01622424597140681,-0.021189564197171086,0.005053060605765061,-0.0042632515890372175,0.026409475737178507,-0.0802942595572944,-0.020663589844187688,-0.048302447582748695
safeguard:train:6656,0.14188434149410814,0.1895673481086142,0.22544808662467555,-0.005661297488817498,-0.02854267892252144,0.016155747098174255,-0.025943463396339954,0.0020509492949159817,-0.010830384193769147,-0.05175003469090397
safeguard:train:666,0.20921831389651968,0.22870057015710826,-0.2581758281106747,-0.10262058951259652,-0.030762601269585126,-0.05779980039483586,-0.19680430220060913,-0.0370946897893967,-0.006570954100528002,0.23043193269139087
safeguard:train:6662,0.3524635140031045,-0.20102796149003518,0.0010904751240670614,0.025725910830680602,-0.03775250189434475,-0.02826383773510661,-0.0033780263439587544,-0.013692569376075001,-0.05814034782846433,0.007488833080986561
safeguard:train:6666,0.13191978649497257,-0.04137348436465487,0.015180605190398289,-0.26367252490085774,0.38790991344322306,0.019308079148700648,0.03753420020309234,0.01923562195037648,-0.004796488633674198,0.08081601220069869
safeguard:train:6668,0.34077451667098657,-0.2312201614245493,0.004548004689120874,0.010172265162182772,-0.09657082532835838,-0.07381763489734619,0.04639696352134257,-0.011682298496925883,-0.13653440251138074,-0.06246265857366741
safeguard:train:6674,0.10679759686060694,0.05782847563616427,-0.1068350134932177,-0.003358255889440906,-0.03226186518629394,-0.0017270752423765219,-0.018973869587340406,0.06743207053339607,-0.07961900709102825,0.18198394358898556
safeguard:train:6678,0.12190159363200143,0.09207448608164791,-0.018237421275744046,0.286392451247191,0.19484181626973252,-0.017699577168244555,-0.0403232056340578,0.18675179662941527,-0.07290101464446587,-0.019453776773873353
safeguard:train:6679,0.10512948753948231,-0.02453888929738749,0.03343891662978872,-0.1548223627153605,0.2575966975263931,-0.013046808126559907,0.01313348667093701,-0.03470382063344201,0.015177580955809119,-0.014301565953738844
safeguard:train:6681,0.13350565940600237,-0.06567482528956745,0.052502222260312724,-0.34035625529321367,0.5125893706558754,0.02659212671754321,0.060119984073805845,0.026268916560558908,0.000261791446155115,0.038230809302980576
safeguard:train:6682,0.1065872352007054,0.05372930960140321,-0.095393396680753,-0.046898612543999525,-0.02913881290198475,-0.019159807935013182,-0.062176562734609205,-0.002124018683819044,-0.03759227324143844,0.09625700891399458
safeguard:train:669,0.32078236640219954,-0.17652811400819526,-0.013987492511890088,0.0487363988249499,-0.05191700305147591,-0.039331323539876624,-0.01587785328295126,-0.015092970938646103,-0.07158855477639617,0.02488003242057665
safeguard:train:6691,0.12169760111907021,0.01856552610703754,-0.013075060026836182,0.1851522543019138,0.12547812907366684,-0.04274482094029416,-0.03448427685236208,-0.04320010522625072,0.011346716805369424,-0.05051452868397567
safeguard:train:6692,0.1179532533536696,-0.023061748067518904,0.054604533516925666,-0.08040523772817482,0.12070811729359912,0.05106671741065901,-0.027876617396267216,0.000293441586371726,-0.010562047874761036,-0.0031849782221983255
safeguard:train:6696,0.2570714593829145,0.36187706991613217,0.10993434179593466,-0.1202449629489456,-0.05060946820942284,-0.24580251722598814,-0.17427081295880098,-0.14920862766537182,0.07258915980219836,-0.12201132694995465
safeguard:train:6697,0.24688277782284904,0.3798003317861978,-0.3456115473038762,-0.12762585730615267,-0.05961847539871523,-0.01895521903482549,-0.07435896113317363,0.07532781741526806,0.013501048607075605,-0.17133846345351098
safeguard:train:6698,0.3169930351227571,0.3589795929063756,-0.4814761863505128,-0.20647707535579732,-0.09418309158776078,0.1644729885120948,-0.09894471704658368,0.1537202819593074,-0.010706675377454613,-0.24850162246620436
safeguard:train:6704,0.18141105971759208,0.12103189678928769,-0.02873655552779149,0.03322590653325215,0.014837124962281498,-0.12724054259859785,-0.020107626882138234,-0.10421307864156079,0.00833640271472205,-0.03715740639849114
safeguard:train:6711,0.07414369221193043,-0.03583931528195545,0.017227757958106212,-0.09743337993145951,0.17802618917061835,-0.004625501942294794,0.011137984510128318,0.010053793521320093,-0.01289825539741335,0.0015539044865768763
safeguard:train:6712,0.09052268699697712,-0.038241356048677115,0.01204744443998878,-0.033361603872540155,0.01489584336999568,-0.006726090532665521,0.003568088244475684,-0.00998145553875327,-0.01704543453437227,-0.021290722142814314
safeguard:train:6716,0.1662795876812515,0.09995923902688587,-0.17983621711077388,0.1258178261756529,0.04189591948334571,0.1378970505052275,0.036289204991012486,0.006989402845788551,-0.028091349840172215,0.32677535555386933
safeguard:train:6725,0.22328897385803478,0.4318280176216187,0.3347262053075251,-0.015335616561704388,-0.0521528718311729,-0.19109771252413452,0.1516443166193001,0.23880706416451716,-0.12474502301260017,0.06576421159213586
safeguard:train:6728,0.17354601773041922,0.3038141961405215,0.13857481540059596,-0.05986735308327343,-0.03077135006169723,-0.13858616530882023,-0.11812295182117001,-0.058654888096372516,0.04432828975905641,-0.0417134411685103
safeguard:train:6729,0.15315318297213865,0.2216270165259076,0.2580463099421501,-0.010439643737494184,-0.023572707186721924,-0.015976767124004032,0.05208459262096148,0.18708913920717118,-0.09146847908382977,0.05543628650843006
safeguard:train:6738,0.2293884118602075,0.07938471301242248,-0.19280359555978127,-0.03422977712119833,-0.02553678116775191,-0.000957561423487898,-0.09456751154972408,-0.05808393994580283,-0.022365703012854003,0.3332225974335765
safeguard:train:6748,0.18325919316679443,0.16931814015189997,-0.00908335285840679,0.09809971537806708,0.008930182984989524,0.10950643783043672,0.2455299975151684,-0.18883071683568262,0.09534400886470966,0.04691532214624656
safeguard:train:675,0.1157373021275382,0.07637934495551732,-0.049911372300123366,0.35560562395661,0.21827853466247527,0.07057999355651047,-0.006605285187727975,0.042910334211905724,0.012832017544114671,-0.046769511566267886
safeguard:train:6755,0.12901685837206542,-0.06713370058491126,0.034269039647847846,-0.21930827569867423,0.31251693915013334,0.01749044036521869,0.03669211044350967,0.014771402292327977,-0.010283392274941492,0.024868850108883376
safeguard:train:6764,0.21727535193417946,-0.12229970106934045,-0.0003157804281351545,-0.05061658095307093,-0.00520817400158801,-0.019935721743277943,0.01732315201095612,-0.0005069036013892446,-0.0073113380197996555,-0.04827593581211142
safeguard:train:6765,0.12908014586940703,-0.07064200371320428,0.02776715660657413,-0.06534530350693389,0.046421908791048586,0.013461387171188843,-0.003860641493058258,0.008768501448963115,0.013596270865193561,-0.029289606773577906
safeguard:train:6774,0.35040191963073875,-0.1672731889217534,0.01203721627532972,-0.03305158962566178,-0.0348791258411524,-0.007109310344904912,0.018069053251438497,-0.024767030555548093,-0.03281369784056792,-0.05181140804973859
safeguard:train:6779,0.2271202770377756,0.11609158813681424,-0.0009278718666287814,-0.03652078409093722,0.01907606106028807,-0.1605130641167336,-0.016960009153699305,-0.1906861498347934,0.05176103957660599,-0.05765829877207548
safeguard:train:6785,0.29352546054485357,-0.13721077799842743,-0.021297123996152183,-0.014445619112327723,-0.03388648908443872,-0.016776314153723233,0.03721422440260211,-0.009276721360244303,0.03011608533236742,-0.024125304906993706
safeguard:train:6786,0.18516526916277812,0.15415891341030127,-0.17629627714935642,-0.07144490736990022,-0.029909833004085246,-0.07863572213693587,-0.1635153971430521,-0.02549672984910299,0.006986734933919264,0.05070843121701399
safeguard:train:6800,0.14089647229257563,-0.036001783082991345,0.036840980883591924,-0.2162608900981751,0.3583539769831452,0.01185413192646726,0.03458136251936496,0.013122381087993783,-0.004111320577870864,0.009925907029127972
safeguard:train:6807,0.15806541201885904,0.29378947248008286,0.1586628412691458,-0.028067051070653715,-0.021847689198626993,-0.26681689787588514,0.12113355213501018,0.19377635290589362,-0.13835412950812814,-0.03290408803260243
safeguard:train:681,0.15565925533870306,0.14263937816356692,0.1656346862926148,0.07869627311964068,0.01822854659375132,0.016487377605991685,-0.0010941157183798813,-0.005887545977202917,0.04526514719508604,0.07550378796170826
safeguard:train:6815,0.23029149040397492,0.24170805283244018,-0.2946102903985939,-0.11977424206834011,-0.04530522089500232,0.05315123704179933,-0.03512186579070614,-0.028805591665100765,0.03642774003591587,0.020535303607256736
safeguard:train:682,0.22065467067773215,0.3316093102731899,-0.028914397592626095,-0.12259462968739399,-0.005375174361349457,-0.3588230367117189,-0.1603414858476171,-0.21793308945243778,0.10397807213893567,-0.20967340778124444
safeguard:train:6822,0.231833874657403,-0.009487942441612543,-0.09658020739379097,-0.031039461923101804,-0.0284189170183416,0.0073057659603658655,-0.043408601584923746,-0.03271638609700644,-0.004535882377451371,0.049833831513001185
safeguard:train:6824,0.14527211673304546,0.09720712887912711,-0.09681846848609331,0.3579972678644427,0.2154965506905899,0.07123218979177082,-0.007904850841684938,0.04315521815209397,0.008338740915711707,-0.05102139500975966
safeguard:train:6828,0.20515150472807364,0.18568218044911455,-0.2795609703468601,-0.05008978335745009,-0.01965317743145385,0.0006789430238330306,-0.15418611819244568,-0.07015867181495673,-0.00025720686143405436,0.4086541946084801
safeguard:train:6833,0.11790143598110543,-0.06105811515884735,0.03119343128294672,-0.14085196874353254,0.18257935553679636,0.020879233392540462,0.015978796378039693,0.01109509557670226,-0.00882260749503393,-0.0008499364083080409
safeguard:train:6835,0.17424313859088758,-0.0021194496588572706,-0.14261994926113739,0.03420174122496811,-0.03902304335676011,0.015926250266133434,-0.028819282267818085,-0.03917210971786851,-0.08172542120821578,0.4507722030014301
safeguard:train:6837,0.1986753968880665,-0.10893864493157163,0.000672981393270078,0.014652251153864555,-0.006836502597032142,-0.01739401447858085,-0.00439102213743916,-0.003888088497100443,-0.020175617162327707,0.0031035167873080163
safeguard:train:6843,0.4361195261697461,-0.18315977025333666,-0.005941323295727453,0.06727234527267113,-0.020076739189992227,-0.035352172848677275,0.01125932889548337,-0.026674898441173395,-0.0636884355210299,0.004489768456869561
safeguard:train:6852,0.16407861774667076,0.003304430243508414,0.08688846151276465,-0.19500070719594828,0.3569201528432574,0.05222497009373272,-0.013361974679109344,0.021908952222923883,-0.00225384591892262,0.028798707319055178
safeguard:train:6863,0.11802004503939684,0.08655283677792908,-0.12280834268184698,-0.06469339321193943,-0.027718850693142175,-0.018359281168671856,-0.07329512295347074,-0.006268073700609381,-0.041896629107275506,0.0963513567908807
safeguard:train:6866,0.13449638645971743,-0.017497622665353405,0.047260915164033954,-0.17819725193876607,0.2331015969763392,0.0573850686363812,0.01936723726946989,0.012685029400929264,-0.0003960405809665917,0.017103182678165307
safeguard:train:6870,0.12765382167501477,0.041078234130638006,0.010514857594638972,-0.01868036069652969,-0.01961941041953678,-0.005166682482374793,-0.045127780983879276,-0.002421862034537085,-0.03272828323449009,0.025462551488892756
safeguard:train:6873,0.3000565034858522,0.30242374818789497,-0.39573727794669233,-0.11508032216981336,-0.06978337244468198,0.1690490689536334,0.10324053934514917,0.023094259063701668,0.0394775570454496,-0.19198129118213994
safeguard:train:6875,0.08939030856094923,0.0020331071713410418,-0.051258645269007884,0.005498834797544924,-0.011258188482414215,0.0118829856602675,0.01032567749037115,-0.031610308700240716,-0.011090395850076514,0.06113690847210628
safeguard:train:6878,0.20862061722808314,0.059459863566314795,0.09887203419712096,0.011269414687401615,0.026307481591132647,0.06447562439370483,0.08728276119213176,-0.11528680610152352,0.01929115931023525,-0.05162834294884933
safeguard:train:6879,0.1793590186277648,0.04457769098854879,-0.151815981673501,0.057677586731545764,-0.016015344620779307,0.08889352623692419,0.030415408900411552,0.03839276984232666,-0.008410812109675312,0.04831132923690277
safeguard:train:6880,0.25095218152565385,0.07289600905812046,-0.12005794620851706,-0.015541017958220289,-0.047567714987991484,-0.053020735886343144,-0.0035667829057309426,-0.10522481843043986,-0.012622225917081783,0.1750680440370346
safeguard:train:6888,0.14503555457588985,0.10466582496465818,-0.10448599196457997,0.36952641406932296,0.22276411987489564,0.08712582421989429,0.009091042220243437,0.03987185760027212,0.011805516800473658,-0.027178329926843454
safeguard:train:6897,0.09209572734790075,-0.038092416285214425,0.021070387997031547,-0.1552685004870514,0.21831641336847568,0.011374947468259537,0.02009574177670502,0.0047544005966980146,0.004158746904330499,0.031081586814482056
safeguard:train:690,0.21604041110668448,0.4079798309142856,0.2847545322665777,0.04259367973118072,-0.05250436867648799,-0.02641089451785874,0.2517436545387819,0.07042879343057436,-0.02327811548640931,0.05733390873961462
safeguard:train:6901,0.23584116917298015,0.26467493154770394,0.18922881132142358,0.059098798958203226,-0.052814054072840996,0.02030921893659665,0.30623343476282394,-0.11218683504030888,0.03968148575992086,0.029886364894637966
safeguard:train:6904,0.16571252516175017,0.14255672211906864,0.11896739722247583,0.01737562207466794,0.00488670416034848,-0.12434455071341223,0.07957612046040832,0.06671023237349995,-0.05295474958431417,0.009748217032706256
safeguard:train:6909,0.2474797230245872,-0.11440784701953091,-0.03400593615782311,-0.03330346262359609,-0.054777439200027526,-0.024990973957388283,0.019219315434640692,-0.007431344245590472,-0.0428480373234019,-0.025105433601487582
safeguard:train:6912,0.15597097681240424,-0.0767725172398174,0.0019799453281573905,-0.033481215022499934,-0.009434615818335476,-0.020098855512348766,0.0016446224445152678,-0.011039563654151726,-0.021356909413416413,-0.03634280311244898
safeguard:train:6914,0.3027608172944531,0.38464589518219877,0.13541905304486404,-0.12582098783793588,-0.05106157355583478,-0.12000941310483958,-0.28675121025137823,-0.13517056367331962,0.0820818375494659,-0.05779896946170019
safeguard:train:693,0.15071990561328386,-0.018747829235663545,-0.031434110313629374,0.016813227542337654,0.025960405752946013,0.026746064052801527,-0.004058980695912196,-0.04532010336281681,-0.0086305291126462,0.026825079806162548
safeguard:train:6939,0.12459493102696892,0.11936094381630744,-0.0034978673256679934,-0.03262895888675451,-0.024240789960789013,-0.14677079193007367,0.028689372952034452,-0.028866572965422086,-0.014713172008075936,-0.0787488394705635
safeguard:train:6941,0.2133206871053033,0.20539455315500352,0.11040537990078529,-0.052628542851306304,-0.001311491114067039,-0.09528379779886194,-0.09362466037240402,-0.060120290386408974,0.03401379995215447,-0.06998931801082045
safeguard:train:6943,0.3678638491302921,-0.237346690995568,0.008705909633799866,0.0039816342056829,-0.08816387852364736,-0.14567652992180022,0.048936996323106226,0.38458471804114547,0.7369326348894839,0.10762710620283754
safeguard:train:6944,0.1654318930973972,-0.05584265461612167,0.05393374884564624,-0.33069151257638424,0.5105322890131894,0.019699887728286618,0.05651160956267179,0.016338177671133578,0.0013075860206157603,0.03380402891383172
safeguard:train:6959,0.18879149248833532,0.18039679099706968,0.13844341022835785,0.2740865691263755,0.12584474444916496,0.043558962477049504,0.03919083873044246,-0.037201211872143265,0.050994713517367056,0.02299042629036262
safeguard:train:6969,0.14287752889616312,0.0743148872603888,-0.039373374057409705,0.1462276177017073,0.09584076837782451,-0.03873658649790844,0.055155644675520636,-0.07181785581122002,0.027312750275584975,-0.002731354972556151
safeguard:train:6975,0.06955023048596151,-0.02841190351336059,-0.0010870175655046139,0.002543441010879394,0.01936190734285034,0.01800707433552967,0.013857756611450538,0.0013163147758635892,-0.005232768132010414,-0.013094002583142377
safeguard:train:698,0.22191675634367786,0.11778710951009698,-0.21075090006405184,-0.034434743640219576,-0.0361299930025947,0.049116824845803396,-0.06110062506076549,0.030105385466361052,-0.008735388993998798,-0.03309243636814936
safeguard:train:6986,0.1380825583343559,0.024479333919818685,-0.009494272212449393,-0.05697350694716774,0.037520177239448255,-0.002373080492706538,0.10473071942338653,-0.13880808075057866,0.04214878909281176,-0.043289323725270716
safeguard:train:699,0.1720351720126802,0.17165157338407905,-0.21286134641828472,-0.0564548211456136,-0.020403863125198773,0.02170747916155213,-0.09748078980783408,-0.003022067667468959,0.012403916655835026,0.11837576625458718
safeguard:train:6998,0.12792517740253487,0.08298450619095159,-0.05401053989648695,0.4259298488381476,0.274942538224768,0.029378483485708082,-0.12494584045376453,0.08141541143164852,-0.008498219819414949,-0.06907227601038131
safeguard:train:7,0.12394455588505482,-0.05258017004302336,-0.015474223610936717,-0.041071142012257665,0.011442924149194181,-0.005686904755192097,-0.002082224304641234,-0.0064609157692393435,-0.016454863130722187,-0.022504999205206794
safeguard:train:7002,0.12818386642444798,0.13113993586257655,0.0013030920001469012,0.14282054218643592,0.09946930944160107,-0.12331982636603368,0.06170366798571957,0.08876074287150906,-0.06595881175001903,0.06514950131781405
safeguard:train:7004,0.13336683616694567,0.17908297372492007,0.08762829053334148,-0.038802605109005996,-0.0202371192272486,-0.07217378736557128,-0.04594125913344558,-0.035601186798907995,0.029514646528408676,-0.017274730954859856
safeguard:train:7007,0.21318869635616103,0.2619133277034468,0.18360984411557513,-0.055150065326551714,-0.037964186342720876,-0.02441250443111187,-0.09639094439492348,-0.07456277898684698,0.0661057360676241,-0.027475285493834066
safeguard:train:7009,0.11277511846613596,0.13272429447702822,0.05455531504258333,-0.0015126720805618346,0.02749934522056905,-0.14380201371004872,0.036290402546000536,0.05693280089081169,-0.04425633056774692,-0.07363000552956296
safeguard:train:7011,0.2483764939410986,0.23908015989407405,-0.24188611100355656,-0.10152229043125029,-0.07112371059562414,0.05135939655747099,0.1020208520304309,-0.019537811784978876,0.034186959069069,-0.16831935687325572
safeguard:train:7012,0.12962248446734054,-0.0654375620483127,0.03869539869398892,-0.24206793966195134,0.34779890740420666,0.009926409007159779,0.04137574352400711,0.019157169706571935,0.012759425756183045,0.02428298458444144
safeguard:train:7015,0.16233031814544993,0.11600385619137928,-0.08187170539761683,-0.0665866145467684,0.0012681978586349674,-0.06561651875129826,-0.10791723171486974,-0.03501672078844865,-0.012272804014459375,0.07505617098204913
safeguard:train:7020,0.25003831372089147,0.26237804687225996,0.10995795040960987,-0.04380036351678847,-0.03133550773364123,-0.08994465713243309,-0.13891956349887677,-0.05892379098234202,0.040194947771195935,-0.03743190436784956
safeguard:train:7022,0.13283912124086375,-0.02188711698410632,-0.06784516239249005,0.029555415442555667,-0.036551419520507986,-0.018209116564315193,-0.03260690405733921,-0.006196492433556666,-0.07279000352258108,0.18024855269263104
safeguard:train:703,0.09069712001748823,-0.039771904479443426,0.02733421331942853,-0.1549785471357285,0.21250293736109802,0.024687258469403436,0.018230791946432456,0.010042657432611764,-0.004100342509878297,0.007721285911257778
safeguard:train:7037,0.21070268360935365,0.014399513728975693,-0.0030264748279157268,0.05820887276457659,-0.0024112388831021903,-0.007798814739830277,0.026286956917488172,-0.0677664634008596,-0.014933162760075551,0.019594047101032287
safeguard:train:7042,0.10298685524096043,0.01988677974132654,-0.0081425436679275,0.20746094046804964,0.12415900001741387,8.375750853706843e-05,-0.0780843211962361,0.0009089910365141095,-0.002950591922686214,-0.03781425832065794
safeguard:train:7048,0.10502895513380209,0.0211490778354641,-0.015516801114109724,0.1104697926316646,0.04959225194175078,-0.03548228152494044,-0.027170201044155993,0.005973504126681694,-0.0077978887827648636,-0.021853255172861033
safeguard:train:705,0.2605412634143611,0.23861520830902372,-0.3529898714070316,-0.09984480113185526,-0.04937038242238989,0.13032160675901042,-0.04245951816987232,0.04005079322991351,0.01839380577307312,0.021031173010084964
safeguard:train:7053,0.16408466349420736,0.17565602768723262,-0.1669147544647576,0.018294851517850177,-0.01839056362320514,0.06086015369634915,0.17434962007337582,-0.06894708119694791,0.02242096238491351,0.08777266257290427
safeguard:train:7055,0.3051886884042733,-0.17166800425782497,-0.02000358915326066,0.03781789055447845,-0.06098274708867718,-0.027441759659857717,0.017441549218986104,0.021200876979878474,-0.060081872274496954,0.002005824325997548
safeguard:train:7057,0.23646433942953338,0.28250533984543835,0.05890347971923138,-0.07555729284015886,-0.042787427263083516,-0.24638139460763356,-0.03763915977405426,-0.018235807040448995,-0.027933060525918253,-0.08326039648308177
safeguard:train:7063,0.18729007543357779,0.3506487641831715,0.22128516425848233,-0.02167597609731375,-0.029310324382094993,-0.22029040194477964,0.15775921674847032,0.33894265387997,-0.21862719583098852,0.09564742929873943
safeguard:train:7068,0.290451648366337,0.22520582183759594,-0.3138034971202658,-0.11060384706249313,-0.05306166891175215,-0.04189615300016684,-0.21462607717156143,-0.06395130598688178,-0.03961077465652451,0.465056801578064
safeguard:train:707,0.23772478961351667,0.38143533305245547,0.17269588480291706,0.08300509537114048,-0.033466672507972764,-0.0560273452468654,0.43804887860356495,-0.28098679065217186,0.1222468419448142,0.021076827307961968
safeguard:train:7078,0.25648576522784716,-0.08528413646558769,-0.03875214355279795,-0.008740733210229903,-0.029664752295913564,-0.0015515140144053093,-0.003125283175282847,-0.027946550107271928,-0.03679022663750503,0.008940371154471808
safeguard:train:708,0.160285530352442,-0.0324244299805736,0.03935889514874492,-0.2720714562962087,0.3928138085224662,0.058822954650705056,0.02800602318646203,0.01665072582705541,-0.007846469378000315,-0.0007865993766423988
safeguard:train:7092,0.11288900890714307,-0.014328775179391596,0.03643285560914826,-0.17896350901579144,0.3202077744398939,0.0008630045030574396,0.02199810498761585,0.007798719478107134,-0.013008144929773785,0.008106550609232101
safeguard:train:7093,0.1405607407706353,0.04970784912403655,-0.07021336869062646,-0.013815691785476286,-0.03573168846480875,-0.0006745034092507535,0.020256791028179663,0.018642869237749975,-0.02787202856345205,0.04268879644330426
safeguard:train:71,0.10844435182787329,-0.0460983576262025,0.022209582506342813,-0.13420763126836974,0.1803981857916802,-0.006027885673352992,0.016501502293990184,-0.012129027539018448,0.008860546401937652,-0.011069396809200924
safeguard:train:7102,0.042543259339399564,-0.036570609699894494,-0.0008881681149477194,-0.0004097265081526298,-0.012215322080457941,-0.01057336204935322,0.0050981264336771035,-0.0009420953547731631,-0.010827178110637763,-0.00626852256897012
safeguard:train:7111,0.19636190334069642,0.21697907801407812,-0.234011141219721,-0.08368156550643947,-0.033061391589240645,-0.09136746586534311,-0.20757520100140572,-0.030655023666474775,-0.0006303794210675923,0.0871778048458354
safeguard:train:7113,0.1157328262604463,-0.03998754749269965,0.032722447371349064,-0.18801482256775875,0.2592355727977298,0.008690822325058554,0.02633529033324292,-0.018872740998132312,0.012247676430902235,-0.007281993646947392
safeguard:train:7121,0.08251129090387854,0.07009426434280151,-0.10927936312189887,-0.005601219158472033,-0.01322920439497656,0.0099355415986396,0.01382421279079381,0.04486156164992132,-0.03824305211191993,0.1963517640268478
safeguard:train:7124,0.25331157108068614,0.2621924753300583,-0.39365582885904843,-0.14931203661506606,-0.07422260142927814,0.21762675195442566,-0.01716719989356804,0.14707575379295085,-0.009117859111925305,-0.21230248531139667
safeguard:train:7126,0.12158077348506524,0.13053854773606957,0.11166310735154311,0.002330604972438809,-0.0197751552516215,-0.04138112413094096,0.026945023846228693,-0.04341128739368854,-0.006441659483962586,-0.07420028677884372
safeguard:train:7130,0.19040707561347808,0.2514317620830027,0.02727225666482981,-0.0980077074196714,-0.024267072465629445,-0.22058935359649604,-0.13125929368831607,-0.03854442309115207,-0.001237558766293402,-0.08806134272555335
safeguard:train:7133,0.3872155388982937,-0.2550592585899888,0.01699655583024725,0.05245978549311408,-0.09451757836854363,-0.05836616761246011,0.023474813038111043,-0.043279420839331985,-0.19714111651842434,-0.025623226090558338
safeguard:train:7140,0.17090748362710215,0.2406574504562999,0.1355855324967663,0.1003035340127264,0.014185991981005017,0.011537399228736459,0.30184751285501316,-0.2205923566731076,0.10730417778055404,0.004496755862805952
safeguard:train:7145,0.17378265947383473,0.12121716712181212,-0.05797806707875288,0.3121399945324625,0.21924131314744205,-0.07907693651939707,-0.17317777118801997,-0.005105028971250328,0.03873839588802511,-0.08830495982235566
safeguard:train:7148,0.1483462158660798,-0.05599620090878373,0.035781775323793376,-0.2461082531992168,0.34577806475017253,0.008557526527179777,0.032531979993830965,0.002744786684293111,0.010063708580130554,0.019000661967677315
safeguard:train:7154,0.2062248008639738,0.3509225139744807,0.12711836384806158,-0.0687075988069858,-0.056875986108192514,-0.11257149911231708,-0.10782521859549839,0.0030414622850224765,0.02313932515131153,-0.013601921745258136
safeguard:train:7155,0.24259203622227032,0.02293107210807394,-0.03322334757960226,0.14588891470720514,0.03192204855293371,-0.02916611258924148,0.16267884933072285,-0.16453874247886702,0.002345132403454515,0.0725793651116448
safeguard:train:7156,0.21195019967348247,-0.11651275444812409,-0.018090521470986307,0.026636586558579187,-0.04576701637248639,-0.020704330154326246,-0.010736502686697427,-0.006789507678668428,-0.04159467296646846,0.012640001804140032
safeguard:train:7157,0.5015929663085668,-0.28244234294921716,-0.0010657598857706828,0.010883603086272398,-0.08672834427132185,-0.04472208953377992,0.04699872385783211,0.05879072353350501,0.102990620195578,-0.029046262485804435
safeguard:train:7163,0.16725852675207528,0.07039071777712289,0.0289373273411634,0.005110854794030463,0.005174699892464626,-0.13203081375332804,0.06334139788696973,0.11650083354682765,-0.11517725908976,0.017357297947772167
safeguard:train:7166,0.1628728598304794,0.20743383334441687,0.12417442161163714,-0.04509056279081839,-0.06612314148346449,-0.08382624384928261,-0.04173119769316262,-0.040589425589470964,-1.6436606672004072e-05,-0.00641327226198751
safeguard:train:7169,0.15504289781544042,-0.059954667080982404,0.05070202025530767,-0.3217281538054986,0.49925037687714885,0.019843111183404823,0.057981873177990854,0.021018581992675388,-0.014730056327423547,0.033566631807843215
safeguard:train:7174,0.17621493709673544,-0.09235043711837479,0.01783314370802232,0.014935144587255623,0.0051893518082402985,-0.002975114071867368,-0.014365526168737434,0.0017799947186920998,-0.020918568145139795,-0.016217719879441705
safeguard:train:7178,0.4166239641959832,-0.191376342336637,-0.020028819044264807,0.03021427605907402,-0.04993573838751224,-0.017530116378768924,-0.027181562926824276,-0.019377601477541157,-0.05072490717805807,0.008223685689570706
safeguard:train:7179,0.3655552778857286,-0.19400174936249534,-0.012283111454909179,0.04008203986244098,-0.07028788517998417,-0.04910043333052349,0.02789469163564635,-0.02044666083809652,-0.02191588156881962,0.007576674942294321
safeguard:train:7190,0.1267254695551069,0.09133796808372131,-0.05807330895691494,0.4200102924583894,0.2570369183291724,0.06933128405458866,0.02549436850879878,0.008302000828332063,0.03345518771663903,-0.05149303213275669
safeguard:train:7192,0.168814803494667,-0.020194479782102547,-0.00687089980212095,-0.06781082821994389,0.15850931250588082,-0.03307781929803115,-0.031813024741816756,-0.04641203243446577,0.015847102407033645,0.051120044423553244
safeguard:train:72,0.14384004635264608,0.02366867069034738,0.13257314889073107,-0.15350880870074507,0.2255743652701474,0.04430098721942918,-0.009798493345851386,0.01113370420717005,0.0018858398029712525,0.008876287205649674
safeguard:train:7204,0.20721674078702976,0.19559091956397553,-0.22857616783782908,-0.07251109648445526,-0.04481538821234411,0.08091644742322807,0.19102783155048592,-0.0724484469083369,0.021323904061149524,-0.020567772201771622
safeguard:train:7205,0.15229700717662908,0.020026402432773215,0.08479602158776814,0.06859906245544066,0.044081187232784924,0.0751178260738977,-0.06171498355330904,-0.024900063281137145,-0.0018112483807359069,-0.017510443822465742
safeguard:train:7208,0.1219151792616549,-0.03235865055273202,0.02740544982227517,-0.16663317935400732,0.2644525239234089,-0.008866768373459023,0.02562594774614152,0.004118836280401024,-0.0008347113944707353,-0.0001127041512648224
safeguard:train:721,0.2063762879416181,0.2085947115149704,-0.2013691542036336,-0.06369560866377194,-0.017845670717838873,0.017661012142400578,-0.0706410363556331,-0.06122099072565909,0.050229380751223456,0.06792845295825208
safeguard:train:7213,0.2495670368859765,-0.11668968050101268,-0.036568155464975764,-0.03487287505343997,-0.0550922578322361,-0.025582237178560473,0.01890592903060978,-0.0060106424680863415,-0.04510526934329391,-0.023623994198477657
safeguard:train:7226,0.11693534787321269,0.09219368908666643,0.1613940456131148,-0.014591319395246424,-0.047413394535481365,0.026776019902386598,-0.012048985263769733,-0.027228709548647378,0.031392459015183054,-0.0008681955977141643
safeguard:train:7227,0.23072160536367148,-0.10845935090868235,-0.03190327564502787,0.021673369221910165,-0.0280183965887415,0.014593352794525394,0.0035189538454670427,-0.003987352113988264,-0.055038032411653406,0.0022572468827231316
safeguard:train:7231,0.09703389001860346,-0.026609198840406186,0.056294665628137563,-0.06114302968017135,0.08778959059492548,0.049759962357318,-0.023262254163402964,-0.0039262184162101536,-0.0019423927752188418,-0.010496763930376
safeguard:train:7232,0.1475872612932295,0.1288737437567043,-0.06877577507694102,0.25594500600940884,0.17701862214694775,-0.025268706090370994,-0.03600446318375353,0.24435574822521464,-0.10871691038473537,-0.004228704302196181
safeguard:train:7243,0.15057503504392558,0.11103410643746443,-0.10729010408943886,0.4379511811434938,0.27089976696018236,0.08231744349998048,-0.017855425281557518,0.05179507292688614,0.014004447300371592,-0.0507939084372881
safeguard:train:7253,0.24326116179104026,-0.1541731401272153,-0.008393059411685673,0.0297188562239792,-0.052724379561992774,-0.05145279600572085,0.013336528934863727,-0.01650631419112786,-0.08607521497901088,-0.01843722662246978
safeguard:train:7258,0.1578324886711159,0.06977139418881372,-0.20500565640957946,-0.0745708484900757,-0.07634771828012396,0.213524473793868,0.0990614789977696,0.11685184491732434,-0.03841004364699687,-0.09662104070235364
safeguard:train:7264,0.14609270913729236,-0.03180119731345453,0.024110476208019344,-0.1815835005037374,0.2621686075723926,-0.003875324549148377,0.028531771523623885,-0.0050472590134626495,0.017215328381660105,0.0009007969600522972
safeguard:train:7265,0.4247814503889768,-0.1658217561404132,-0.03552255037053451,0.06321152373313337,-0.035360999440201095,-0.05147034089292372,-0.0008518045262593221,-0.029649451846315865,-0.06108401024413628,0.03304739859119988
safeguard:train:7266,0.11392030144781035,0.01933785426172633,-0.0451425746077826,-0.01138235969074209,-0.019648092317333558,-0.015708794511828047,0.015058892781937864,0.0038769552846040375,-0.05178611058286253,0.10786185800958535
safeguard:train:7274,0.18956450899449306,0.14816632245207306,-0.19027096847723232,-0.015859512681676582,-0.037226189764960234,0.17661309105046655,0.15875031519704874,0.05278318675932539,0.006107566578838461,-0.14348322469694652
safeguard:train:7275,0.13105366262230064,0.053530489316639646,-0.015042510376872454,0.06889716274484722,0.0412203734707177,-0.06809007435914448,0.018657706228109514,0.07555830984518551,-0.06640437249817414,0.07886707295404606
safeguard:train:7276,0.3905122459178674,-0.23593222835524444,0.014179636981356401,0.02652006330597328,-0.06778397900280404,-0.05324721240942962,0.024300150648041766,0.07721595266112985,0.12277019537023431,0.007673555453452349
safeguard:train:7280,0.14115649522069873,0.25689472032341704,0.13712724845056182,-0.023291133892751323,-0.018948976403569837,-0.18814437098665113,0.1381695279702975,0.18891436448891702,-0.12155405604898135,0.02551394101137113
safeguard:train:729,0.145565677437059,0.2651050836477433,0.2187909969038946,0.024225110470909843,-0.030708003811313344,-0.03465665002443783,0.0412677475977172,0.052726694313013196,-0.0044555203316678045,0.007140136967439428
safeguard:train:731,0.17508513756904495,0.1245559112674599,-0.19942318234405998,0.07343365633294034,0.026469558478628013,0.21348206226535768,0.11094372443116163,0.06626868677668288,-0.00036541441894341235,-0.042920212298614834
safeguard:train:7314,0.2220586054556989,0.2001398794630916,0.09160444358808721,0.05725115105402787,-0.013042343449579488,-0.03764520692079696,0.2516068444967496,-0.19319260918140152,0.06910864730029095,-0.0831693068603439
safeguard:train:7321,0.2314922212739846,-0.11845261696905604,0.007825115477190957,0.037045170095681194,-0.0006968944890406658,-0.017643481699797254,-0.01714832577363388,-0.006099045965684334,-0.02910143348556779,-0.0052227143129646054
safeguard:train:7322,0.19351650398482254,0.10464542812160717,-0.043038404223382516,0.036775150290790655,0.013210139963832008,-0.05710678001887094,0.01865910082624619,-0.15513519605239073,0.05215988463453843,0.017330003451602564
safeguard:train:7324,0.12255105233544468,0.018158232147537118,-0.004056963090813181,0.05206724336731118,0.002452653577802166,-0.024482136227755195,0.001320516016896512,-0.02528786650385182,-0.018641080789237475,0.01597114796658495
safeguard:train:7330,0.17650070898161183,0.3096818690371163,0.27296125625223,0.003314076686159729,-0.03360160056496851,-0.07388238204602667,0.11107788778312024,0.2541621884733675,-0.13124957541881555,0.10793034060218683
safeguard:train:7337,0.2910601033138681,-0.1551924434815295,-0.014791109973198154,0.006687084376109219,-0.024835595101852872,-0.01355551830090057,0.010946341368614389,0.023608588078430928,0.0506693571245636,0.02681865675511529
safeguard:train:7338,0.11440857366006078,-0.020120997595718327,0.025558923086387252,-0.11728295747961606,0.17240634902918273,0.026985523645253622,0.005273264848144122,0.004047365300275309,0.003272229656581215,0.026564453459511448
safeguard:train:7339,0.11166268031695267,0.07962092415056299,-0.06650559930419736,0.28735771564019685,0.17873356551517927,0.01361812431485554,0.016350337668676603,-0.04214628636050272,0.0284867855302187,0.05481015162119445
safeguard:train:735,0.44399968854386757,-0.20563801748180244,-0.020576696460376128,0.030623091826880805,-0.057816940260438696,-0.028438466206048237,-0.0009292005818814687,-0.013783129780727633,-0.06674755802642757,0.01806021737777438
safeguard:train:7351,0.16488331999882797,0.058931403715385945,-0.11754489116854207,-0.0033429101925996512,-0.03775168099835951,-0.025055492879702563,-0.053101351853987205,-0.003566030677547323,-0.05688762091167682,0.3215950168936494
safeguard:train:7353,0.21069396378282346,0.16991602208390832,-0.2140636137205139,0.08611975978889655,0.010738210234164098,0.14403394458814356,0.23980300649622205,-0.1415992200172715,0.07071084989195515,0.0824029048187517
safeguard:train:7366,0.26887547875291845,0.114134410824944,-0.20511766260011471,0.011531731651599417,-0.020401607280800354,0.14790270215121015,0.11952918940921847,-0.03762217686244098,-0.0017210561194035607,0.05445948456909151
safeguard:train:7367,0.2169320251743367,0.13921237657373964,-0.20083852432705662,0.020476417566558217,-0.01613490630226684,0.16024731182119972,0.23688656688031587,-0.12973998150356034,0.06101695512120604,0.05575566489568914
safeguard:train:7368,0.1508125989921213,0.07011503198403744,-0.009853826453312373,0.011402397602680562,-0.033368512452184265,0.014569154737419064,-0.028128316211726352,-0.010003962315264656,-0.03927950406376529,0.05718795590040478
safeguard:train:7374,0.18822806779542173,0.1828798978516309,-0.18123703498245655,-0.08843824828519865,-0.030361653406328258,-0.07789358361535928,-0.11466036224185325,-0.052166698532508805,0.012699251047957695,0.12849293000518658
safeguard:train:7377,0.1465283563870163,0.13760102133569127,-0.01571153144954605,0.31927033169661473,0.22012660932371086,-0.09677919896088245,-0.041776244589541385,0.19041465828754614,-0.08343138202554284,-0.03389661049938947
safeguard:train:7378,0.3360921077644533,-0.21199486650343669,-0.013702923391735861,0.0376828181532721,-0.09128557755662933,-0.05272620567568612,0.024958877529040545,-0.01367025711233497,-0.15882489254090462,0.0004934652996186624
safeguard:train:7384,0.12633187398372756,0.08555839831227405,-0.07616389387293813,0.3373469787810856,0.21177397726532687,0.025526133109663254,-0.010547286340536931,0.003791172118550984,0.017140798469016876,-0.0012641789994672727
safeguard:train:7386,0.25629959018218007,-0.12432499020537123,-0.019829637981726624,-0.01607174814319477,-0.053480872744027415,-0.005067586053155497,0.013400649636436775,0.009242250704844822,-0.005596542548410037,-0.023099358392001973
safeguard:train:7394,0.12200933406868877,-0.03914859551516325,0.03993750601066818,-0.20452617643096221,0.3457618221880767,7.211778582879184e-05,0.028770746695939944,0.018055677545828624,-0.007918703942760945,0.01975065765846954
safeguard:train:7411,0.0888844428711415,-0.014124891322457561,0.021575373463677727,-0.12471249803404932,0.19841460355871599,-0.01048196588402845,0.012440011124664965,0.004332531415300712,0.004587815590286864,-0.0012299146982206076
safeguard:train:7412,0.1368859588774153,0.20138097885760503,-0.1522402826210468,-0.08404659205246998,-0.015098793367751589,-0.13287200301778168,-0.19605441458044456,-0.05912640709641856,0.000256228818950497,0.0855843726967551
safeguard:train:7413,0.6005247446715215,-0.37242577881494565,0.011079989887005355,0.07711435946032029,-0.09773947476608467,-0.07142692342595647,-0.006856384564077428,-0.002630723304271645,-0.14582150710984798,0.04776693945652143
safeguard:train:7414,0.1990107670146203,0.15922359702833455,-0.22811721704242846,-0.014202187950651124,-0.04077622254245484,0.11437957445043839,0.0724521320312766,0.11268671437680301,-0.048310839727403444,-0.05882142489228
safeguard:train:7421,0.13558105984545624,0.08163527388628543,-0.14498702605575484,0.07066549104965618,0.011564819560722321,0.0999476126426429,0.0330130346236866,0.006872447898897281,-0.028028097813398215,0.2474391039882275
safeguard:train:7435,0.2147234850111987,0.06954079182545816,-0.1672283955134916,-0.0017327155608485693,-0.024022320875387457,-0.04173926433684874,-0.11639014035824743,-0.08476939716971,-0.028816814684790738,0.3534487417582157
safeguard:train:7436,0.2043909723060998,0.21251743911327417,-0.19450893417173643,0.03363236188251244,-0.01857745396060511,0.10016974783122004,0.2751027051112424,0.0326695046525989,-0.010137244976173701,-0.10240394999997307
safeguard:train:744,0.11617544423712198,0.09649177089023737,-0.016410888885344324,0.2729022369112313,0.19577011027561014,-0.09131605803810838,-0.038233569310709946,0.11983244359122591,-0.05066941493574533,0.02258228788283395
safeguard:train:7441,0.2964035130459523,0.34081689125344733,-0.41192577277099995,-0.19794480706502857,-0.0916633810318483,0.10502162314729249,-0.05233058161401141,0.12030204655033551,0.011738744959168507,-0.3056287068291852
safeguard:train:7447,0.1678601970612938,0.13099706463412217,-0.19063883077456134,-0.025245575456843562,-0.05425493102202753,0.07293895369660795,0.015466229364716274,0.218549483624397,-0.09559679283813917,-0.04347086015487575
safeguard:train:7450,0.12619694953130844,-0.06836635796148653,0.01813479867602746,-0.023064579695400062,-0.013593074486948856,0.005039329161573935,0.0004417866334421339,-0.023194448481876597,-0.00409824502967848,-0.04622759125092234
safeguard:train:7454,0.19630044003111063,0.3626276779589374,0.09839273186714713,-0.04689835956469263,-0.01563721182671536,-0.19250677464524635,-0.1538062295556093,-0.041987336781699275,0.05465617374486202,-0.05819843900494938
safeguard:train:7458,0.1954885523176967,0.041486416871076515,-0.12933329873737784,-0.014705921426494151,-0.04860706081458239,0.02801305188266782,-0.010724223844502011,-0.02899408383608865,-0.05733811400957679,0.3473846610235698
safeguard:train:746,0.18845070291576155,0.10382217748106422,-0.26109369361410695,-0.06510735184980253,-0.07490250445595291,0.23264685590097736,0.09171329849802154,0.13799267824615616,-0.051694588470631,-0.06023303342469075
safeguard:train:7461,0.19340255967745063,0.16655936772155844,-0.22298155562170635,-0.05394741522568667,-0.02493082180567487,0.008676681812183519,-0.09399538919800969,-0.010074622883403201,0.008823452881051344,0.10057777056698267
safeguard:train:7464,0.14746756457186,0.13349240724178302,0.015554617297487073,-0.02711990163919443,-0.029136915676707967,-0.027189213031810565,0.1280360629006707,-0.1076145228046782,0.00012082912018100255,-0.009534957606736089
safeguard:train:7466,0.4571561234570514,-0.1857863312324182,-0.008388267446760397,0.037330864771939795,-0.013047902849331765,-0.011563208569544972,-0.018026009077745552,0.003756679400082992,-0.020615626010524156,0.00484730178835736
safeguard:train:7480,0.21040129043802017,0.14091689254987338,-0.34923018041072384,-0.09418759907023992,-0.09409246495062515,0.2946429541805729,0.11548229119913807,0.2101644998914735,-0.06233845766805902,-0.16297036129902176
safeguard:train:7484,0.31581384105605553,0.3233873377537865,-0.4052859759813371,-0.0317512777417317,-0.0645082726594677,0.2629447347983724,0.3709432881328451,0.012594917269707264,0.032998112904018835,-0.20969783421708796
safeguard:train:7485,0.17405114194802956,0.08167100894717035,-0.11093648365348499,-0.014722299077884438,-0.014273580046168539,-0.044745334119799404,-0.0634054394898942,-0.035631593306946784,0.020023545426496106,0.09058009480769054
safeguard:train:7487,0.2798790366502406,-0.12897332748829113,0.005769754930167943,-0.0330125363860323,-0.0039032748257090055,0.004582242538126072,0.010662377101183987,-0.03150118094903122,-0.015797112442911824,-0.06728238646657433
safeguard:train:7492,0.10976256008530458,0.07633031738339215,-0.11670997787670566,0.061998197162443695,0.04135371422892855,0.11497359637250189,0.062223209640670935,0.02649304098566102,0.005739610081376735,0.012890484551542335
safeguard:train:7493,0.3976515231358474,-0.24799655812432062,0.012655510120739113,-0.007334763024023476,-0.07767575728119093,-0.1383727504348837,0.05005203904318854,0.37120673332384907,0.7163343246182259,0.10111286101538855
safeguard:train:7503,0.22645583164435584,0.23853772547679666,-0.2682061315745021,-0.07115775996270482,-0.018541015650564187,-0.06703117180136937,-0.21011986063186228,-0.041819596387939334,-0.020841035258779637,0.35310496664063407
safeguard:train:7515,0.14817284711967274,-0.06281716308660938,0.007231459122890381,-0.003038255085679434,0.132399270282859,-0.003415183084611804,-0.0027923017938040217,-0.01932549883216249,-0.017506124072246262,0.033890744642450316
safeguard:train:7531,0.14187490145514053,0.05423226364823718,0.06458619766456718,0.022940589196475653,0.009197937009501788,0.018669585374315945,0.06681206953733346,-0.06793363448284147,-0.001455642260070041,-0.029512039284310777
safeguard:train:7533,0.135287643589981,0.06355655163376178,-0.053767187987038764,0.2585229334388622,0.13890872325198547,0.09178375646023114,0.041290308664278796,0.00909137813737457,0.006181371762986614,-0.005801120550226462
safeguard:train:7538,0.13341878090697293,-0.02773536271506838,0.0034142106231393214,0.013169123049906301,0.01270816185788082,0.007234610878727752,-0.014764540568813832,-0.034125444566762544,-0.01738857668718976,-0.016669401796257012
safeguard:train:7544,0.2264678635145835,0.18563000892113612,-0.2982664687469984,-0.09172951910013487,-0.039241243133792604,0.11429559063291023,-0.0910430825826305,0.06970641983188244,-0.006443615326292865,-0.01949691377480766
safeguard:train:7552,0.14844377786612556,0.19992504052169394,-0.03910801023836568,-0.060458126810503096,0.0007814408043865408,-0.18653347137347417,-0.07994641728166178,-0.1380779003956661,0.061216284408581366,-0.05038273786462733
safeguard:train:7553,0.1617837802592436,0.13645426196233776,-0.2438797695699093,-0.07686516063942753,-0.05989510560053154,0.17553450790740316,0.09243140644268351,0.12254561098372681,-0.02135653860458015,-0.15225080628617485
safeguard:train:7558,0.15831814814765163,-0.025434346622466592,-0.01207731746351396,-0.08146431280177294,0.04546730125854278,0.0036072625580783266,-5.239298589817122e-05,-0.015010881243301988,-0.008922464068347142,-0.02732146975472731
safeguard:train:7560,0.1750385550800566,0.15737491175631504,-0.041478549016103754,-0.06292622912584928,-0.015743573495960027,-0.12901758180996648,-0.13215935884455288,-0.055680835598741596,0.020810402899872214,-0.055568607076425754
safeguard:train:7569,0.12659178784898625,0.09176235554961648,-0.054802428312617536,0.4497891920508426,0.2833990956389317,0.030215943543440052,-0.02076938683181858,0.021599826412089473,0.03289256835351122,-0.06322407847685133
safeguard:train:7573,0.3849314743825548,-0.23432371825772852,0.008060165554911677,0.0656965162167999,-0.07029270448825094,-0.047371143324397624,-0.001835326324546901,-0.032506271129472304,-0.11679692093730652,-0.005055196540542738
safeguard:train:7580,0.3317786657310379,-0.15970851263122032,-0.019655932610893864,0.02201112259974175,-0.057973732864614665,-0.015423879694874985,0.004614753180401097,0.007914125361553028,-0.019236857234719653,0.0005109896266195084
safeguard:train:7583,0.3822904701400326,-0.2094177646003422,-0.014109751031494616,-0.022172736792426342,-0.033130860686535625,-0.003937675407665024,0.010517583734575897,0.004824536641508107,-0.012509249753149727,-0.03669253273496265
safeguard:train:7585,0.09776816574353094,-0.045165978371190754,0.030097014470128327,-0.14060601858085756,0.20793055178971803,0.004274074667660264,0.009017384329389571,-7.456917151991898e-05,-0.014133160721486794,0.010635520174740048
safeguard:train:7586,0.128713508307643,-0.0651962993421638,0.025033821345261654,-0.19160892039837554,0.2696293830634026,0.00870140773897887,0.046182646694003716,0.014236203839264805,-0.002149064119783627,0.018993803468666255
safeguard:train:7587,0.12499954184682917,0.0004300619016565881,-0.036848384474214624,0.057326453311896446,0.0168064303618086,-0.04944801921268793,-0.04107358080310067,-0.05377366033161915,-0.015073612832298444,0.0286508469984655
safeguard:train:7588,0.10805839812534644,0.06788449944265157,-0.05737441672259723,0.30487910718457056,0.18875134104563596,-0.0027063805166766784,-0.08163742271996982,0.07090608308011889,-0.014991927801522404,-0.038509493323833036
safeguard:train:7589,0.14734646441364183,-0.006334020600792503,0.037933421561057945,-0.16151221530189436,0.20777030159983456,-0.019380867123095773,0.0628335387472026,-0.03478110335894023,0.022174620010484685,-0.020120948122733243
safeguard:train:7593,0.12190934478228116,-0.03225771240412543,0.025692778377385258,-0.13799822270469259,0.17780568942101507,0.0296930898900845,0.040984933263112734,0.001989797408942272,-0.010853028344779941,-0.01314850324961658
safeguard:train:7595,0.13318017118270317,-0.006901291281307774,0.06726720146240464,-0.164939059026649,0.28440794049016827,0.04158387002442494,-0.012936435471418123,0.01423921294312933,-1.6906450315660483e-08,0.036333308709373596
safeguard:train:7598,0.10983685492134976,-0.022106513041508027,0.03598971336123194,-0.19268116003263314,0.30458056298470415,0.014711262060546425,0.017505234073218447,0.011469784226667244,-0.0006144981132583887,0.014173494656596524
safeguard:train:7599,0.42239775848800803,-0.2156381684127223,0.00043929052849445014,0.15156526900756181,-0.016784099737218575,-0.05760871294358611,-0.05721915289948738,-0.017779353783124265,-0.07088891588453596,0.0738958806055793
safeguard:train:7602,0.14849290437614523,0.15972230987921246,-0.0939641858914784,0.13529399411159582,0.12174681475764915,-0.147975283162029,-0.20183782371019177,-0.03811428038115782,0.0260289389974614,-0.02358614753270269
safeguard:train:7605,0.14880598620025515,-0.03019550316721399,0.032365567237187094,-0.10966969395897898,0.11230036568183029,0.02947828086787276,0.006773914457562896,-0.04166165098718189,0.007707953917821129,-0.02858128694052962
safeguard:train:7613,0.07245936069167595,-0.045525118104138305,0.0072731999471472505,0.0018717111363584038,0.00139742862849655,-0.0003919346052688252,-0.008704258094869898,-0.004305330862802101,-0.023235545157642302,0.019829308197318818
safeguard:train:7614,0.12915782291907246,-0.05352463236996446,0.04510049747288032,-0.2606325554356442,0.38219888306668753,0.008236089179054345,0.036824678084463165,0.01328519114899958,0.005813782287062835,0.017809773062685844
safeguard:train:7617,0.07990034779232867,0.0692208458066047,-0.09340523524504761,-0.026216818273257607,-0.027973256008467447,-0.03387496046293986,-0.03386186804488126,-0.025939376789952867,-0.022724439899637273,0.08273500741819761
safeguard:train:7628,0.16762913322643533,0.16316681068270852,0.12008807299383491,-0.042969540109150516,-0.02728278440354655,-0.025805354404405637,-0.05116931618152474,-0.03515385793164392,0.0329291821941181,-0.007933185538932828
safeguard:train:7629,0.10899276757488077,0.0015998991365893862,0.02639977493011215,-0.11010306561792069,0.17894056013683682,-0.013271088749803766,0.0367333407606028,-0.0028468428009227205,-0.0007295559331526875,0.01510316489561374
safeguard:train:7634,0.08734882165906915,0.0333850116414922,-0.009276996474337157,0.24021413425794733,0.15302708692717132,-0.002728831694789777,-0.09474776750585731,0.03073338435118973,-0.006011695488808838,-0.02862764596564564
safeguard:train:7639,0.1457930742458582,0.0442850350488269,-0.033344543521909895,0.12959366356425361,0.03462069670487621,0.02130117860398036,0.17725360509106747,-0.11318850401341744,0.10928732531962278,0.049077915956588905
safeguard:train:7641,0.14625298731843378,0.13356472615684004,-0.1563697931418438,-0.03176182424391248,-0.04503214916954516,-0.005979781339866673,0.04104570396006452,-0.08680691078528664,-0.01017720712231513,0.14720474933228458
safeguard:train:7644,0.07664488610829702,-0.030069082158359222,0.002427902880684769,-0.03424621756309489,0.020668046392032898,-0.004949375758945075,0.0032049040437144133,-0.002075046100749687,0.008199960855779068,-0.01359706643708187
safeguard:train:7646,0.1101259618908314,-0.030453742622406032,0.030539160235069036,-0.057336082804217973,0.08083396152536829,0.012863744672582729,0.005967485397360169,-0.01324380129788648,-0.0033641814419802553,-0.00035024693942742937
safeguard:train:7651,0.23522264417415967,-0.1570235904222673,0.027173434996682358,-0.025724197057685888,-0.029300422596334166,-0.0256610906208102,-0.008094224992369921,0.009538304897208161,-0.031354721171928265,-0.04282400684933212
safeguard:train:7654,0.3169930351227571,0.3589795929063756,-0.4814761863505128,-0.20647707535579732,-0.09418309158776078,0.1644729885120948,-0.09894471704658368,0.1537202819593074,-0.010706675377454613,-0.24850162246620436
safeguard:train:7662,0.15368197891048402,0.10175333536238602,-0.02901456484796151,0.4907705591442805,0.29596100904048533,0.13585999626279316,-0.050278976688970495,0.03449254200836464,0.036712548632758725,-0.05757139224868401
safeguard:train:7674,0.15074130546450337,0.25860091819335224,0.16610320672813933,-0.04382228257334978,-0.03847506729455091,-0.04035138470179274,-0.10275339824930138,-0.02738809309568211,0.05248176915441857,-0.0004230802264007386
safeguard:train:7675,0.29969592797188416,-0.17714448622686566,-0.015189653917156274,0.011395637249635937,-0.07960857307691432,-0.03340396728811782,0.03852926565777058,0.020581876584004975,-0.01949682171650393,-0.0008837505200789295
safeguard:train:7686,0.20396207813746986,0.4164026015530469,0.28165524252533375,-0.04331007631609214,-0.05150383683616793,-0.30816280163314624,0.18621463892301982,0.33937863942689644,-0.2094796037046925,0.01729051442330125
safeguard:train:7692,0.18019233796096415,0.07376891779936932,-0.003081227166575085,0.04196727761066055,0.028772092799275988,-0.11030828115481829,0.007608493941228754,0.15571831179261897,-0.12045714013126979,0.05363053481458511
safeguard:train:77,0.34152754664931284,-0.2319142978220434,0.004746230112340602,0.009300145535725382,-0.09541270180578536,-0.0737962907923051,0.04662075957209016,-0.011585482970351238,-0.13659388667769695,-0.06250434363325734
safeguard:train:770,0.49106908415537076,-0.2522802752044209,-0.014582101322925718,0.04199191968067969,-0.07324555984297917,-0.011201999172388984,0.01981323576003865,-0.037513610087750796,-0.10357128027823888,-0.001601749101123955
safeguard:train:7700,0.14503965833161625,0.1918864219694881,0.1210860118246712,-0.024549492888283987,-0.04345614181970449,-0.11008625203869951,0.107755207300715,0.05372451781457387,-0.05300611681330377,-0.0037655841758669787
safeguard:train:7706,0.17064621994307114,0.10644304405893909,-0.07903364647680763,0.06322877879195767,0.03603971429893307,-0.06851466302760244,0.02234458479292975,-0.15937899907244518,0.06011405850164551,0.0165433235482786
safeguard:train:7712,0.19169029736607118,0.04760113277883999,-0.02735100965729088,-0.08316773000624461,0.054819459156924114,-0.03096736441675065,-0.09968018709251533,-0.10807324953470365,0.02640833891346963,-0.06287354546952072
safeguard:train:7718,0.20822473021523055,0.31630163686140383,0.3522291579813894,0.044234325820078496,-0.02407566540259859,0.043558145479592275,0.051667939489009135,0.2815449422941064,-0.10976222152752219,0.06685437933318826
safeguard:train:7720,0.14709537735154996,-0.06559668920796138,0.04084267147430685,-0.2770736762473253,0.40176328530639327,0.005284695747548001,0.037879047291763786,0.01626605796210431,0.0014963926758523234,0.029535676893075093
safeguard:train:7727,0.2453256971339195,0.2949129595502447,0.1981185250457349,0.08212072802341758,-0.03409050420563568,0.009298467698234156,0.3028399771864897,-0.21674970441487124,0.113218686356591,-0.06496249349841202
safeguard:train:7734,0.1532857176216261,-0.08792278198913303,0.011218942556422884,0.0059182847100738385,-0.005270914368238596,0.009974983849922105,-0.016540183067588688,0.00015883485682013714,-0.02232633995952485,-0.010116765910115202
safeguard:train:7735,0.20547972567379236,-0.11443512416003032,-0.016119914222287823,-0.009525051409171568,-0.047706411414662496,-0.0223385873920213,0.030170762140357563,0.009743891536993024,-0.00983062149184231,-0.0666271712513996
safeguard:train:7737,0.09750043586702473,0.009294227013436098,-0.003916915158141082,0.1643529141569262,0.09269894802537793,0.0036344044787329846,-0.06420744464435912,-0.0013227913366453737,-0.005974032467785959,-0.026014861360527313
safeguard:train:7739,0.205866791716369,0.3962788058656472,0.06820007377414024,-0.10096490023034588,-0.047411097232837575,-0.3309108063811323,-0.09304698960463716,-0.11890991743075768,0.050317823431924674,-0.11677509490078584
safeguard:train:774,0.3761923807978416,-0.22582392556324643,0.005708790772887717,0.006005763083781985,-0.062824203538796,-0.04548561155594902,0.033322082765788893,0.059685675151378695,0.09989194125917521,-0.01664484801977277
safeguard:train:7752,0.2133043712646196,0.17009526994144827,-0.270291566393644,-0.045961391246892774,-0.020917462298807976,0.023353953717794654,-0.13631128364292697,-0.05190731794688942,-0.004546764745666785,0.3899527487701292
safeguard:train:7757,0.06487433745955119,-0.04031932886194812,0.017243304348784315,-0.10181150046257442,0.14317892421042872,0.016006350750914243,0.022395963416385795,0.00039015487626136206,-0.01228359788772573,0.003857312352780558
safeguard:train:7758,0.15183267514540244,0.19895631701819363,-0.0732370448862608,-0.0641889647502511,-0.009756713546215155,-0.18481642502886322,-0.14549867696381685,-0.08085543778103187,0.022868103171302997,-0.026919457918209683
safeguard:train:7759,0.2189230216813092,0.24967865753803117,-0.2518409978200579,-0.09740062555042028,-0.024889839966016174,-0.025994494896557023,-0.07519270553919591,-0.07784115367093593,0.05142587714907443,0.06476491451090347
safeguard:train:7765,0.1926018308417326,0.20018942089574746,-0.20087391743560415,0.013347005993366422,-0.021543700441203253,0.05970819151087635,0.21541939745959612,-0.10597859010742772,0.049929704348115486,0.05592438702683049
safeguard:train:7767,0.12349457176852162,-0.04200977636486655,0.015095018504089426,-0.10050335850973237,0.24273243821480459,0.001386598720809558,0.017783683228634765,0.012323818315701266,0.005195064296726015,0.005327526671505543
safeguard:train:7776,0.1281760183615788,-0.019920561256568253,0.04355346127412338,-0.133836259172359,0.19868045574560678,-0.027993476528979017,0.029071510016931555,0.021661177654259397,0.042436530176603246,-0.003149839304011224
safeguard:train:7778,0.2862543907677203,-0.14263933984005184,-0.0024824728691977367,0.0009293134286417512,-0.04260764357690371,-0.013248411272477128,0.01515275084868657,-0.03127309315945244,-0.031315279908442475,-0.03555686048560892
safeguard:train:7784,0.122086187767872,0.07274818282558117,-0.014936549237420502,0.33103461272760026,0.19235026263062216,0.10516521066930375,-0.031903092002758794,0.014746252257701235,0.025132244635130047,-0.035203354036759324
safeguard:train:7785,0.12952685716292356,0.11391208721659718,-0.06291385123038518,0.36223262107042475,0.23028469780786426,-0.01513148243224891,-0.019666432693375695,0.021044865462678395,0.006754643979009022,-0.029763700712082286
safeguard:train:7791,0.14000961407445647,-0.061788748643072676,0.012403798733759413,-0.13521853004546397,0.1641499513577156,-0.008200437439259576,0.016841238593668557,-0.00852425839737882,-0.007118605657986337,0.027960317463202523
safeguard:train:7793,0.09691532182144205,-0.013107207628084943,0.006818195498727413,-0.09100013738233256,0.09562908315851533,-0.010487698418668584,0.01384526079353041,-0.017668012562974653,-0.0019792001037208713,-0.01680696814428803
safeguard:train:7801,0.18357871971681286,0.04190849149803655,-0.017132020757737197,-0.0035713296778375238,0.04012959111683066,-0.08178037957983146,-0.04662804694342415,-0.04006562182923535,-0.018304690021465855,0.013490501490649112
safeguard:train:7810,0.1370904664857834,-0.08340215790148808,0.008863832286017963,-0.004743988218207449,-0.015107312512077715,-0.019351396815217674,0.023743703345837686,-0.014716768824804537,-0.03778880552198508,-0.002910199512572215
safeguard:train:7813,0.3776856029897746,-0.16986648059811824,-0.024622099967022276,0.04697696627700256,-0.0014438248255676692,-0.038774832669027676,-0.02688818563227595,-0.003088718564876047,-0.04806634187624305,0.01577553427190175
safeguard:train:7820,0.1686320729861089,-0.07140025349563968,0.00641311857953018,-0.10130593488521601,0.1146739111357864,0.0044468168297591175,0.0024606648523754077,-0.005658347772828633,-0.009308697830584873,-0.03387387531425951
safeguard:train:7823,0.08640436451770155,-0.01682647453066036,-0.017209048186342207,-0.015702201522718378,0.030109562306678623,0.014108779669393487,0.01150961311601828,-0.012479687076347978,-0.0027618674147821213,0.015669532538410417
safeguard:train:7824,0.18712557777935931,0.1848390674920427,0.024297012220386424,-0.08025687817895363,0.015989022433050976,-0.19437456749314955,-0.05029948390778071,-0.1564524079596431,0.058670994010613375,-0.11719379754664479
safeguard:train:7826,0.12417759478928383,0.09675689072890309,-0.12116852102068897,0.0004025565829229385,0.00858490334606288,-0.005131185343013823,-0.09067796609159817,-0.009215476016331653,0.011966591996454086,0.01786389974963312
safeguard:train:7832,0.13254623869759583,0.06399109287298294,0.007771476067619069,-0.040802761049704594,-0.040614771373806084,-0.1117598933260921,0.024612061549127557,-0.03877061482421088,-0.03447394931293532,-0.05068234016309289
safeguard:train:7840,0.09388018751234596,-0.018220075274485777,-0.008495993189508224,-0.08519523488331238,0.13315447829022065,0.019200756623901777,0.03313598669975016,0.0034733496928897093,-0.0046756893929894815,-0.001884343509603769
safeguard:train:7845,0.21793193068787725,-0.0996987025976906,0.026061780065587653,-0.01854116194419902,-0.002941373176929538,0.0017018015316559894,0.0145342504657895,-0.025508296930534392,-0.031372717905898406,-0.024542079118678558
safeguard:train:7850,0.16689943542424637,0.16632373841756493,0.18652102985377347,0.018405263013908348,-0.00375184945671321,0.05382868168018085,-0.02947309445033362,0.0022002211790830293,-0.008488494185657875,-0.04794692525547222
safeguard:train:7853,0.2521966363676366,0.06515443949218148,-0.021492597306547782,-0.11861639338187525,0.14523344248389755,-0.03046167499624234,0.0012107686433568575,-0.09574221341361604,0.041673782301263985,-0.022468828171090457
safeguard:train:7854,0.1402038442312759,0.10719090896304105,-0.12496456017559829,0.05317384249552305,0.011125880208709475,0.1271602552389761,0.07141567084960565,0.04117954631710792,-0.0008624507774973067,-0.037858897522324034
safeguard:train:7855,0.11561934909893784,0.07787578844057536,-0.03636013621571693,0.24327105854481693,0.16622158966233883,-0.03902519874871654,-0.057065622532742485,0.16592363843874997,-0.06286665171617763,-0.040265152118523134
safeguard:train:7857,0.29582066425076237,0.10162305222717036,-0.18017941652424652,-0.08357110446361715,-0.014731420316705927,0.0678903584678564,0.05867110085275715,-0.08758565936254674,0.007905102696324749,0.006294685764464398
safeguard:train:7858,0.13401611851740747,-0.06242684886147912,0.029302846882699837,-0.18383996545907308,0.2602815300608894,0.008671586538368373,0.0445079348394569,-0.0030584462059547314,0.00026544586472190796,0.0007762791604999837
safeguard:train:7864,0.1567717092031373,0.1589340996980332,0.18557354519989444,0.044179811591642255,-0.016764347147984356,0.11177699982238856,0.05112485505687674,-0.0148947362386622,0.01618811005246395,0.030319472779833576
safeguard:train:7877,0.14755806635771682,0.1137745507926253,-0.02060179043581147,-0.019661653242245572,0.04471106121529339,-0.0525195723473584,0.13444286927757715,-0.1722674698153525,0.07918417290563307,-0.024241996389164373
safeguard:train:7883,0.14081021032978824,-0.004346544140776321,0.06796297847169681,-0.15019465783538027,0.25667332567514256,0.05538197014070574,-0.03657285928071371,0.016352570262412738,-0.004387399271399649,0.10721202570556349
safeguard:train:7893,0.19231046222582598,0.04874508965851452,-0.000724437340653404,-0.04778495111116614,0.034136259406442104,-0.04708889896899654,-0.08018747683935402,-0.044916777541271866,0.01667214428502252,-0.02193355974460642
safeguard:train:7896,0.17826075104777522,0.3616469103601469,0.24671966562012512,-0.02937131871299157,-0.0395393213468781,-0.24168875472552243,0.15443848815715946,0.2512088931820594,-0.1511465157613622,0.05340334071522958
safeguard:train:7897,0.22314333332967407,0.09881932147923923,-0.07905163935864726,-0.038348000342996305,0.0057725357298877575,-0.1492902920594267,-0.15650661201785573,-0.11557012226606964,0.02498328650229538,-0.035583803944116074
safeguard:train:7900,0.04745530267688484,-0.04950180326173637,-0.0008336626290570984,0.015623010950428945,-0.03341751068448204,-0.030661265691181227,0.009820728925332294,0.00393766435215449,-0.06399517470357825,-0.006402538265164408
safeguard:train:7902,0.26505119954713435,-0.1401619458940719,-0.007498265557317775,0.007907762113174246,-0.041924291128727066,-0.010762835029117356,0.018553655458766444,-0.011676453763079216,-0.01939771675718525,-0.028575713331662766
safeguard:train:7904,0.14726633192033112,0.1413870744325845,0.18436443244246417,-0.006011082551161568,-0.045640316016936626,0.0409167535498408,0.0463571838998742,-0.0187017141610182,0.013756837225994828,-0.0033313385266195046
safeguard:train:7908,0.2648361512530729,-0.06900535324338074,0.03720655881170755,-0.04989794134694709,0.01858623962649262,0.0029228750621876614,0.04002940815444905,0.0033631519497407027,-0.030562469017771994,-0.009863541813937974
safeguard:train:791,0.1941367710886946,0.18547963387536007,-0.2939115467729385,-0.09575419593192504,-0.07134114300015809,0.12777710441072168,0.03372528687190639,0.10868796903244393,-0.04164074757978202,-0.015663377821061107
safeguard:train:7914,0.05021725827648104,-0.02121848732578167,0.00398378820243181,-0.03769769567967245,0.04008113653798921,-0.016434015761761237,-0.0020090942003740298,0.016188193360784236,0.009982664011446171,0.0057792462455394916
safeguard:train:7915,0.23010753460497083,0.18939857497692272,-0.2621487450190883,-0.00621080397995628,-0.04324517532585066,0.25604582083925465,0.2778897833329644,-0.02690116143982902,0.027788030296859362,-0.06480267363083264
safeguard:train:792,0.3410497943517736,-0.16084170184818736,-0.05176266273113891,0.00011664713122493284,-0.042976740295455555,-0.02640659935796785,0.03458577189116845,-0.007740426290127979,-0.016414177698592568,-0.0024722370717174744
safeguard:train:7921,0.12004654452672103,0.09568658154691208,-0.03401134988586336,0.28661222011716075,0.18303579079749535,-0.040189906682220555,-0.10257926605668433,0.04689334640008919,-0.022219352104820834,-0.03601052958665611
safeguard:train:7936,0.1776891156793751,0.2720023117292373,0.14613363924746517,0.07807588815499522,-0.02199688214105381,0.008396517670996816,0.3432239585364294,-0.18640954010525565,0.09356982910532254,0.020474061263310465
safeguard:train:7939,0.1068578348578496,0.008722517036510079,-0.003645843047209981,-0.09917498146290422,0.10027619200520144,-0.025396155853072908,-0.007317998917525779,-0.026517401582317236,0.024669887781121173,-0.0067505427933446825
safeguard:train:7946,0.14650669467764676,0.0942809977636785,-0.06678852371509114,0.4034347962902125,0.24126112715991055,0.0648127107084431,0.03607897232082182,-0.008116326818789803,0.036211131259498146,-0.054456860332212725
safeguard:train:7947,0.1791552755807628,0.2291274081766265,0.15434749349191584,-0.05714677649891636,-0.03195066681841416,-0.011751724469881495,-0.19319492579973596,-0.07976560715523648,0.08386856042171452,-0.03326716022624573
safeguard:train:7948,0.2372810200191527,-0.11438293543396777,0.019255588491968418,0.019199492231492508,-0.020244053826586925,-0.015095768606838492,-0.018277140773662045,-0.007441063294629953,-0.024265660364481627,-0.01905501910718208
safeguard:train:7949,0.06814064509384335,0.014880369289702643,-0.07643373753752597,-0.017652941803406878,-0.0372412658731803,0.05633570762611681,0.017826904788830745,0.04258057218669032,-0.03038378630807269,0.03928213524606302
safeguard:train:795,0.17817873399977163,-0.0485523851000532,0.06588524699398754,-0.2922276324936049,0.40547257641979745,0.037703087522517297,0.053736501699032525,-0.027379603976030648,0.015337795363210149,0.003923706854889379
safeguard:train:7953,0.12351228779069459,-0.055112972898165566,-0.005947281778982665,0.02790775104511266,-0.013345104081660992,-0.036920175238184,0.002242896789798301,-0.02596816271812109,-0.0007486881436423568,0.0099096946123853
safeguard:train:7976,0.35813895533906304,-0.23650604103430725,0.0065169839939122395,0.012225954602033292,-0.09649812428295736,-0.07293962526632827,0.04996830984817774,-0.013175341387328473,-0.13617849607769147,-0.06488965691947206
safeguard:train:7981,0.2104845752744591,-0.08315807297504593,-0.033496540719181817,0.02590975048388744,-0.04379286397912092,-0.0033825489622574425,0.026647407668570353,0.01334917786424106,-0.005911810339533617,0.01007862383263964
safeguard:train:7987,0.36766062528741184,-0.237162420033629,0.00853238922856597,0.004724626613469817,-0.08928210835453326,-0.14588143611377183,0.0487937773023059,0.38480847693449105,0.7374860896265311,0.10765852165492125
safeguard:train:7988,0.3140627275125491,-0.17654279408287515,-0.011166034109595963,0.049249410635186515,-0.05056435844861707,-0.041494263695331546,-0.01581269329480671,-0.014396359709910003,-0.06923439328371954,0.024346132889388923
safeguard:train:799,0.059273016088092996,0.02976024022565907,-0.04862428903759178,-0.008690162732039514,-0.02177956530516147,0.01054075412644553,0.016299930887321883,0.0049944008493217834,-0.02701051966852824,0.04159757578860403
safeguard:train:7997,0.3000481888312681,0.3489840201887628,-0.4222319371598027,-0.1984828284964981,-0.09424733298896988,0.1237688060726064,-0.02371353517833594,0.12657496058975348,0.01118805384075161,-0.3215319452733681
safeguard:train:7998,0.2330727400415942,-0.12446473321065149,-0.020271855105040645,-0.0077314744177034,-0.051240815471325044,-0.03667015738018097,0.0156584081531363,-0.0007389258722058085,-0.014138124715183852,-0.017188849370081083
safeguard:train:8,0.22686335379185282,0.20134604493730332,-0.28713365963827164,0.027525077335473425,-0.0250492719139507,0.2444432037794219,0.2325118765154152,0.0061364888839427695,0.04196944735660234,-0.09790839176420954
safeguard:train:80,0.1973756295049544,0.24973172283324055,0.1643118575037417,0.07602466068506915,-0.03392423336085259,0.08151935157167894,0.29385098984045904,-0.147404083790768,0.08775741896355263,0.022209757121782074
safeguard:train:8007,0.17733844701018067,0.3203067887594572,0.20508471605581913,-0.017102362077740216,-0.02652838286723708,-0.17336468734839403,0.13200257467770665,0.303160695272523,-0.1927195536027302,0.09891863689200872
safeguard:train:8017,0.16498236043766484,0.23514402172662974,-0.18485706990740972,-0.1067342369755337,-0.031991725139090335,-0.12380787406201639,-0.12818992365524912,-0.0449263797114912,0.03810004457739734,-0.04778648752158488
safeguard:train:802,0.1639973800855606,0.0395449967980274,-0.04109839228520823,0.12206043662070926,0.04141912468200777,-0.018078292688803413,0.032822047101868486,-0.048341779765792174,-0.006189306171132135,0.03031720166862786
safeguard:train:8034,0.32534148486478515,-0.15444803098991747,-0.012880091258054173,-0.017182792955922153,-0.04079140556025973,-0.01683783418281275,0.002228284187054539,-0.01041461142749985,-0.02569847752014033,-0.03558096486548521
safeguard:train:8035,0.39146905963763984,-0.27054566219638837,0.015022856932634226,0.07429959721668393,-0.10431341881548066,-0.07176680694053102,0.008119407403458845,-0.02876009726617912,-0.19882017946721112,-0.013250502866623968
safeguard:train:8041,0.22737586130819354,0.43197235702548836,0.12627998900100662,-0.10354036113942504,-0.06003787974885183,-0.25081218531398464,-0.11979293903028046,-0.09252703284344502,0.06661342300334401,-0.060308739261064746
safeguard:train:8043,0.24376721252406705,0.1679497561909147,-0.2891580780742777,-0.06663982106590029,-0.02849851984193933,0.032996503442611305,-0.1389478296153274,-0.08300971883647426,-0.014657192733447937,0.48512191372079894
safeguard:train:8047,0.15216919136210103,0.06899328741864141,-0.07005454579477363,-0.06281355633540231,0.033440830708166114,-0.019887138998513323,-0.11587655221324984,-0.04318923142530774,0.0001438572775042963,0.02150369384444323
safeguard:train:805,0.42002663458830397,-0.179805799400916,-0.016032639078101357,0.07375348332755523,-0.03489760198341943,-0.05625743417747712,-0.019542032944310256,-0.04218938252561345,-0.03308919289816536,0.007740206772267769
safeguard:train:8054,0.09732863825966813,0.07242733847558185,-0.05952686576847622,-0.05240592945069245,-0.02852425116108339,-0.05383140124363339,-0.00541964836742047,-0.020167358069161558,-0.036121465592001835,0.051208420609266295
safeguard:train:8057,0.379607406672266,-0.19155292507652366,-0.016097904428043007,0.05071889979634588,-0.054921260533576606,-0.0439345357217677,-0.03273413605216721,-0.032971619792502446,-0.07184484161524098,0.02348510254075838
safeguard:train:8059,0.22105089328028837,-0.0073503784377417876,-0.11333177499048908,-0.013689781743500024,-0.04355217602657542,0.022689163825560178,0.019296170966830017,-0.016636882881795868,-0.006541791455324763,0.07986637467049788
safeguard:train:807,0.1295948369790859,-0.062403236138196136,0.046948507220167274,-0.25787438012786323,0.37730156193187103,0.01871038603956568,0.03966360557801735,0.012847877617006115,0.0023564546340836927,0.021966876193087365
safeguard:train:8070,0.2823047771589644,-0.14575968678454168,-0.006177472105345557,-0.01432900754169303,-0.03917496452358387,-0.012991530840347685,-0.0012508945075710956,0.007114374610349507,0.010268940623187242,-0.03597240061593266
safeguard:train:8073,0.2794586168769821,0.25898567666149525,0.11801906997964665,-0.002768950832215183,-0.053290456798948976,-0.03798573272515424,0.0839458744777876,-0.17531578598499015,0.08468144035673904,0.006347636747185268
safeguard:train:8075,0.13510796501063535,0.20196778459090658,0.15528348147003934,-0.0364060637208416,-0.06040682583922269,-0.14887739879531756,0.08180849827693741,-0.08183534825529551,0.01867747061141589,-0.06893936328580724
safeguard:train:8076,0.2589641288190754,0.26278209331394436,-0.3055061966771836,-0.12794115995670158,-0.05247118527828042,0.004410241798087047,-0.1286746563417124,0.05191367394890547,0.0007877710957921083,-0.0778093753210751
safeguard:train:8097,0.16659327894812698,0.08744760004129791,0.12104041139225219,-0.0011273656537012244,-0.012966546575607394,0.12695726825987058,-0.013522772018559597,-0.08575020960843957,0.010492932745573728,-0.03027155420319529
safeguard:train:8099,0.20720747284225224,0.21558934252692916,-0.24241219647765194,-0.04107133934029918,-0.024710986952126684,0.01349120519320772,0.014091257897176815,-0.08832972394386052,0.05256486781602808,0.0650544007731447
safeguard:train:8100,0.1348558748215604,0.10484397864058012,-0.03078617834153047,0.39265935713484046,0.2751565496354331,-0.08429390927628568,-0.05970478679715828,0.14169711327795634,-0.04859091055291158,-0.012861306753572527
safeguard:train:8111,0.07792763608618984,-0.00970961480910511,0.018570406381147625,-0.029363607869233296,0.03707061135581765,-0.03167194924028492,0.022018798521980742,-0.0590164008356547,0.009492219172180174,-0.027879048774071248
safeguard:train:8112,0.11926166241119875,0.09004567987534327,-0.06242523789302481,0.42752987716232255,0.2730262856814663,0.013814396635697586,-0.029855545642323646,0.00913701178899351,0.035539540038274496,-0.05809752607861272
safeguard:train:8120,0.24709147803431752,-0.14059008378516252,0.00935225799871404,0.020428751578763622,-0.013233279606148526,-0.03494799763410438,0.006390972817425675,-0.014734379041203473,-0.014547002726190235,-0.022080520546949926
safeguard:train:8124,0.2730916321971154,0.28592747970651244,-0.27077561567978137,-0.018302445482391582,-0.05027931195960539,0.11238208479123722,0.3988745636394168,-0.06673994849854127,0.009844937576643663,0.047569308562055886
safeguard:train:8133,0.10955978712258149,0.016306797675019857,-0.03900501307945966,0.001478919560280061,-0.01966237161469987,-0.0437965807179246,-0.015346293907569687,-0.00608933260745374,-0.012866397466944528,0.038312810769381124
safeguard:train:8137,0.22212994253917306,0.12835185957873324,-0.07115230771155999,-0.017958291263722975,0.013516703740147183,-0.16280998628238338,-0.14673520569209406,-0.11015793088461331,0.010461354348839347,-0.019233173404052735
safeguard:train:8145,0.16039901849202653,0.2545849802312529,0.26820180601115234,0.016236573997213857,-0.023277543291036904,-0.02322121364615612,0.07401375507998988,0.23846597551725204,-0.10278632858746635,0.0619690442338474
safeguard:train:8146,0.17486266597243494,0.23754682337541277,0.13874753455398348,-0.022328359731105,-0.01905843788802114,-0.25754640238098164,0.09971580427094069,0.10755856031867146,-0.09594977949143346,-0.0726062218224168
safeguard:train:8147,0.19776144373924992,0.12083224986217074,-0.15533471329426807,0.04412248530420246,-0.01949633779044643,0.06948229132152216,0.17556182796121025,-0.11822644379873286,0.03415557518265831,0.1715788539467481
safeguard:train:8151,0.0915234910328119,-0.04115655360009577,0.025917850645147573,-0.15799096482570305,0.22751970426157647,0.012904184816323373,0.017996321853508416,0.013307175572013583,-0.0031550804893439813,0.03236311365914203
safeguard:train:8155,0.16199813019334933,0.17747630656936894,-0.08902740748960819,0.2720853139555272,0.21767693667035615,-0.14612070089200374,-0.24130865483966357,-0.017466763192757792,0.04805638875935065,-0.10207158369568235
safeguard:train:8161,0.10612864397220395,0.06765663328883861,-0.057628412561295694,0.285416373322608,0.17231163153651993,0.05360942877577672,0.0023257350471800197,0.01666782460504658,0.011677496477972693,-0.02074456334073269
safeguard:train:8162,0.23156711689057388,0.27813730329001785,-0.2473005310415621,-0.13832250260966172,-0.06048394200823916,-0.0457827332970588,-0.010105162053603326,0.056419461838367005,-0.02260648704144513,-0.05454377735157352
safeguard:train:8176,0.29469074504979315,-0.15794457085552496,0.0012974742557349385,0.02777434510257951,-0.04305322209891069,-0.01864250426778817,-4.755169064927146e-05,-0.014191112014659744,-0.06824817074245175,-0.007724748885384276
safeguard:train:8178,0.1717041072743007,0.25215805722680923,0.15649216504304936,0.02605547176166401,0.00015377957501788112,-0.046899815175495865,0.09697154551161655,0.20393746384870945,-0.10214089953611409,0.08061827129054518
safeguard:train:8184,0.2644990673110785,0.20072796345136654,-0.3434139399354998,-0.08889638085968679,-0.05885180798731656,0.18312695493586678,-0.015904462874871773,0.10702787401102201,-0.005699704118302529,-0.13708298389774293
safeguard:train:8185,0.23811603611264864,0.2041193716169838,-0.205645374147157,-0.0001226269653010017,-0.04290292632218123,0.16730451024863952,0.32732857982218133,-0.06373111876063293,0.03153269499897695,-0.1112577382027142
safeguard:train:8193,0.1315546675046202,0.25414822957055083,0.1657843322588986,-0.02466335308335495,-0.01382934913139475,-0.2262041960279678,0.13417450907755923,0.18164624116053535,-0.1284227512427151,-0.021426676542652554
safeguard:train:8195,0.18886744918779966,0.13853176151978344,-0.3091384086681182,-0.08354139694930315,-0.0696825373903525,0.25881518438395873,0.08031068187759151,0.1278366654867571,-0.04210581298198822,-0.07214301469648432
safeguard:train:8205,0.21321246565666008,-0.0966724215903776,-0.011761301965427023,0.06281822651712776,-0.01117488674399671,-0.004287969606817787,-0.016882804043348035,-0.004310112357760389,-0.026227347573148777,0.01815284162406121
safeguard:train:8218,0.14415264812214812,0.2079153346178536,0.21164687713160046,0.0682143911989385,-0.000644236723652086,-0.07495821824870041,0.00515872079322373,-0.01996602439475952,0.021285818801971598,-0.07001671777692384
safeguard:train:8220,0.2621801821361736,0.2175992965285452,-0.22918080007947367,-0.07227417562509272,-0.04501545710113797,0.04211627897573862,0.12355422229255786,-0.1417003513233289,0.06770109942968869,0.0016464675128310664
safeguard:train:825,0.27934471877485273,0.20719683742469014,0.12464093944742687,0.009548540898893567,-0.02943820563072887,-0.06952353358574487,-0.11522445078842587,-0.06962029141865184,0.10311498579429434,0.0495169068488652
safeguard:train:827,0.15590996810835278,-0.007666912914709904,0.09560821062351597,-0.0029346882560145,-0.03773597217962115,-0.0143574563797265,-0.006028968956264008,-0.004330400890085729,0.015735855844972124,0.029395318010812306
safeguard:train:829,0.18737170176956577,0.1663406522151853,-0.1772856613999864,-0.06674002618799767,-0.03960812153085147,-0.0624971445549846,-0.0977153331521172,-0.02226701918370226,0.015374970598871003,0.007962630431162101
safeguard:train:833,0.06681371807404919,0.012466997939497407,-0.0539867554271474,0.024379340192064405,0.006054196328640766,0.0036898248980443012,0.011198325796720249,-0.03317812529872538,-0.006825456117819284,0.07247039686158559
safeguard:train:836,0.23741784855150527,-0.1377015869982307,0.0006307451639211457,-0.01527488837880001,-0.03778044945700042,-0.006704490496827418,0.024863974004709546,-0.032801443218545,-0.032855351051768365,-0.03368589921541771
safeguard:train:841,0.09108801385207524,0.003336455683515589,-0.04002052121192167,0.026725371741796983,0.03947620080538914,0.010671762625107226,0.018686161067107118,-0.017291428726070607,0.001806310815413539,-0.002375208405617273
safeguard:train:85,0.09938867746910411,-0.03519664328204671,0.021872759123888065,-0.07639527575078243,0.08476546279767615,-0.017036244068418836,0.007637078496985887,-0.00029193406933099677,0.002508499168550429,-0.008667107347778626
safeguard:train:86,0.11854271295034025,-0.016730741198902024,0.0202966947608693,0.020760675639209854,-0.012061699784524907,-0.0058359299624844065,-0.041441580922599336,-0.019108094952490138,-0.008925478201784702,0.005619470020640691
safeguard:train:860,0.19308740499101246,0.11590774892560833,-0.19279330977635478,0.07551497505352753,-0.010785989431031588,0.10788422400571161,0.14604446894520098,-0.07704200506115735,0.017047774679637626,0.13597349769915715
safeguard:train:864,0.21020997769624486,0.007862769245369269,-0.019222221953186718,0.07806453905225286,0.006841390117561002,-0.00984921136460033,0.02536806772852279,-0.11533764241341794,-0.008107103945081852,0.05992588951654309
safeguard:train:869,0.29574224469148785,0.33965845884677903,-0.4529566849386729,-0.18943382588970703,-0.09064381201287314,0.1735433701471599,-0.07227050068140867,0.16413345069505628,-0.01633612861103132,-0.2568230064941156
safeguard:train:870,0.1714657466897158,0.3026385942289624,0.2699863592977445,0.00016071185500941886,-0.030430629431797557,-0.05615463157615662,0.07636722214551116,0.2432906523787794,-0.11564131290464759,0.11747609009730806
safeguard:train:892,0.27993631942035974,0.2885411197334757,-0.40320962190225534,-0.11801273299611631,-0.04814283496274098,0.12422956070818116,-0.05805091775916925,0.02761619455716728,0.022592922815580525,0.040628637426479215
safeguard:train:900,0.21105505176297168,0.43855982742406785,0.2934880555944067,-0.0462979652061126,-0.052838321729534204,-0.3172989961844938,0.20246669367369774,0.36878018858142647,-0.22624226437716508,0.029386999151824158
safeguard:train:909,0.2617572831479956,0.25660092256149136,-0.288481379278908,-0.10953119223724704,-0.014729669922850235,0.03640364676857007,-0.11389461164181548,0.11756989618678108,-0.0381279434591725,0.0027724993172723008
safeguard:train:914,0.3737984002679326,-0.21725020875599235,0.0026613417204973595,0.07752120818175429,-0.06071638209495142,-0.04251555452077008,0.0021033858441109935,-0.018090441959194663,-0.08634481338844727,0.04416145217312029
safeguard:train:917,0.21073892433767094,0.2431616028124299,0.058038995177117685,-0.012114960860041959,0.0014895544856751949,-0.1389770959684269,0.0413797400583206,-0.2791792477348667,0.14239740787270044,-0.07209034765647446
safeguard:train:918,0.248027086288408,0.14287632351521162,-0.2202697797671932,0.03196205594975147,-0.03080396647011796,0.07802594505084981,0.14645479362048383,-0.13298047438282312,-0.013398300031627362,0.4040764003665418
safeguard:train:922,0.24436114814254017,0.11684378879667073,-0.020718447256674502,-0.2917022163375836,0.36445386883870734,-0.05004419585330878,-0.09137320488664606,0.00913757344651188,0.0068201482120917945,0.013415421985377818
safeguard:train:923,0.213851310998985,0.3304934605641057,0.2214527328061707,0.0866176511162853,-0.039432877201523685,0.04656286374101809,0.3772152571762113,-0.1906134147265043,0.10616095534082058,0.044552217044926574
safeguard:train:930,0.16166873227330406,0.1072675138451264,-0.17025027949907603,-0.03083745205466721,-0.02075888299475884,0.007786616550751511,-0.09665043444582871,-0.009073259429927233,0.0042421296587738765,0.08116505740666224
safeguard:train:932,0.1995302335078789,0.2768663297010607,0.03966906631602561,0.012208637241252018,0.04030194972235613,-0.23712850174924013,-0.20056058742068286,-0.08398740870504402,0.061120914466291615,-0.1397680697362597
safeguard:train:933,0.1888589572212183,0.02479491514703952,0.07203849577489176,-0.134161770923335,0.32705727630848624,0.08788223811616194,0.06986422918451246,-0.026505703784092036,0.016170401474288113,0.019108255021945363
safeguard:train:934,0.11676360736412575,0.017359806958027347,-0.07558695505449811,0.012548704126885067,-0.03387141722545154,-0.02831882539686652,-0.039570193670052566,0.016321989585327386,-0.04955719462082572,0.11968339898442454
safeguard:train:938,0.14736280910668606,0.12990093932313523,0.039392534283994945,0.04730606623693088,0.01005995248506471,-0.013693227312184338,0.1947418810033067,-0.21015538241882256,0.08884629183974542,-0.03326637858100127
safeguard:train:957,0.18386477573097426,0.32342085660775444,0.26254633451383513,-0.004028506478864949,-0.07272087850746234,-0.06667734741968218,0.0989186494086121,0.21171670338775708,-0.09996452373182073,0.04478162169643801
safeguard:train:963,0.09120170251400267,0.1522680872017998,0.15708861236089552,-0.0027924858332152263,-0.03518739699232695,-0.002390158296519629,0.04016947716977374,0.006361215311536255,-3.4390793316824316e-05,0.019612401626919716
safeguard:train:965,0.21170106862845434,0.21876339734550135,-0.24764190762108768,-0.08943469301337922,-0.03919804146666269,-0.074878510927373,-0.18341201746917024,-0.026109002380941642,0.010744611410222423,0.04894787436492606
safeguard:train:966,0.026233945794768468,-0.02014774824824583,0.003145661818241122,-0.002672931419804419,-0.003874105890943572,-0.0017420317211641135,-0.00024350774708705507,0.0012806270701274341,-0.007405283667642213,-0.001984722042279446
safeguard:train:975,0.1800734183553429,0.11047889293594468,-0.2579298385215676,-0.05188364944456571,-0.04882368183810384,0.1570245883187495,0.02946898407711283,0.07839543811222051,-0.03631333987630258,0.03631062449281001
safeguard:train:976,0.20263911147815883,-0.11778572975647521,0.0001615475101270493,-0.010782592574651563,-0.03306261269786264,-0.04035961097859794,0.011368734618033872,-0.00020772985745907505,0.027218227436484544,-0.016660180465246775
safeguard:train:978,0.16272942983093877,0.1540011422519205,-0.155260972947344,-0.06585827952952901,-0.014534003886479683,-0.033208411008134625,-0.04367312262452306,-0.03861651354783037,0.017765395271723154,0.05016256268827667
safeguard:train:979,0.08974366256710012,0.05775112474207634,-0.14037423645476105,-0.03140377751336411,-0.016545629757265104,0.06724504541957206,0.012546874491205454,0.019343707699188493,-0.011445599687369915,0.09951153662004776
safeguard:train:989,0.13409861215902152,0.09249935746437762,-0.057279601021162085,0.041921414319568084,0.06092699397956971,-0.10904964990781461,-0.16287913234729737,-0.0669546229794671,0.04924080502998005,-0.042128343708689654
safeguard:train:995,0.1394609420603396,-0.05035454894610992,0.028775160817030916,-0.21417491009342648,0.3181472922616364,0.009747456681926316,0.04671430471544524,0.0104870441165232,0.010847714724925722,0.03247330483160908
deepset:test:1,0.05805347465397609,0.0009391689846540425,-0.006330608517212794,0.005399937407806168,-0.003447847818486979,0.002825016203615425,0.08108846374993275,-0.060836280673785624,0.03609351409522133,-0.003350400214468796
deepset:test:100,0.0784095033421252,-0.04380975456910912,0.010897942318199426,0.03003036872456798,0.003316739703724551,0.0006104909272788692,-0.023317756894331517,-0.0046890347151354195,-0.01876551299019552,0.0477029991124096
deepset:test:101,0.024081096606403913,-0.0196842189647683,0.008411624233485206,-0.002818893936116356,-0.0028622638456514437,0.004003923215446221,-0.003606457705751014,0.0022997242319036403,-0.003537617008128366,-0.004198217037321337
deepset:test:102,0.06889517061734628,-0.045350617366387624,-0.001485785327897626,0.0339990928526444,-0.020113184292416073,-0.012043476290075102,-0.018223487775973452,0.005993669861355152,-0.014645752330712511,0.04201352304752243
deepset:test:103,0.002517917499495526,-0.002491980170531886,0.0004266329360853775,-0.0002587300776012516,-0.00045851724238392877,-0.0007012532086251523,-9.632349936646291e-05,0.002370857547307919,0.002385037256917318,0.00026096073427905246
deepset:test:104,0.03203348652819347,-0.017651473751946103,0.003063677280366841,-0.006710050017889204,-0.0015576226142427689,0.003585322476453892,0.00020376674047252913,-0.007917389386335802,-0.0036800306758933044,-0.013607174773367347
deepset:test:105,0.07971463514711763,-0.006679889923601262,0.052929617833523804,0.0017549836918378883,-0.032615291781297726,0.013217545093743349,0.01310436095549476,0.0010953538322635923,0.010697883363558465,0.005326602924432979
deepset:test:106,0.0193946274107108,-0.002850093764599259,0.0007872581691848036,0.002931225575911225,-0.004051808904041606,0.007615892003434489,-0.003676828220247629,0.0053877267010125855,-0.0012269983249924602,-0.008334797673727573
deepset:test:107,0.20690600094786032,-0.1092009286000982,-0.013186068699911988,0.007681138441924653,-0.016297925763795906,-0.010700915471947037,-0.008763272662260797,0.004882126645050889,-0.014763285526547418,0.01481238260074532
deepset:test:108,0.003190369434224772,-0.0022497190382988128,0.0007755169954662816,-0.0015035849070609033,0.0009542897968396307,-0.0001257338762349688,0.001427219772759013,-0.0009870574527515686,-0.0014043112171279232,-0.002269241392478009
deepset:test:109,0.07405408575925135,-0.048115623917049787,0.006243732120697886,0.006705065673483717,-0.006762321577819524,-0.010261665947937799,-0.006185894887767729,-0.006939751742611223,-0.01017667245772696,-0.010598030866752357
deepset:test:111,0.060760606491429794,-0.038119688632844866,0.01689495738477859,-0.013107098060937737,-0.0036531082279505967,0.022738166247364397,-0.013916389657958269,0.004263544796437773,-0.010440419468376264,-0.012448600361836962
deepset:test:112,0.056351484731760736,-0.03786777197819993,-0.0007314622021676381,0.02637536034616196,-0.016122792035000336,-0.010119574488420758,-0.014302329303339923,0.006911326515063237,-0.008937121436469056,0.03335620961042985
deepset:test:113,0.00558453568145248,-0.0015592952525544448,-0.003622915321899885,-0.0015529432204189173,-0.0011814639145867492,0.00045457432777366727,-0.0016466697705006565,0.006490837737478689,0.0039345221143672945,0.0003332982084664612
deepset:test:114,0.11087148996540142,-0.06440770888152945,0.0022045661087014357,0.00609834570961252,-0.01754474519279468,-0.011323415112675915,0.005648657770773657,-0.019703832832938067,-0.01083652340007582,-0.016447082522910317
deepset:test:115,0.0640560231560045,-0.009756105402915856,0.039425451008983904,0.0014867176500995547,-0.025754760846363297,0.008580156406191173,0.010029090680643712,0.0009800775274866167,0.007068121293811174,0.0015387552769023892
deepset:test:12,0.15670617535987605,-0.04916832843964018,0.03442997876471006,0.0398280605133803,-0.013640419567387131,0.008181326832736958,-0.0178760365579745,-0.009224000016774293,-0.027789168752408312,0.02221520809886068
deepset:test:15,0.11879571929075641,0.005797921348517331,0.0932597215350524,-0.007865846012655947,-0.015679779661198035,0.11845645665074694,-0.07025580898554212,-0.005561419042520295,0.009616950283537628,-0.025511709301348832
deepset:test:16,0.10194771718335435,-0.005981553417840516,0.05374783525855632,0.031242614940925693,-0.00027954357830115473,0.006509308221106099,-0.01650756398572711,-0.016346206816234093,-0.017155166888367733,0.0012400921148290618
deepset:test:20,0.0728987546429657,-0.047221599247192825,0.006300059742371664,0.006070913340391726,-0.0068955839422816904,-0.009505206393715049,-0.006282526469993984,-0.006933513968932509,-0.010110570505349357,-0.010381416472526845
deepset:test:29,0.06664760403863705,-0.04262955341708329,0.024598856405944,-0.014015451661954054,0.0023136220085899785,0.00862817125218636,-0.007699217424513847,-0.002845191747559837,0.00031758708176279774,-0.01474853989674049
deepset:test:3,0.0394080564657685,-0.017223692316529853,0.01993457820096979,-0.014295906564377322,0.008119397548909045,0.012884718274243895,-0.009490478681593117,-0.009288212638419767,-0.0003126070469659706,-0.011231532215787297
deepset:test:37,0.0099983436630885,-0.008724087976136304,0.0008912655732636004,0.00047454294787006445,-0.0030146697155003046,-0.002567265052251475,0.00022957650711372628,0.0006443323725156551,-0.0028613842429844887,-0.0047555471384868936
deepset:test:38,0.0032849361447827618,-0.0023136796047314463,0.0007974444099971945,-0.0015460989938132043,0.0009830302942887847,-0.0001271664130740754,0.0014692615752149934,-0.001028987811396717,-0.0014532108081066085,-0.0023250549111022284
deepset:test:40,0.002667995820380953,-0.0024285712879647797,0.0004968165728172906,-0.00016199397054170246,-0.0008416611483071915,-0.00022610846915511475,-0.0003170742506286381,8.759327750781476e-05,-0.0030280297792569587,-0.002764853961498301
deepset:test:49,0.007912696572491665,-0.006938521066671295,0.0023376798845147735,-0.007087880422424442,0.008463099226226721,-0.00015176032333005484,0.0016990649515065386,0.004214795577574836,0.003750172014136858,-0.0006057365468125983
deepset:test:52,0.0007899164362735002,-0.0008022514971203754,0.000311169394099272,-5.855820341924268e-05,-0.0003842230372834714,0.0001681022795028072,-0.0004651670787878213,0.0006635514316705269,-0.001192596277496595,-0.0016879814215919656
deepset:test:53,0.000513520792183988,-0.0005739639476395011,-1.4899747512824732e-05,-0.0002556637613315688,-6.898271677191656e-05,-4.350008347669571e-05,-3.330028346815928e-05,0.0004333627037395375,-0.0009128472832675155,-0.0009428035855238474
deepset:test:57,0.009482682217635057,-0.008301363566965786,0.000874662644604723,0.0005507120635892148,-0.002878263280253519,-0.0025352944078040956,0.0006654949768181502,-0.00016104097456794288,-0.0017803071547785117,-0.004281771125834963
deepset:test:66,0.012780430843437031,-0.011408083481845433,0.0018020565282949126,-0.0006055661151243627,-0.0029417312857868043,-0.0028120940041088246,0.0009360471547465023,0.002748557843360558,0.0029091315237240673,-0.004544659734185868
deepset:test:79,0.07916214535363596,-0.05144365096948145,-0.0014255059936188583,0.04059675007324576,-0.022291487495299016,-0.011915920247827921,-0.02126600537734971,0.00682389426416731,-0.017877384708611627,0.05137075286109208
deepset:test:80,0.00029396928211896875,-0.00030351929944924305,1.1646193427003205e-05,-3.475230212436404e-06,-0.00013592380814833436,-5.3704414410945785e-05,-9.273785117841633e-05,0.00029362056251686905,-7.89515754493443e-05,-0.00019861001755176356
deepset:test:81,0.043041881598594615,0.025553987929557043,0.018361668332172298,0.025947596258547312,0.022776124593123122,0.03352275101404189,-0.034878370439979094,-0.002580986165254948,-0.003211418872470968,-0.009397363266572244
deepset:test:83,0.008184315596150632,0.004010826714033748,-0.01333179474824299,-0.002738721152907558,-0.003924837111055844,0.003650481470559327,-0.005145516693430987,0.008181881417031444,-0.002976692753306338,-0.0016211079276001827
deepset:test:84,0.007756199564340314,-0.0024271509755762993,-0.006335002561625578,-0.000826280598284534,-0.004306204256733335,0.0013625390320655467,0.0007282861523465843,0.0028436357702202727,-0.003048695159927681,0.0004884221553065188
deepset:test:85,0.13671606254448124,-0.057558011583605094,0.0344125551060027,0.04350176023536171,-0.03495762804172525,-0.021434448940777028,-0.027731014649213574,-0.01615478431790987,-0.028829744908675344,0.037095585618502194
deepset:test:86,0.13136522618184485,-0.06819476720930628,0.0006999707460553167,0.029303922520938615,-0.008455493822967536,-0.0031404598995806565,-0.02080464186917996,-0.017078512922607904,-0.034467888384138626,-0.014068758383017702
deepset:test:87,0.013341187634086746,-0.0034017256251218744,0.009364614136062637,0.0012479872379645486,-0.004015853192774383,0.005482578343570361,-0.00407442091938905,-0.002924474767260748,0.000985422008335462,-0.002726058776832049
deepset:test:89,0.0003257354085191523,-0.0003890790843722511,5.5843227316455034e-05,-4.645577257708362e-05,-0.00024114803762699592,-0.00021161495509080196,6.424074010531237e-05,5.380961354813796e-05,5.9639264389037725e-05,-0.0002430900858805483
deepset:test:90,0.09810506187288649,-0.007252833120318651,0.06504553955038492,0.002170198063981079,-0.0397292044974451,0.01522639333902176,0.01724125563174697,0.0016396342133591956,0.014209716808404018,0.005922222001344929
deepset:test:91,0.008712766241988114,-0.0033615900205844623,-0.004393592505805946,-0.0009156111901205962,-0.0030744751151372063,-0.00010066064818089873,-0.0015079408648298177,0.0033655965672436485,-0.00204345294587813,-0.0028283324785488145
deepset:test:94,0.1387957065564926,-0.04737444733145743,0.019128530839138007,0.04870507392663673,0.0017630409821846264,0.010847337587957745,-0.011479839442476483,-0.018174798291574083,-0.03176206573934624,-0.0012060861616079287
deepset:test:95,0.026999242987847723,-0.021788224889411418,0.01006023878720911,-0.0033808983845111484,-0.002771330122947231,0.0051143000692974675,-0.00399810816981619,0.0030251244606781416,-0.003124267341326136,-0.004130570394857452
deepset:test:96,0.1170276203813071,-0.05415265581839288,0.009396012666873645,0.02249541817374264,-0.002250634075214341,-0.025045600297405154,-0.01079632620588114,-0.01901662191245197,-0.017477930809833606,-0.012216501720296317
deepset:test:97,0.022259058527396444,0.0057851231411844275,-0.0004619999352971683,0.004926897951219027,-0.0029833451011479456,0.01639656985086048,-0.007846070255241153,0.00950684212296747,-0.0006125404640851565,-0.010051719996179995
deepset:test:98,0.12796188434054595,0.015200195961135775,0.05279392181041615,0.0122368745102104,-0.021593489113377988,0.04490196525784564,-0.004638137265271276,-0.018172631191114442,0.013258504147325764,0.0004643258473350653
deepset:test:99,0.0007230601268618042,-0.0008390736222638768,6.437890716723319e-05,-1.5604132110555753e-05,-0.00042915013628346395,-0.00026378200918844704,0.00014394842419170598,-0.000541040237829787,-0.0008827854896654338,-0.001247076209081263
deepset:train:10,0.09266357043209743,-0.019615849493494673,0.009339142118753046,-0.023150054077252496,0.04957755878763009,0.028540285469234865,-0.026822644438261108,0.010974362258257566,-0.0048540586041068015,-0.01811587409417292
deepset:train:103,0.11490525185673593,-0.030271755010522147,0.008221728235797256,-0.02482133814515919,0.046406398206202217,-0.0005923999922018741,-0.020936293839690236,0.008358621966517427,-0.010130651746703283,-0.004846077155660481
deepset:train:109,0.0443086788938413,-0.02330610702216174,0.007021611818681767,-0.012675145721474948,0.0049467180787899885,0.001940886342776712,0.008342284666012716,-0.006872505067588034,0.0023491061870947933,-0.008832997723693429
deepset:train:114,0.020045297860260106,-0.0153412972443645,0.004686454287562829,-0.0014486744716466918,-0.008166725334908599,-0.004221750389716045,0.0009697456823322608,0.012580895971039277,0.023312337562859223,-0.00247601740838835
deepset:train:116,0.049999746812237844,-0.03330195468252918,0.023289219199631506,-0.014472379609980988,0.008375159709828816,0.015847129922103544,-0.0077763488874136675,0.0016768361879303149,-0.0016870197565811095,-0.005002819645026356
deepset:train:124,0.06086024492269476,-0.03279229679668007,0.024429016892615386,-0.03361674843815036,0.02697652329248798,0.02780924819404701,-0.005513517241780709,-0.005721218168271431,-0.011905337023092006,-0.013498548462068606
deepset:train:130,0.17137641426030265,-0.05335369164242176,0.04914092424140108,-0.033066644921661434,0.006077628375619182,0.014153448201381051,-0.015269013122441307,-0.013698716521435308,-0.018293190782900284,-0.039671235049749655
deepset:train:135,0.14833180339714383,-0.09072259248919307,0.018663741203605345,0.005242636532272368,-0.004328753721191795,0.0018207296448367043,-0.016275970784268626,-0.013157878812020919,-0.02270578355979278,-0.024055793282969862
deepset:train:137,0.04988434709551721,-0.02288381667683283,0.002722587463270722,-0.014512062684792833,0.0030744727039432964,0.011913013780320716,0.011961117157074801,-0.00607478898213108,0.00477428758258577,-0.010294889163947656
deepset:train:143,0.08687950882278485,-0.00238355713811322,0.03301375576849751,-0.008496722390338786,-0.0050109411189311935,0.039494801981227755,-0.005514893375453019,-0.010875274129131052,-0.015058570596081011,-0.019190742840234868
deepset:train:152,0.06373041987739259,-0.04268088994364591,0.011984300536637238,-0.025404054602134206,0.020256184193851837,0.005938949516337393,-0.000553363127073548,-0.0032785769984888737,-0.010379632108477279,-0.0009517398686207125
deepset:train:154,0.1032530238554789,-0.04476176156809625,0.04968750622826659,-0.020232570162686585,-0.003672214104504415,0.03854488010172211,-0.022613954726725397,-0.004106301049398745,-0.01526732044873417,-0.01817846726156929
deepset:train:168,0.040972830497940024,-0.02060747648227148,0.007455644424105261,-0.009948037977412894,0.00247694981636839,0.013392270575178276,-0.00834536583599082,-0.004593302950808952,-0.009018602269807663,0.005340818643258957
deepset:train:171,0.030259853952497365,-0.029622404061429974,0.0028646077029581742,-0.0038088546987002296,-0.0001667984065368829,-0.019013753467341868,0.00894513724622516,0.04014450237660475,0.07564835792628224,0.01896028089453714
deepset:train:173,0.1265588000938053,-0.06594891203459348,0.01510433499987278,-0.003975835731086735,0.00963723988219251,0.016890378503753092,-0.004916544556072961,-0.001938735463361653,-0.013961037903064293,-0.014776221902576492
deepset:train:184,0.003635662902260045,-0.0027500079431436804,0.0015273623218185288,-0.006003328525546228,0.008787827429801233,0.0009459827630922038,0.0013372808699537708,0.0006530457035271124,-0.0008954167380641202,-0.0001204586405493888
deepset:train:190,0.0005729530388515161,-0.0006172406514501577,5.764101342793263e-05,0.0002602306865353898,-0.0002472708399411861,-0.0002484452468344649,-9.59580717736338e-05,-6.80167500396106e-05,-0.0006551643692317824,-0.0005206594219793809
deepset:train:212,0.014617613375246575,-0.0128507541912529,0.001185222057053794,0.0008788435391728971,-0.005028903850770836,-0.003985434246912471,0.0020600871532107223,-0.0006675051118111418,-0.0036360811181038706,-0.006043844431038496
deepset:train:218,0.0049671696263049086,-0.004724830317495503,0.000255287296704529,0.0010870716271778645,-0.0016532253562967076,-0.0015131260226949352,-0.00015937658833481273,0.0007071254254768061,-0.0024297424587123137,-0.0011785744060229591
deepset:train:223,0.002161588376602015,0.002314187101642175,-0.005019301510265304,-0.0010814563375184153,-0.0008486541391997261,0.0018049578530181679,-0.0022439842938450426,0.00340286953378384,-0.0014452717317373705,-0.0005173614073480019
deepset:train:236,0.0020686410369526427,-0.0019212508723765397,0.0005207677329256869,-0.0013971980590346041,0.0022295679626637903,-0.0001930666024082292,4.920131610935323e-05,0.0001562054986406818,-0.0021382806654931703,-0.0009128586147423291
deepset:train:249,0.0008994325944262719,-0.0009409369659023458,9.218687506966648e-05,1.430141821059813e-05,-0.0003418104620816976,-0.0002926961265848054,-0.0002809116249311154,0.0012911495962689527,0.00043700678852420273,-0.0004599307567161353
deepset:train:250,0.004879130522765022,-0.0038938919182128235,0.0019235114791063606,-0.007162501683560948,0.010192778976320909,0.0010039988616728887,0.001261704406441098,0.0008012385802874588,-0.0016773354098627929,-0.0008080354695810953
deepset:train:254,0.0005636423918248961,-0.00045048081600443753,0.00036063211344582944,-0.00014778353517658782,-0.00017276694280232021,-5.02115185006978e-06,0.00010161316485548802,0.00027572457353973576,-0.0007003091706397367,-0.000813035025503275
deepset:train:258,0.0060067421773432154,-0.00521884083339833,0.0007054240487745264,0.0002566114609130436,-0.0012301965672648991,-0.0016724321003933457,0.00019691898881085137,0.0011849616121562235,-0.0014383401072539327,-0.0028937083586917786
deepset:train:260,0.005483253763744303,-0.003968966745714439,0.0025269990977576963,-0.007334700998293601,0.009893203561398141,0.0018105610549321665,0.001359747082829072,0.0001972076563343704,-0.0015122731585327424,-0.0006649434886172508
deepset:train:266,0.008193592378378073,-0.0058599924849179145,0.00043988604711296,0.002391764114910403,1.7642247349532066e-05,-0.0033648618248753957,0.00040491692962132123,0.0009108670535558001,0.0010527686501538294,-0.001194555032252004
deepset:train:267,0.0005334805993437631,-0.0005232874036089233,-7.931444942261358e-05,4.789780751704185e-05,-0.00033730067743105023,-0.00018961810141803124,-0.00028469764679825085,0.0004659047455542707,-0.0010863528644694915,-0.0007914339918676409
deepset:train:269,0.005054134715241702,0.00906899294746434,-0.01600673374823968,-0.003851407308772822,-0.0026839920978246807,0.005282287336891764,-0.0059332729517719745,0.010116934970932284,-0.0024608397955357747,3.0381994881277627e-05
deepset:train:283,0.0008701589606769589,-0.0008543507519283524,5.161393075357322e-05,5.594008191649562e-05,-5.7183067944302356e-05,-0.00033813050604956886,-0.00032792016892789006,0.0005556997384841742,-0.001465510229950128,-0.001002534484548513
deepset:train:296,0.014873658481001263,-0.013179171885360344,0.002128376716871375,-0.0007741801418319216,-0.003157020919492782,-0.0031400593212916913,0.0010297225035910769,0.002970931783526158,0.004021649875052812,-0.0046933443634933234
deepset:train:305,0.0034811514216464066,-0.0033666059045561795,0.0007625891257177072,-0.0006903451798983501,-0.00025498432547433865,-0.0008324355849319816,0.00011252860508528841,0.0031212567732765767,0.00389296802875201,-0.000558444543721433
deepset:train:315,0.013716429599647063,-0.009816019931537854,0.0006806283417434257,0.00017986295405484934,-0.0028819854216421744,-0.00242617108514884,0.001041671240623507,-0.0026784169782873065,-0.0029943492072268883,-0.005967067359062725
deepset:train:323,0.00041781323766257024,-0.00047293218760998226,0.00010834037784635353,-0.00023920148375115082,0.00027853524448060476,-4.606089495724791e-05,-8.36515118561276e-05,0.00028008332577701293,-0.0006231208116710419,-0.0005440141169831157
deepset:train:324,0.010226313781481262,-0.00900945872569432,0.0011025628546728577,-0.0004397781796195881,-0.0025210915171576427,-0.002553462453186002,0.000874759048936537,0.0024832782265772424,0.0016210248780376892,-0.0033020430605678382
deepset:train:334,0.0372152221900817,-0.024191089560806584,0.011756455248010647,-0.01153266709698657,0.004766126635222502,0.013615756755258225,-0.005951982922044495,0.0002559203512930974,-0.0028735066637085005,-0.009069186928195352
deepset:train:338,0.004804355690578247,-0.004360871467572612,0.0004823545209237964,0.00022962456691845697,-0.0016419689763522737,-0.0013889333570425244,9.943419425789567e-05,0.0007609785763788683,-0.0019233481639294604,-0.0032044894651097246
deepset:train:351,0.011997140735745001,-0.008194387582328348,0.003218683317758216,-0.006151918209820927,0.004552411230352989,-0.0002619470702717996,0.0026930822301633266,-0.002343106480185279,-0.005383709888439119,-0.006751797459528619
deepset:train:358,0.008803721476894184,-0.0077288215744858845,0.0007329547658235942,0.0008243811810150497,-0.0030713478708887317,-0.0024379144952053847,0.0014316098611104303,-0.0007730805654205772,-0.0029870765032900463,-0.004023161262297908
deepset:train:360,0.013571901102938043,-0.011591813313020734,0.0011173484415852042,0.0005291177495609084,-0.004000654147888933,-0.0033472130593975463,0.0009112158314886973,3.5165766047937994e-05,-0.0018744816798626092,-0.004895158990343722
deepset:train:363,0.08083251707704876,-0.053925620636424386,-0.003287229707976795,0.04161423098697273,-0.021190773702157596,-0.014170328821217956,-0.020263298320592697,0.007861006450516671,-0.018658395148359232,0.05286331968599756
deepset:train:365,0.0004314929639848713,-0.0003770743154910368,0.00031053961350752747,-3.853195377381996e-05,-0.0004546360481599069,-0.0003007545366664275,0.0001316570190561535,0.00016065267628409123,0.0002777115005443815,-0.00012950432039473704
deepset:train:366,0.10375402424256289,-0.03297983443680077,-0.030856071603199378,-0.026379669828231086,-0.01688231090293074,0.04627565596571215,0.019389063992027875,0.0033951160401386915,-0.021805574013764248,-0.02677546018564427
deepset:train:367,0.10198180649865478,-0.06524655133411508,0.015994011379610373,0.023896579107389574,-0.017084194572152604,0.008084779985159678,-0.024615634575072265,-0.0005335515183137733,-0.00673691270617928,0.012769996375220732
deepset:train:368,0.028547241783399208,-0.012298625688360891,-0.008264278323408838,-0.0037688268398383662,-0.003630875120101583,-0.0028843821585663484,-0.00572121607087394,-0.002004282415423017,-0.0020625463824702666,0.05487040591102935
deepset:train:369,0.00036896171566069,-0.0003616164061385973,0.00013450679057869946,-8.939459707752435e-05,-0.00020097686563793233,8.197686693259571e-05,-6.31322278203405e-05,0.00028028837392145257,-0.0003148237529455867,-0.0007159535457511808
deepset:train:374,0.0003425495219770805,-0.0003516492313607404,6.49569396526582e-05,-2.0402094267740548e-05,-0.0001871854926397651,-4.3393300885898204e-05,4.7312272551956654e-05,0.0002709043572193907,-0.0004048493294173357,-0.0006793125821300903
deepset:train:375,0.2981040138258366,-0.13362431561771307,0.006770920768535497,-0.04177649548570889,-0.022655695625101897,0.024324816134002912,0.00966898675392458,-0.027803589280995602,-0.035961798665963225,-0.05842084510693369
deepset:train:378,0.1304400898070306,-0.0728048869420256,0.0044471774140425815,0.007173852465381749,-0.007680072815470031,-0.0032567473565298342,-0.012495712630420677,-0.01870756006906022,-0.03975805818321631,-0.014026929549609527
deepset:train:381,0.15791606147437998,-0.008002318153282529,0.07881795841615856,0.03735865116273721,-0.023764741978124525,0.05072734957828546,-0.04643170317266437,0.0012203393348244988,-0.0083067698133394,0.035563749209785875
deepset:train:382,0.007700432585145472,0.003747961053529972,-0.012541241907062229,-0.0027736455740143863,-0.0038015661994369497,0.0033908904034880296,-0.004796345223944146,0.007823286270182974,-0.0028655749167451694,-0.001718821034810005
deepset:train:384,0.12158743013967174,-0.052437650814777255,-0.001334941690337184,0.024192870463467388,-0.006647334565502989,0.010024390231292011,-0.0019503767282551111,-0.01797269363986321,-0.022582753376964103,-0.01859940807089216
deepset:train:385,0.08852840356526602,0.051244700205993025,0.10937147807939776,0.0020932986509785844,-0.03434527621351697,0.1236565547953415,-0.06439512153411041,0.014390617722285125,0.02474054789670689,-0.013301606265412378
deepset:train:386,0.07506496475526026,-0.04837898500294734,0.022612592426668673,-0.04199431293645242,0.033355479268643705,0.026687494913950366,-0.004220312005652914,0.0017468994471600211,-0.007104320753125143,-0.016122060799096522
deepset:train:389,0.0009003844228400648,-0.0005215906899107742,0.0010121891877148772,-7.368619852646038e-05,-0.00036862377190879724,0.0008155443715469959,-0.0006322835181862551,-0.00012462385337055697,-0.0007380598371720533,-2.1037270144902293e-05
deepset:train:391,0.1431389131094733,-0.044548870807603926,0.05257771742262981,0.010812288230947764,-0.04447314269610228,0.012206995241797079,0.015110043415119378,-0.01046267254226742,-0.010187696996477863,0.007063249099812896
deepset:train:392,0.08559431097737472,0.05130941350340444,0.08552285149029892,0.005662614278595369,-0.02454819009071373,0.06741344327896019,-0.0294420579558607,0.00402845853543949,0.02124730482851219,-0.024826636717073754
deepset:train:393,0.004530973137311319,0.0023872638674303764,-0.007487702201582698,-0.002087500118423593,-0.0016613894345204913,0.0022924247991761818,-0.0027510924638882535,0.006429450914330276,0.0006340707579566603,-0.0004290212698545519
deepset:train:394,0.10602135148330588,-0.034114264376598764,0.027976593077828647,0.01132679681693673,0.011655282355730785,0.026211923846904937,-0.03167747747540504,-0.011125511857867492,-0.009258701158793367,-0.004809368887445177
deepset:train:395,0.12437445477598524,-0.07582652312635216,0.022418268809712892,-0.04692442384314228,0.026112076704955536,0.04168486587010496,0.001910528920522443,-0.0006728122491864543,-0.02129133901843569,-0.04145968066318842
deepset:train:398,0.015278671142919517,-0.013100673395412023,0.0011477266220937272,0.0022083296364510726,-0.0029002265794224364,-0.004767073510811161,0.00038377800623474377,0.0020160504716171517,-0.0009653184873297435,-0.004159845323865602
deepset:train:4,0.10093212009882432,0.07075007469364696,0.07975441110720634,0.0007228004344083772,0.0042614130149371855,0.01788721496807147,0.0239590929826177,0.009103465976154215,-0.012838931495981263,-0.012188627973605459
deepset:train:400,0.12452073925006897,0.0027134903511841606,0.03655761497716484,0.011955390881374156,0.005517264586350668,0.09825781773369804,-0.036162151607190454,0.00951984724711686,-0.018830908964543862,-0.025753189937988672
deepset:train:401,0.22374347217443938,-0.055913230222500505,0.012226081322921332,0.07076019128778306,0.023635496175126138,0.07413744423301313,-0.05612604479279721,-0.023281373424914775,-0.04663258965382105,-0.0009243866222645549
deepset:train:402,0.12382893135777398,-0.017907521100338917,-0.0071663595971012285,-8.418615601391213e-05,-0.039516691704497724,0.022034143799895645,0.007805465855099486,-0.0058848102915389664,-0.01801956402991199,0.026342812528548747
deepset:train:403,0.13162948314183584,-0.00362800896675785,0.05948150928527316,-0.0004705930318299594,0.0024924643239996698,0.023655035029332288,-0.0018658974957557293,-0.009404855481910012,0.01080164837849807,-0.022419239216344953
deepset:train:406,0.00010463889687314338,-0.00015769777039623833,2.302930489604919e-05,1.0565087031966934e-06,-0.00010616920711811853,-8.183529985199959e-05,1.3250350880152052e-05,3.782454329428777e-05,-8.737680734522911e-05,-0.00028707937496300935
deepset:train:409,0.11229645369006104,-0.06040045365131663,0.004040392252784059,0.013542647441146034,-0.0179821531064461,0.005681400001555204,-0.012891583830934077,-0.007868351920522553,-0.03305119482862195,-0.01603918244881526
deepset:train:411,0.0771413447502792,-0.011358205666588296,-0.004290487697194865,-0.00762965948697769,0.008729222892904877,0.015342201021939072,-0.023229888863345968,-0.023437256182354805,-0.0043505471937557525,-0.02047101824384735
deepset:train:415,0.38052734825632006,-0.24978010397943698,0.006772002142672112,0.011675080492226106,-0.09445023876572138,-0.12969297580794287,0.04145419574086673,0.25759871555597685,0.42259726301385514,0.04919392342913427
deepset:train:419,0.16991401976364315,-0.07146668656201631,-0.0054669336097895906,0.061939132110518234,-0.012765333057829509,-0.024552463428663993,0.00912892295546405,-0.03648746673303449,-0.01612770557799154,0.019802856677959033
deepset:train:421,0.029069176006632613,-0.014561535899152692,0.0086529755579593,-0.02211277521384282,0.02092386977321504,0.015241101896519036,-0.0010699317077828424,-0.0022704227950663025,-0.006151342107401349,-0.008428791782869588
deepset:train:427,0.0067014079072897645,0.00782953218443976,0.015790691121689817,-0.0011979191735272318,-0.0027034419037189976,0.00970412151041858,-0.004879670701840206,0.0021150577615624893,0.000721511701196425,0.0020900106439677045
deepset:train:435,0.0673569892589816,0.051495923578434105,-0.01802094166344922,0.09387151525723113,0.052306446169173834,0.048690745290423054,0.11347738310332052,-0.06023482093685568,0.035320477845487246,0.006086155858203883
deepset:train:438,0.00027808532458478474,-0.0003326114643767778,0.00011865563666524427,-0.00018358824238582516,-8.470848899028e-05,0.00028330336150048227,-0.0001405833995253179,-0.00011153262061144138,-0.0005642300992534627,-0.0008030034325709981
deepset:train:443,0.004200322557729996,-0.003655454052061308,0.0010474918303315112,-0.003137602686966194,0.0047443136126988006,-0.0005420886298329125,0.00045212543924603993,0.0026171337032553327,0.002096161700184923,-1.9833131382338322e-05
deepset:train:445,0.10485038990662558,-0.05826511622839848,0.030058026546011255,-0.007018855079536873,0.014749524470846518,0.03721249935760568,-0.023385811509130962,0.0013244105081451415,-0.01488729213382579,-0.023415422348293278
deepset:train:448,0.12004878261355523,0.009074559785972373,0.1206819713652716,-0.03487185874785878,-0.020053020601348143,0.12625514830756285,-0.07419937356880628,-0.023195410946167255,0.012540311206728078,-0.017718263110530385
deepset:train:453,8.373308441909227e-05,-0.00013894618864420573,2.2917572567330802e-05,5.113998091581518e-06,-9.975454540933467e-05,-9.412815745606617e-05,1.4606881024716688e-05,4.8690226818542426e-05,-7.601299372468335e-05,-0.0002868044776286006
deepset:train:456,0.03363406008325982,-0.027792914578244607,0.00997330824480993,-0.031088912889505153,0.03726981325896683,0.0004102979517136042,0.007775841922221669,0.00565909688066518,0.001352003578803079,-0.006048325303438162
deepset:train:459,0.0394409228131274,-0.03036933166686614,0.0077083006636149785,0.0006574559996627141,-0.011839099057727863,-0.0020679628140189174,-0.004571284355191936,0.007242105922907463,0.013468005976896093,-0.0072101505763947455
deepset:train:461,0.07231783285925947,-0.03893496195753801,0.01777956727701062,-0.023545331546617133,0.0033959020276726694,0.031848698063818154,-0.010885127144784883,-0.010826664073368858,-0.015127307464964934,-0.025930873031819086
deepset:train:464,0.051273688757951685,-0.033960509862987626,0.0019518440764592214,0.02789540056578196,-0.012960020583458512,-0.0077771556322590515,-0.014133218239564406,-0.0025001167162656784,-0.02377298959091579,0.03380382473767498
deepset:train:465,0.10292625017474584,-0.04363100772340344,0.0033074447331918133,0.08543114604149776,0.03681955900468913,0.0014581286538354842,-0.04361388803100799,-0.004179971438787803,-0.023503903564892143,0.026968517268192032
deepset:train:467,0.12459408642356684,0.0171730326997553,0.0827060038385343,0.029436555033541197,-0.03460856444303255,0.05105471463482315,-0.03379843738277277,-0.003808515278208789,-0.004697377713669059,0.0008329375871808069
deepset:train:468,0.14235724064533098,-0.06077482421627375,-0.031967174043805814,-0.033708312474226794,-0.008392266914907591,0.01822328189428363,0.01935726462666128,-0.0024455078597470144,-0.0209572547035408,-0.004852835734867325
deepset:train:469,0.06287783458756911,-0.030975810313933587,-0.0015682367258137277,0.06478838254169407,0.02160947877153935,-0.012096812596001788,-0.0241482258230621,-0.00023309292855014206,-0.013063982682333703,0.011877579706989815
deepset:train:470,0.057600723409015855,-0.03674712752551253,0.014130076198560666,-0.018526327216197208,0.0031872413664353278,0.013758418559121887,-0.0024143201903258577,0.0008015434026738422,-0.00211736666658934,-0.016692310817835707
deepset:train:471,0.09466964825366489,0.11658519708154,0.19951908055241352,-0.0011075525963243598,-0.04921790120432498,0.07965032079131208,0.005076811435434616,0.012280143222463716,0.015294012083565699,0.041511001134054995
deepset:train:473,0.09796038944920088,-0.03732335142377806,0.04941513017111443,-0.01376811552176806,-0.02139439177023064,0.033600939288402354,-0.016203863795117568,-0.0035291363485027223,0.013195269700009728,-0.020435495536427296
deepset:train:486,0.00044258323995034917,-0.00041679810648657717,0.00024300640587750807,-0.0002598249154673028,-0.00013389081723866444,0.00041652593136687105,-7.504037713320107e-05,-0.00014700648266272165,-0.0006491594780412205,-0.000848653039883211
deepset:train:487,0.09862602539984255,-0.058477066497724196,0.016876823386568544,-0.010740725528670336,-0.010681093114545502,0.0015873584040279186,-0.0003655864086973074,-0.018396280200732775,-0.012031206576596854,-0.013950484113801162
deepset:train:491,0.04599417682766533,0.025545148402002647,0.05426559501939837,-0.019255166360548606,0.012651498386616318,0.021817679547508136,0.025246212531631108,0.0007006081405151399,0.00551633187024072,0.015470346891963964
deepset:train:492,0.03861726600715824,-0.02661061804684938,0.002044936436110019,0.01876950757390777,-0.00925797003688975,-0.006172317751025534,-0.009647084298935104,0.0009862151850464171,-0.012777788178824558,0.023912667985180987
deepset:train:493,0.005788141968279782,-0.005023370298047506,0.0007343790579909662,8.559292890961762e-05,-0.001678842578188814,-0.001457674594167158,8.273930784743786e-05,0.0009280320845925902,-0.0011952179442732492,-0.003053054848870828
deepset:train:495,0.09009428956050353,-0.05202747252333639,0.019310489319783377,0.006572961097042672,0.0024321266359812388,0.0044408827669616836,-0.006520978458928854,-0.0061750901713452,0.001173660168197388,-0.01745231421391378
deepset:train:498,0.1257269769996435,-0.052269244422389914,0.038465110454567124,0.0014699330271778744,0.0078953954031924,0.039683478603758954,-0.036214638918854215,-0.008532629295452369,-0.013323023917586566,-0.010217968509422658
deepset:train:499,0.06800673195065249,-0.02916471711123837,0.0022349565373786535,0.0573580034630948,0.024669641527853496,0.0009160113892187824,-0.029848904147548,-0.0028375133278619653,-0.016400424558744936,0.018469266843125522
deepset:train:500,0.11654817418131919,-0.01697651223521642,-0.0067104593818979735,-0.00010211499799961848,-0.03730205525408681,0.02090227822913166,0.007305621578377896,-0.005613636518269774,-0.01714447967720245,0.02493048023917646
deepset:train:501,0.027602713637562705,-0.018121087970757753,0.008657284464273333,-0.008251449711625676,0.0033447470063588383,0.01005185384263866,-0.004190671692376763,1.2639143606540944e-05,-0.0024978289583136803,-0.007021122689158488
deepset:train:502,0.0725923499177733,-0.04532858146636117,0.01293359758047628,-0.026106102734344744,0.014904096661790493,0.010648404650920344,-0.0020595458883735846,-0.008010206182340173,-0.013911934513738405,-0.010020205605498607
deepset:train:503,0.008264296556287779,-0.0073230679175494825,0.0006605237783526507,0.0008761673295902116,-0.002991528393214187,-0.002293595814679596,0.001331661994656537,-0.0007706706595991864,-0.003099244913394195,-0.003788755598222397
deepset:train:504,0.006502163635716674,-0.005576541921882028,0.0005914744008296649,0.00013998710426286524,-0.0019151556382887883,-0.0016230532207687335,0.0005414202262144227,4.312409052515021e-07,-0.0005592244636245074,-0.002605849596105647
deepset:train:505,0.03067283605695086,-0.019993622524665855,0.002872390207846394,-0.00046087603536665696,-0.00831336029278652,-0.0058996858304669626,-0.0009571340843656246,0.0017942525070619175,0.008095155930170362,0.0010311435625323343
deepset:train:508,0.05253282186723031,-0.025813408464790057,0.00843710605738406,-0.027177281900177427,0.017760665196142635,0.028555090183681235,0.0009718137823755817,-0.00045900854492744226,-0.012505656161472024,-0.021248813007100884
deepset:train:509,0.030364278743639422,-0.00848350678802486,0.02091236763493441,-0.009811254024711787,0.00020563322842264992,0.016254493385726834,-0.006121687578589866,0.0021086312606687233,-0.0009523497420383464,-0.005096883732834712
deepset:train:510,0.0033297669601837624,-0.0032225323590786277,0.0007307636410597146,-0.0006636899406424233,-0.0002431601631288151,-0.000798269264161842,0.00010936559273276025,0.0029964040852890473,0.0037269582642265654,-0.0005496005262941864
deepset:train:511,0.010339547739194347,-0.007563950733855357,0.0014429970497514114,-0.0005417908793403246,-0.0018193189382331892,-0.0025581185593449487,0.00011371823991436401,0.000680416354429428,0.00016385446622043369,-0.0047877291617922394
deepset:train:512,0.10731345986175435,0.054444878788139243,0.1378243673352213,-0.026748656011016808,-0.017331177848666404,0.04184353152236579,0.009891721098735215,0.010190746921976492,-0.004320878781592193,0.0143771932545907
deepset:train:513,0.1739168116123395,-0.07398222162246337,-0.009126116414171796,-0.013421201762299998,-0.01588000350555923,-0.004666306597389974,-0.002690819122412253,-0.012652440957501147,-0.011490007282700403,-0.019002469764681302
deepset:train:516,0.038385690809308926,-0.01944265673632354,0.0069665195556810515,-0.008974927366626214,0.002333347852939277,0.012391053212890774,-0.008112385317632373,-0.004301487444682003,-0.008820550147123489,0.0049306878836275205
deepset:train:517,0.1152319737155536,-0.0038116031460187633,0.03155049174492508,0.01054542174195849,0.002215648578872724,0.08437958586662196,-0.030529344239358786,0.009170759744884802,-0.017446927905921634,-0.025685925356195537
deepset:train:518,0.04858372342739661,-0.02780682533476495,0.00026292111688051476,0.00939291323636282,-0.005628127212153528,-0.00669856750958778,0.0021077731346195497,-0.0067197485703245335,-0.004345743444502786,-0.002532446672799116
deepset:train:519,0.04136879146222955,-0.02187176785617046,0.0065418971112083885,-0.011732585094012229,0.00451207899434812,0.0017759882893733402,0.007623530542228105,-0.006329857973430095,0.0018373493034638802,-0.008471697278554163
deepset:train:520,0.22313377760594727,-0.10244111966346661,-0.0070886377468390525,-0.0019730938263458025,-0.023902863950795352,-0.004309390421341557,0.0003594465456349402,-0.01505893735214726,-0.03631747643008598,0.022948041777151797
deepset:train:521,0.05504326456717572,-0.024305627855576297,-0.0065014753608949,-0.005692877530964875,-0.012403915465640292,0.004525823931364581,0.005781622257948559,-0.004936089292096779,-0.002362655419846449,-0.0061695748448945854
deepset:train:522,0.0006737456544873423,-0.0005800562847708968,-9.320832450807777e-06,8.785537061470519e-05,-3.7349241536002175e-05,3.9595662112689806e-05,-0.0005335207725288663,-0.00019596549881625776,-0.0005238576955776055,0.0003291645904016338
deepset:train:523,0.0111045789696913,-0.010295053940188101,0.0019418209934078893,-0.0036507809318671925,0.0009882819306075543,-0.0011410355527737988,0.001125142372094592,0.002138231170882467,-0.000924684791900526,-0.004226710512580783
deepset:train:526,0.050287749305462724,-0.030794553793337297,0.009337073619581084,-0.010306701839874723,-0.00372135235491087,0.01259877092442343,-0.004502852217508164,-0.006263794633302688,-0.013099783634228873,-0.018912387359581208
deepset:train:527,0.1372589788588259,-0.06429152809151298,0.014020553431080628,0.011765426392027316,-0.006383531850634303,0.009068595956350007,0.019361975816107373,-0.03265317512316364,-0.0100766366787431,-0.014578276037463724
deepset:train:531,0.05148047408900671,0.01698562773144585,0.0516908244128879,-0.01775833839012536,0.00967613757866156,0.01857132808940273,0.02426934784206811,0.0006728821602102207,0.0043811001854457505,0.011745670108864632
deepset:train:532,0.021287484087576622,-0.014998671711784449,0.001107476040848736,0.010121674416802375,-0.005424941787828727,-0.0035369048373011347,-0.0049011375204521986,0.000337632233608486,-0.007611461891538317,0.012010878076839655
deepset:train:533,0.006353252682205476,-0.005559011248914562,0.0008588464791786308,-3.095246704031407e-06,-0.001673270772425575,-0.0015842223385803267,0.00010495365239038874,0.0014378510985226384,-0.0005007257598161135,-0.0030344046939909395
deepset:train:535,0.09573260480472215,-0.05174037516546743,0.01573534646005228,0.01222049295143102,0.0014468036902334103,0.006573952553656451,-0.005479890594402592,-0.00800373093671658,-0.0004843357456820547,-0.010722449966917557
deepset:train:538,0.13290266772259193,-0.059385728048398,0.045432364070098735,-0.008740302357291717,0.01738667377380841,0.04669101539402345,-0.037242293784809255,-0.005721219524948258,-0.012300265138456654,-0.010304898132459373
deepset:train:539,0.06569334390251438,-0.029377479849570457,0.0025768671045506273,0.05308565275597343,0.02295757111843357,0.0003516589333564473,-0.027716049241893147,-0.0006402428987661836,-0.012346172659739023,0.017296972042793
deepset:train:540,0.11310545450176702,-0.01659093497842674,-0.0064477664960257315,-0.00013221752769623985,-0.03623938702482664,0.020314191295382502,0.007128250839069911,-0.0054417546566942095,-0.016725613440254212,0.024133371707847448
deepset:train:541,0.05823842915884873,-0.018384355154689374,0.005688862851480722,0.015106094771737738,0.008501360136615455,0.014190818030455401,0.012272788271735021,-0.013175196842094842,0.0011968008802417278,0.001836921539391847
deepset:train:542,0.07688264665859335,-0.04896379905650877,0.015892805166949325,-0.022717932018921107,0.010467542560102691,0.012405995891102741,-0.0048431099597925405,-0.006878218785033786,-0.014950277935775368,-0.008719774861071809
deepset:train:543,0.06139884129550796,-0.029950361556436683,-0.0014728130543238064,0.018701655518825945,-0.008843864250008182,-0.005737381136506371,0.01841605033257709,-0.01475540971870422,-0.005356459169360489,-0.004534575691276159
deepset:train:544,0.012121724294214778,-0.010197996102112668,0.001297680354069444,0.00023244460405296092,-0.0034993540341339267,-0.0028062137980404017,0.0009121650002863876,7.256187474204136e-05,-0.00132457413665998,-0.004542910921754123
deepset:train:545,0.029905549140349843,-0.02055276672376064,0.002737265708813796,-0.00015022650538411612,-0.00832312948362815,-0.005955328379229853,-0.0003390233108985855,0.0012729097142867823,0.005693635860667071,-0.0010612488694004875
deepset:train:56,0.16527405261612133,-0.034124531182580145,0.04236949891170702,-0.04032387957671619,0.020948638599302717,0.034760547022760734,-0.006729562815454746,-0.010009530207096632,-0.01922211850963476,-0.018031690106100513
deepset:train:69,0.12689501942749515,-0.05612383072387248,0.015224503578084967,0.025071473435907588,0.03812042473569361,0.0009912129882456862,-0.037525183443860737,-0.0060968025250297654,-0.03293236325700119,0.009744331445244458
deepset:train:70,0.14324470849605803,-0.030810030414579182,0.09675206162932731,-0.04190992305854332,-0.010186290082201595,0.09452761326396747,-0.051928288107445285,-0.02178627164691587,0.0032848625563906128,-0.03514661095917769
deepset:train:74,0.09168433513285124,0.08968950807623333,0.15571320730052024,-0.018710038883147595,-0.02498849760908615,0.03862375150548733,0.014752342281227966,0.011943320759920837,-0.002795272004850696,0.028163505352506158
deepset:train:86,0.055839466076778525,0.031109434268215237,0.0655894216921606,-0.023182154231089977,0.01532654672268692,0.02615633745401457,0.030150758871074972,0.0008115029324675708,0.006682542871489374,0.018426511421238644
gandalf:test:0,0.16395874700938246,-0.021294749384843728,0.005367862952138723,0.0008346854304952208,0.0010306891194060501,0.016202515080296534,-0.09150533211830039,-0.03349340037418888,-0.014005744580302569,0.03110272487735419
gandalf:test:1,0.08332375490729572,0.04329767997954147,0.11127855263397513,-0.011513641193096414,-0.022170359178686677,0.06639412889566763,-0.018604662837342363,0.029054050603306885,0.019755419535500463,0.007312837476015376
gandalf:test:10,0.2294465201692615,0.08750565571693175,0.12492139146003482,0.13266704473561003,0.023362299458178058,0.15512075285084756,0.062292809979937074,-0.06358867479253943,0.03617351388621939,0.01377121634343005
gandalf:test:100,0.12096306915735903,-0.02655618410898108,0.04826716104120187,-0.00825719307568393,-0.0023232329149405996,0.001524402151218619,-0.006242182611288886,-0.013378711717422437,-0.027088910682998596,-0.010012797299658906
gandalf:test:101,0.21446042463381135,0.21207486018397145,0.40946813521302766,-0.04093674945443361,-0.06099074948337213,0.2340645623700044,-0.06564715766523836,0.016383474256879787,0.022458161558410558,0.04093159182166316
gandalf:test:102,0.0969971374797061,0.026407356540701622,0.12028993102856594,-0.03692807508571582,-0.0025574666069694066,0.09952681866217175,-0.04775436427373701,-0.015067045181788098,0.004085261307495433,-0.013742759431732973
gandalf:test:103,0.0752886380647024,0.028664841902293747,0.07152376615424402,-0.022414097607583738,-0.015771143081122277,-0.003380315794157529,-0.01503807775854129,-0.015462665464945189,-0.0010996225669812718,-0.04430399832795832
gandalf:test:105,0.20573893775965885,0.10865530691636024,0.2670917615902092,-0.03396102425861621,-0.06504952036611132,0.10337502219281647,-0.02203715407448618,-0.014837364437760367,0.0026927002216665837,-0.006887751004582556
gandalf:test:106,0.09336326907497003,-0.002871769412346905,0.03579823451967069,0.026942600470542467,-0.014109547137514247,0.04670448593480844,0.0385582408348655,-0.02244588710864968,0.014554730414438605,0.007721121079983168
gandalf:test:107,0.1957168152838544,0.01702317294946053,0.12907651700214084,-0.02123453807495444,-0.04229404458574423,-0.027567119252501097,0.001924767024809726,0.02006405277522091,0.10050156868863304,-0.03210259711906771
gandalf:test:109,0.09758945546627243,-0.01662191290731655,0.06951337684494176,0.011501370220995677,-0.012506284674597433,0.06588026489974816,-0.05433941056603006,0.005426965709574906,-0.003725009125289621,0.03262612288930605
gandalf:test:11,0.1918574380101099,0.214189396457242,0.3251336135982324,-0.0033899423899685544,-0.056942207510562254,0.1234495214788029,-0.0949279414182659,-0.028424592456668993,0.007511301243840866,-0.04727193032930971
gandalf:test:110,0.17989497372822263,0.10255794131001995,0.2037272141256162,0.028388330186638857,0.03192026492122691,0.3039523971005047,-0.05199264504592306,-0.07998337516826898,0.04669443087240088,0.009134535544234972
gandalf:test:111,0.060101825790207564,0.059589429468810295,0.11756019343309719,-0.006450028285261929,-0.033244986503385,0.039008629314560304,-0.014470814313163308,0.01604230638812314,0.013375846479784457,0.007048282678068995
gandalf:test:12,0.09423851948808092,-0.04015365272397606,0.027933321942696383,-0.010282248690523074,-0.02441973887059948,0.022467811371999054,0.0013841584475069197,3.3121578854643916e-06,0.0069331909978498345,-0.010768261143924655
gandalf:test:14,0.13382422123328772,0.07646742007899435,0.18768185648129082,-0.03488631500780645,-0.025653937036421316,0.08418315255535407,-0.01253214014856908,0.007067462625381924,-0.003508659060104143,-0.000994067864855557
gandalf:test:15,0.07844811658589418,0.0296537295313689,0.101289064319706,-0.00895591983252554,-0.03225807263481382,0.06579810015050355,-0.039866541710471604,-0.023117239682371688,0.02580906706818918,-0.006123542271055268
gandalf:test:18,0.09388300293223602,0.07671233592205791,0.11309872558712505,-0.02367987031576819,-0.011099189060833679,0.07060075580253809,-0.037457810400963465,0.03140191754930087,0.00444941525353576,-0.0032527265590427336
gandalf:test:2,0.1594575727071296,0.07230518376276045,0.1435080748708878,-0.03796350263529166,-0.043747067408730994,0.12272650997985254,-0.09021272090258449,-0.06594191243180635,0.046575660751918546,-0.023670374842266435
gandalf:test:20,0.1500087707555996,0.1217366589762848,0.1989047816861359,0.015961732214990396,-0.007262122316174833,0.17764791957814463,-0.010183561262917983,-0.023612734241811192,0.0286539294275492,0.018929156489518987
gandalf:test:23,0.05733094068215632,0.013368216638403997,0.05746273666385515,-0.01638752517029418,-0.003439330847816834,0.04365123555472944,-0.0246971243087238,-6.344787951069598e-06,0.00029088137202799976,-0.007956799344887522
gandalf:test:26,0.2272187513276334,0.006938317072423817,0.10336078385198576,0.02484128353677867,-0.01387472936487627,0.13139950620283697,-0.06689857136945937,-0.04056282408776036,-0.004274523163320276,-0.02987655472685971
gandalf:test:27,0.12282607709630637,0.03677130926994858,0.10519516149607024,0.003239169488649711,-0.008229256167196821,0.09162111600691607,-0.048754797989203486,0.002131206282454087,0.0009812943134983676,-0.030571663233137578
gandalf:test:28,0.13400965160622882,0.05653983789116005,0.21534625821237513,-0.01874909609710521,-0.0439219463663487,0.2693440595870138,-0.14583031469008043,-0.02067477717362943,0.03664035784927213,0.023552824488478445
gandalf:test:29,0.06426185094673247,0.028278386762435402,0.07332337753936743,-0.02263145865660839,-0.010733331297447536,0.03249099588238785,-0.01604075834654206,-0.006917805362994628,0.006319357249830519,-0.013490744395743397
gandalf:test:3,0.16881370027799525,-0.016474010036089407,0.10882690228628344,0.018399390170023962,-0.03498716674374634,0.14812962740583563,-0.08144678523450014,-0.02760234737328201,0.00569355820720242,0.01818468383560033
gandalf:test:30,0.15747347314309945,0.0666284809282372,0.10433682728454134,-0.023791393804410595,-0.026578665279435046,0.1307142072587936,-0.021936342767754295,-0.01725910468243622,0.004569196671802369,0.06618227556441612
gandalf:test:31,0.13665550446920288,0.09736341742318153,0.16723787428707343,0.010287815954623029,-0.06444358602812039,0.14189760221887265,-0.047743014860905764,0.06293680511837889,0.01515164494964613,-0.0027759732960852606
gandalf:test:32,0.13711782473529224,0.06781100538212328,0.2009635263089873,-0.008051901292143985,-0.01346905379702921,0.26057413667560647,-0.14963692657391317,-0.01764732283751771,0.01443330413267737,-0.003666742092493764
gandalf:test:34,0.06772432666016989,0.06434679962381472,0.11711440935793535,0.003068195872339115,-0.0341252957398513,0.02855229968281392,0.02095185136428139,0.0009460855941249305,0.0010406875945225872,0.022946854927081223
gandalf:test:37,0.014791289250057127,-0.0029564839930257135,0.006614270834440514,-0.0032477128379740728,0.001658725941890606,-0.006646530540831697,0.002849466020706147,-0.009119988529907289,-0.009122277951813392,-0.006354088317261933
gandalf:test:39,0.20701564824912932,0.07545390355340903,0.20795536057416095,0.08654713286801488,-0.011275873935947148,0.22964219932054777,-0.1473176129971067,0.007533590219252643,0.0030730629333633724,0.035270712944628184
gandalf:test:40,0.07909838302477887,0.04388286373513872,0.12261512954985393,-0.007852889672673672,-0.02748968005672459,0.19088048021802234,-0.09561759487405504,0.008962810361664712,0.01714966803236354,0.0034656236380992945
gandalf:test:41,0.10743644140926904,0.042196956371839935,0.14395135006570314,-0.023733655140934024,-0.03201208440211959,0.1004668396783783,-0.040172474371212255,0.0028706012471461785,-0.000996157535681395,-0.0034778759348812727
gandalf:test:42,0.12714022933146915,0.021379145666181418,0.16294386258128699,-0.019240968150429326,-0.0333298798158038,0.18679036004890393,-0.11806916564006145,-0.028181117448878364,0.02340498828384185,-0.02205099421277957
gandalf:test:43,0.19680185551797966,0.06070662992499765,0.18266466618726088,0.009822242364601925,0.008114577344926025,0.12214914794044932,-0.06605542680329965,0.017365804882087294,-0.0012156112301731933,0.014040295530728334
gandalf:test:44,0.09506550964944638,-0.021408029704969567,0.03738568265254881,0.012290587529359295,-0.010514837186815252,0.015867223176226984,-0.04150841825924831,0.010591698893464473,0.008001129734245488,0.01431829921092466
gandalf:test:45,0.14292882427833645,0.0489738217546218,0.1567515628564977,0.03504969741804197,-0.018012704184807996,0.07282144782147013,-0.05553433541391758,0.019140555249270944,-0.00412249179197036,0.037577293888432776
gandalf:test:46,0.16083810632595621,0.17278066522645985,0.28080586052502565,0.00869055241874702,-0.03340101745334824,0.1777954611531362,-0.06858669185240453,0.00560812646983642,0.016935456805414303,0.007913067656566287
gandalf:test:47,0.09532950694468441,0.05069552277625711,0.10061636788215604,0.017492782589715563,-0.014237028402597683,0.07091967070355001,0.039746848461126943,-0.012651650198965757,0.013725473408850997,0.016032958623032462
gandalf:test:48,0.1384484924719511,0.0390503660675723,0.16349936080468042,-0.019617725880789413,-0.023954532313288486,0.17393093827556427,-0.1302712179307322,-0.022400368426900432,0.0071907836236206465,0.005758245405424734
gandalf:test:49,0.06100659258417683,0.042097429757127325,0.05792228475100042,0.011494327720916077,-0.015550738787998696,0.09931799903747063,-0.04084597644130053,0.04501303573758176,0.0064003830638362045,-0.00409866841063361
gandalf:test:5,0.1749359392841843,0.04646665422539713,0.17292614625505343,0.0021021650977794395,-0.07263946946383254,0.11206818667979958,-0.05754193249047551,0.014912723872737057,0.007831442871579556,0.036230483781306895
gandalf:test:51,0.1937670217778251,0.041044398683433264,0.16826556760892447,0.04544843404234515,-0.06730751115449157,0.08995237090215227,-0.048672578533972555,-0.007692923333078742,-0.005039095346656064,0.08575046560424045
gandalf:test:53,0.07756815214890615,-0.031809816216281865,0.001555479985982659,-0.0005026736374614247,-0.012894756586842799,0.027742145187643466,-0.005912011762225248,0.007786712033091236,-0.027313706929743144,-0.023175237065448384
gandalf:test:55,0.20804560080233672,0.09096855647888945,0.26715154191846124,-0.025851951582025037,-0.04060503812794727,0.3312278053313364,-0.17152953574866583,-0.035205898250785295,0.030407436461140653,-0.009714283788801037
gandalf:test:57,0.07583248259466734,-0.003318067844829349,0.07058347331458997,-0.02532323148867929,0.0008715103997720258,0.06457725274978085,-0.03728881627691123,0.000645882648525164,0.00011650859658279563,-0.002754874450396558
gandalf:test:58,0.14470749085428405,0.1273456366507276,0.2651707828967286,-0.052340647497533505,-0.021136509818565373,0.15081771169294872,-0.04149840918103464,0.021695559921062025,0.01346498743642291,0.02623326032185907
gandalf:test:6,0.2641427013910458,0.0771701596910413,0.2078189415772042,0.10387763665073182,-0.024710634962351995,0.18975070165043723,-0.10983586669035042,0.023260593191146667,-0.021420508658072095,0.021055665872510752
gandalf:test:60,0.1448337241750032,0.08414497777619846,0.23451904404632162,-0.021943990197750476,-0.05472932243540091,0.1977798844002697,-0.09090380206699604,-0.023455690053015683,0.04005530231822458,0.005999436992384033
gandalf:test:61,0.06915883558769689,0.06255480217893267,0.0729462183061508,0.00816517072214347,-0.024036734710927956,0.1028604604305455,-0.032198980347464,0.03733682655714531,0.0017136726561055148,-0.006693105979128786
gandalf:test:62,0.12269191409676734,0.10114750491829895,0.20521678566432902,-0.004363723285122842,-0.07046465043562444,0.03947888029197593,0.0196142322547888,0.027888152958871076,0.006400014823046326,0.014964510567717316
gandalf:test:63,0.1408239795900599,0.09654307505322081,0.08359492111870585,0.13251796456414539,0.01663936141267347,0.18243117251410795,0.07572219118303626,-0.04620590127819453,0.042519782021008874,0.04859968861112725
gandalf:test:64,0.1158209362544511,0.09089261631655302,0.18125359208555708,0.011699361180790305,-0.051249194434191694,0.2783775906116905,-0.13621410820698884,0.04373314174650812,0.027136865763118877,0.04895790691416243
gandalf:test:66,0.011643240225940845,-0.006566618238239235,0.007061273704292238,-0.0033387724822668374,-0.0021733262949335096,0.0071537761319394435,-0.004222256934918182,-8.237223837791438e-05,0.0023702369290472063,-0.003171123111148573
gandalf:test:67,0.16214580518930372,0.0523641165614157,0.1376915900266956,0.061637753838762424,-0.03474765564397804,-0.0026667093090707236,0.023192730536346975,0.0016846077917110035,-0.018361767661201255,0.024962996093760542
gandalf:test:68,0.1380785515369859,0.14554922226877146,0.27281321658065266,-0.020546381117545184,-0.07202419471378632,0.1193659553344136,-0.05756651892129512,-0.0029192871179946427,0.04192013690107963,0.008488900523500742
gandalf:test:69,0.11230929422516038,-0.014273338173826115,0.029186211415485018,-0.00870268018446405,-0.023291938608862292,-0.017083895847164493,0.01491044007927743,-0.018262774954440467,-0.017410675123958927,0.0016582695036449872
gandalf:test:7,0.13026310051426543,0.10794469816956336,0.23088339667367733,-0.021228554355052703,-0.04996645921105182,0.15145273838563095,-0.06384659248822655,-0.019592213706786602,0.00979699310539151,-0.0069652903761656835
gandalf:test:73,0.08522226344071275,0.03847480659725611,0.1065145370358415,-0.025692047306590735,-0.01624999781502828,0.06468132526960987,-0.027285374909828918,-0.015215836503992438,-0.012799322569349705,-0.013312172585663487
gandalf:test:75,0.1348003434724212,0.0801597615326833,0.1693601018636394,-0.0171922955020775,-0.0066510594074811824,0.10719177302185456,-0.0496420472311916,0.00012666899907125246,0.00012869161841516636,0.012037709926882986
gandalf:test:76,0.1091961946547351,0.01751463898759643,0.11213555279800871,-0.023354835914158368,-0.021696884240734328,0.05856337969135836,-0.0250550609980179,0.008488807548735792,0.004412931007625382,-0.011049640401611922
gandalf:test:77,0.07881900136146323,-0.03435426615468779,0.029554583306504,0.014565282744380343,-0.007003917893495004,0.047260218885293755,-0.04500324295410635,-0.00756994816902438,-0.021583296825373844,0.0197554488831596
gandalf:test:78,0.17975396017632844,0.05768613134780353,0.22390850587030528,0.005473161201551448,-0.068669911854215,0.13393491563140184,-0.11511048270247594,-0.01553655506684458,-0.0030325248162963517,0.005737525744874535
gandalf:test:79,0.11165733349162331,-0.008962102606404641,0.08540596909455822,-0.012381517703556824,-0.032729999033758506,0.05751144405752257,0.003033812558681591,0.019170201904278036,0.03988182801219419,0.00921109947005173
gandalf:test:81,0.09486738941166144,0.01773831002185837,0.10120090167834007,-0.013568057401503067,-0.02297683829464577,0.1763019333649412,-0.08860271296386925,-0.005627271409783061,0.020604060295220866,-0.017830284529292927
gandalf:test:82,0.11417070239114939,-0.027180005176369114,0.025174332262509317,0.0142479174677131,-0.015053119408198494,0.00168899662436333,0.013249229356061291,-0.024449223706732543,-0.013264206034783068,0.010056049189524742
gandalf:test:83,0.0,0.0,0.0,0.0,0.0,0.0,0.0,0.0,0.0,0.0
gandalf:test:84,0.08844999151315125,-0.03267434735211602,0.03669601067165192,0.03422424208410951,0.007662692018402778,0.05361078505306124,-0.05748336597949092,-0.006455391644842631,-0.01479038866754607,0.023411506205205473
gandalf:test:85,0.06724416101204221,0.02601677544091207,0.05474365030382363,0.03359852707724745,0.0029418944299333862,0.08061032407776339,-0.05315185819172264,0.02815864664801131,-0.004323456588793174,-0.0008586673824823131
gandalf:test:87,0.21009428011126213,0.070332746739798,0.20766771060424072,-0.017327346229174284,-0.029947999565438314,0.1798010476742858,-0.08437296924877259,-0.0014201513502591118,-0.005350208070534401,-0.02713033241098576
gandalf:test:88,0.04984867205576361,0.031040705482733737,0.059989990639339394,0.0009470356939127742,-0.019072524336401667,0.003427377744589534,-0.014293500246828251,-0.01011404432591798,0.01520540292823048,-0.005062042784751037
gandalf:test:89,0.23025329000907332,0.17537588576666316,0.28419058823900034,0.034205012334390134,-0.007617389540085934,0.31571201918219627,-0.061944460761683945,-0.09257564394704441,0.07549156714896103,-0.0033024818297422817
gandalf:test:9,0.05431863434315393,0.010180447068756706,0.05650149286856057,0.027832200835179847,0.0065265215079900445,0.034109822606924044,-0.03132264569534944,0.011572615421313449,0.0026570620076264533,0.008131561503561858
gandalf:test:90,0.13864429494845745,-0.03940934533284899,0.04293443051973826,0.01221868258114354,0.008352260029140551,0.044886163189682554,-0.029336618690544682,-0.01093237367308698,-0.017203540238349996,0.04531792700396092
gandalf:test:91,0.21220872408912458,0.04280602272704027,0.13381331156210727,0.04580384996275429,-0.048585787906390746,0.11059741778168844,-0.06167538251566204,0.042209030536045716,-0.014980990926833233,-0.01178214774296359
gandalf:test:92,0.07503553414377284,0.038375740835302444,0.08715054941272835,-0.001745481068416554,-0.032277452653998444,-0.0032404032958060123,0.014775298236140516,-0.00995311285125371,-0.005517054306335723,-0.010844411717772657
gandalf:test:93,0.16648578332767866,0.03459165472001169,0.14352095511050109,-0.015064684821944306,-0.03785301933711584,0.16891926019420792,-0.04784152598578535,0.043217186676170936,0.009271951711069024,-0.001216162836999575
gandalf:test:94,0.07723977434365213,0.03138065925406726,0.058311817069295856,0.04296922443593771,0.00511911219632797,0.08849734164443443,-0.054754067775082765,0.035612677768450625,-0.004986639015453575,-0.003981686264606826
gandalf:test:95,0.18779080717035754,0.013871855078725254,0.13358758447601282,-0.028603966370013705,0.004134190685452295,0.15243372038894767,-0.1471926351745336,-0.025407845088767103,0.007052988856534428,0.032811533964367576
gandalf:test:96,0.12097994147015476,0.16918895751492416,0.25741880685606744,-0.01636073878448027,-0.06325264949353092,0.13247509104577465,-0.0634645707557227,0.012326381689441014,0.03438502446944139,0.036541266406328224
gandalf:test:97,0.10682213608038577,-0.000608238068035819,0.09361863854884585,-0.007898195590667442,-0.028773156331246844,0.039943369761078935,-0.00806094030458667,-0.005870249409027549,-0.02594535170475198,0.0012138460663828005
gandalf:test:98,0.09907023769708975,0.02524156726440425,0.08778060559457208,0.003709169414028943,-0.025608204094465403,0.0543270234962351,-0.004477056254654506,0.017917960656565146,0.007749681514724169,-0.008979720917683945
gandalf:test:99,0.1271078303283855,0.08667539995456175,0.07647697856523009,0.0525812872118963,-8.698924860992701e-05,0.09230985084322282,0.02050113640332831,-0.027182291854778,0.03919354066233514,-0.035492030013739594
gandalf:train:101,0.15724333755646086,0.0022139911445286553,0.11304703358777472,0.036157600783236564,-0.009204196930159225,0.15350349867836194,-0.08811270013984751,0.021024271463499285,-0.007825655580542577,0.021462706111880496
gandalf:train:102,0.07739735414701049,0.029079972846513584,0.046611029804635454,-0.004719633634571548,-0.009323491381827387,0.012489725093551647,-0.01355759102458832,0.02176940357969678,0.004122468270840445,-0.0019121289093356484
gandalf:train:103,0.1655583626873259,0.025884113283889596,0.07672691615093524,-0.015810719485752557,-0.030725393860218452,0.009213400943129555,-0.06603584564467169,-0.07317642036356038,0.021258390617718496,-0.006972621647426588
gandalf:train:104,0.20138281449474058,-0.017660507712537448,0.13195499197824512,-0.014929311404454039,-0.0026867197624786702,0.12229857130343974,-0.09168509264190994,-0.030142882482079143,0.008105379489968024,-0.005450468889768193
gandalf:train:107,0.14672057839503896,0.008065660189136745,0.015051788330514196,0.04931202764600282,-0.0020511727673403297,0.08111799458497221,0.06784311283325424,-0.056396457149518485,0.01816354312024192,0.006548456880156648
gandalf:train:108,0.09280261963059944,0.022724454637775136,0.08331728143753137,0.01322288476854394,0.0024546036704381803,0.1125391729368123,-0.0643577771037753,-0.002364378959550469,-0.00039441078213830203,-0.005568593294952051
gandalf:train:11,0.12404024123845424,0.1427840500136523,0.09621607064996573,0.10792456085616284,0.02101044047933874,0.16064619023177407,0.06009387088393841,0.01879127761657761,0.0306057540313329,0.008097184248659522
gandalf:train:110,0.0904031413107213,0.0843424115669311,0.171833731039409,-0.020578052994782294,-0.035803678598251516,0.10066882882393703,-0.03339526685710547,0.015216618164020047,0.015236320223035033,0.01642684402840868
gandalf:train:111,0.09699367760366208,-0.012654101909669705,0.07967230588130288,-0.022581360508246284,-0.018233543839024105,0.08735106686055323,-0.04494449187935384,-0.010829262735601374,0.009914344863865481,-0.015127518255866529
gandalf:train:112,0.13653206493564368,0.08256014124239257,0.19001799913377623,-0.02794728241226573,-0.04902206666796364,0.11982207558267362,-0.040226300932943326,-0.014976880590826547,0.02485436178870543,-0.003879005794822256
gandalf:train:113,0.1275956883599966,0.07652657054211652,0.09227534130548445,-0.050801219333969236,-0.022296739810253874,-0.024216533807885705,-0.10350588262386842,-0.07923924730641836,0.038555664814604554,-0.08216849901990335
gandalf:train:115,0.11545762217334542,0.04728242802039423,0.14640452013034874,-0.01249503900262825,-0.03391328200257317,0.17025932741174787,-0.06986047706537633,-0.0021346793596452225,0.018520237600867184,-0.002383861697951892
gandalf:train:116,0.29149169147665166,0.02684994277503399,0.04656398331156541,0.0519146153558089,-0.013960648447934326,0.02697268030273328,-0.14251271895916415,-0.027142357526013818,0.023944574847209618,0.025298966536263737
gandalf:train:118,0.0280340757224336,0.03373666846391822,0.07334429086410198,-0.0008874390250833675,-0.019136111027938628,0.07371861939838045,-0.02368449344890598,0.0004363665921530936,0.013309835924135633,0.016221357629403497
gandalf:train:119,0.0989034516756071,0.04980432137550629,0.04642719324811391,0.03994178003134466,0.011450444287012512,0.06279646362067161,-0.016189333613900975,0.01473930672075579,0.003640744097894961,-0.031001910989506977
gandalf:train:12,0.1868883390204147,-0.010415211985429417,0.08368811875936721,0.012280321215143374,-0.06454050048946439,0.06733329134766936,-0.003154912584424738,-0.007303148232493695,-0.01237993477550875,0.019026875263255773
gandalf:train:121,0.0920655334672693,0.040822643534526186,0.1202432845755631,0.03373656756252064,-0.030000128936096073,0.08500072669305207,-0.052181985385095594,0.011555278225210415,0.002167826594720266,0.06684076586743477
gandalf:train:122,0.1255343119458916,0.09493350468632646,0.1521843894741318,0.06299166713772746,0.01815018748083742,0.30284927923815624,-0.04463121760842118,-0.07256100367445298,0.06301487424993672,0.018400035543557427
gandalf:train:123,0.17307539766785346,0.10463650943363187,0.2522818685019938,-0.008256549107602361,-0.012270640506438385,0.26697806215956965,-0.12814044474969866,-0.011489470045947844,0.026510923457512502,0.014867375322748518
gandalf:train:124,0.08058536806448012,0.036808409556645626,0.05826484790528717,0.046789884434964055,0.006057336638871792,0.10203267507511894,-0.05663564150634169,0.04614977167345025,-0.004899445572321342,-0.010050356758830325
gandalf:train:126,0.11403827340700655,0.11709352199512583,0.1298734058308854,0.030492048150907683,-0.029614122961144098,0.13279522350318615,-0.02704897470121571,0.0520481480712497,0.012017388433559414,-0.010728417371143334
gandalf:train:127,0.2024801009157361,0.09251776970751445,0.27329738858475294,-0.029818031742802665,-0.04930950676353388,0.24497756738706106,-0.13051308236510994,-0.03107881366771352,0.024627835110811777,-0.01859568186805907
gandalf:train:128,0.05271087019003751,0.069025971555457,0.13353802335086337,-0.004002731583694369,-0.029827900819988887,0.09579300802801019,-0.03347273154780592,0.015250652692519528,0.014164703136941818,0.030177099074878488
gandalf:train:129,0.06894061119476433,0.08439748693475861,0.13713372265817428,-0.0028239751720652824,-0.03414169764336163,0.049920968475973576,0.015229136982521159,0.010008257523388771,0.015873381225819258,0.025526479699094898
gandalf:train:13,0.17711042725239684,0.0449711632582152,0.19436199887619,-0.017762855548015516,-0.05609249952884502,0.12933586571209246,-0.035257639085958914,-0.02085249610957507,-0.016252178775386945,-0.005914289790294152
gandalf:train:131,0.1425149167780389,-0.005279632323857493,0.09957190211466493,-0.01671979561520885,-0.03448106748371009,0.1784811836941595,-0.07821387094963192,-0.006589600666813686,0.030293248909024646,-0.016456904671180675
gandalf:train:132,0.13256878775965614,0.010263993284394575,0.07553608397324887,0.02398533724084256,-0.0022488760003025812,0.09529775335443944,-0.04905428760315454,0.0038762017480445565,-0.0019447472667735027,-0.029387365093025506
gandalf:train:137,0.056241736480494804,0.04789915119909484,0.03837011084843373,0.01686416988236086,-0.01390921180370271,0.033871112903894364,0.010141790861903623,0.005672720070370909,-0.0008601263996040518,-0.01264205343700835
gandalf:train:138,0.10414095128319259,0.12374378902188321,0.15965196398458903,0.009415576677035867,-0.044240109617371084,0.13856147904010194,-0.05185246318438474,0.05632524142884766,0.004717626431807426,0.00015825458339345343
gandalf:train:139,0.17011317933321277,-0.081163064936195,0.030093801185463842,-0.022660948740865557,-0.0021878784574442325,0.02376697320219819,-0.002371547525572572,-0.0030759967824723553,-0.01322058793379828,-0.022243907107633874
gandalf:train:14,0.12498151147816113,-0.010359897813167717,0.029349869560285548,0.05152840242285149,0.00954606060660002,0.0650808771465077,-0.04075507463647543,0.02049409788330279,-0.022686389619766264,-0.004615546972144702
gandalf:train:140,0.12197769921501893,0.01400196473037956,0.11256255610097214,-0.0006357484874485195,-0.02994744888520273,0.1372691209115532,-0.12012377370148465,-0.024277910830862136,0.022950036575087415,0.04416180806106675
gandalf:train:141,0.1482300786912824,0.18478690048373694,0.2154087102601862,0.033075911567825265,-0.06083578300233756,0.13890805839820342,0.035543195797629684,0.05796597242518427,0.01640683508909261,0.03157450786138206
gandalf:train:143,0.18855593158041115,0.01697990372320046,0.16695158300335788,-0.0008198104286382774,-0.032475762634243725,0.17405112068553388,-0.11790373390019238,-0.031563008472075695,-0.00024367618344240516,0.011663688256147905
gandalf:train:144,0.13813776765845248,0.15417882678462252,0.2692793599604644,0.036050009548632064,-0.03239178638609582,0.09692879605305484,-0.056423684350489174,0.03731824380876552,0.001018201647364435,0.026703484766652026
gandalf:train:145,0.17999270603844053,0.06650018235822253,0.25045529528609134,-0.0006250742027574407,-0.06526020104968254,0.21415942496853083,-0.1305878526720313,-0.0051763975863015005,0.025182670940602676,0.04156078423315239
gandalf:train:147,0.12794622597252375,0.05236086612372858,0.1727271631576791,-0.002101307058375244,0.0162643220565128,0.2582311788557651,-0.14652650155636793,-0.014320343904772975,0.03303827019213884,0.005005893536026287
gandalf:train:148,0.11745368167592428,6.794213841899107e-06,0.08934504413966894,-0.017509996140685047,-0.016406575126197163,0.10740473587363623,-0.04538052812114191,0.023733687041391373,0.018000196239254935,-0.004645192230345633
gandalf:train:149,0.09210433082095301,0.003635280893104378,0.036467231535058715,0.03802645464311593,-0.02245807176577871,0.05943304300698787,-0.04328345382898844,0.028539790183911968,-0.014874868113989354,0.022571142949265256
gandalf:train:15,0.07843239040467725,0.12480928247395451,0.18941928054666266,-0.014068771739508863,-0.04435721057894513,0.061412290323165794,-0.05650989912255593,-0.0008976659424798183,0.021486207109403955,-0.014945642092925681
gandalf:train:150,0.14658925963112507,0.050193293608704656,0.15345241213214997,0.031548416329127235,-0.029048254483076713,0.032819381972903953,-0.010955262078267542,0.007686256682147286,-0.01745298069145994,0.03495711472243247
gandalf:train:151,0.0760605881917463,0.01400833196694155,0.08753795495909371,-0.02892909908655146,0.0026690794010372438,0.09416731115717106,-0.0465145417078038,-0.003594936544574305,0.0005618471950176861,-0.0010265488879128524
gandalf:train:152,0.0636478239809107,0.02991668040385603,0.07831236013694762,-0.015276665171096928,-0.011624135168368473,0.04173560612693331,-0.010809111405775283,-0.005099408461635423,0.0015964229049762555,-0.004478927384799856
gandalf:train:153,0.13314800005373412,0.08288834072840418,0.20764150972521225,-0.01866007393528668,-0.05222318418957993,0.12441961753792181,-0.037313334815948715,-0.002444721140894726,0.020047183520503456,0.0033492944077918355
gandalf:train:155,0.06006291642373603,0.04451097137497866,0.008173699670922938,0.06820699206747173,0.036809711393347704,0.08793948454134427,-0.04509280092640791,0.02815717618514273,-0.00813904901027574,-0.027502045861617155
gandalf:train:156,0.13362337559188076,-0.008747851520896438,0.07140963622699809,-0.01405184652500846,-0.020863206098538492,0.05062997846836693,-0.04682254859720485,0.00549588580093298,-0.012775842845066412,0.022577380574297628
gandalf:train:157,0.17753951710341898,0.0707293512630293,0.20413739574975,0.008665943855477027,-0.0327946585312654,0.22615029328866926,-0.12045395307636547,-0.03722593275130605,0.0067197515748296,0.020320522973467176
gandalf:train:16,0.09826488358082029,0.035435387467615646,0.1265723012366059,-0.03651283715398188,-0.003852261047596861,0.07721306208776366,-0.028371785316598723,0.002047683845143037,0.012262482360153011,0.0016075205520763769
gandalf:train:160,0.10305066531292761,-0.05391070758079946,0.009841424531666918,0.05377964872878019,-0.021184915709424147,-0.018187939541256685,-0.025791588928040895,-0.025743252686465663,-0.029121411773429008,0.05872006797546442
gandalf:train:161,0.14624190148382737,0.14818087002813937,0.22879875205637187,0.03705968527701337,-0.04621723482329127,0.2231136274787422,-0.1034901521014358,0.07532459816764522,0.011184159817467756,0.013649009417542107
gandalf:train:162,0.12657738920056597,0.03181677331952973,0.07451592601565829,0.009528292960813822,-0.00752422127480622,0.11591511549414682,-0.04986220226576731,0.01172468610285706,-0.013596371717862783,-0.03204163995687846
gandalf:train:163,0.061070800771126754,0.010508605513513446,0.06316408103698337,0.02071907941817399,-0.01779623530020463,0.03700877714340788,-0.04258765883988949,0.0020025698774590204,-0.010828298420116131,0.032472057248827985
gandalf:train:164,0.1229153893510412,0.1965479550592031,0.28033624139058466,-0.0012417003048108214,-0.07840414336170932,0.030396607325311083,0.061038309429432634,0.03298804157223388,0.003291573351096781,0.03911137592720179
gandalf:train:165,0.07762560833578958,-0.007268180344116663,0.053532550820625885,0.04048235786392359,0.014750480586545623,0.03743466507233118,-0.047473311148403294,0.0066954798170391246,-0.010814832941762303,0.034350845792831076
gandalf:train:166,0.0867013525585323,0.019872765074164325,0.10293735946082316,-0.020261016635972504,-0.0205486412407197,0.0819798958987268,-0.05005093405670862,-0.007685981175419889,-0.00910577847578666,-0.008650001046580261
gandalf:train:167,0.07633163484619145,0.02595954618940306,0.029146142113336226,0.02138529246429799,-0.012445770511023944,0.09151305221337665,-0.03132010983487371,0.0318040207912638,0.007744844513117314,-0.020184369137407992
gandalf:train:168,0.057159435823299284,0.033780401657294165,0.03439188969376603,0.014299082371048839,-0.01961043306684501,0.09884028698298895,-0.03344298166400373,0.03280893813223825,0.0014923829369552144,-0.00789028634131773
gandalf:train:169,0.13988747833760187,0.029168903354910607,0.12262931877201023,-0.001503736291673931,-0.04981816660903888,0.06391628332853255,-0.001396555904240545,0.04161810566030135,0.04406220955895984,-0.0062576731995848955
gandalf:train:17,0.2047852762381052,-0.0038239579832562627,0.12535817428638002,0.04370308198627233,-0.01718052440238544,0.07029529526324789,-0.07628162412104102,0.0059012635437576035,-0.009829141487820457,0.03410719992757423
gandalf:train:170,0.1752381271382643,0.16550489014804445,0.2241736535297525,-0.02356961992002363,-0.07000816834636847,0.051098764557544,-0.0265776353907446,0.00834780970569194,0.009412605446160717,-0.009822652323059244
gandalf:train:171,0.060189441150266774,0.08754581913474882,0.13823211031223787,-0.00411098734735525,-0.03411854980638323,0.03626930232065817,-0.0096708982151886,0.009202453207946378,0.00212831046757681,0.014651440471911822
gandalf:train:172,0.17521750619995718,0.01065160656281225,0.1260425833806918,-0.0068398049356870145,-0.0013654073812355745,0.15615655905667739,-0.07962245220402604,0.03475052640703404,-0.02005948418772571,-0.027813574998941982
gandalf:train:173,0.12597172746735785,0.08966524330239939,0.18218147293920686,0.017328379309465496,-0.01628696430843918,0.28846726588833144,-0.15799472378785623,0.005698802427780562,0.0242482088773457,-0.005751706057317366
gandalf:train:175,0.11361537924684549,0.13916420231562304,0.2840082683480726,-0.008302466738374852,-0.06956895641025579,0.2114773682566557,-0.0971613548216333,0.022285014328268196,0.028655294948623858,0.04764332236787396
gandalf:train:176,0.08725908446011592,0.11990061865022597,0.21334014203150903,-0.007392964814654249,-0.05639456498775141,0.10154430559942448,-0.03459775026679931,0.021455500618443514,0.011900445801239177,0.03272507972367608
gandalf:train:177,0.23159370525473083,-0.06386577083358722,0.08769924435248505,0.02837563327361031,0.0022399828363031424,0.04595379314927791,-0.06322796260627482,-0.029946059134401282,-0.03972270183747324,-0.0017082001801187287
gandalf:train:178,0.09911310327490296,0.06659768750038805,0.15035856512211615,-0.006767455201806432,-0.04194219283379628,0.06893105360961599,0.0014156884229376307,-0.0026025413552963235,0.020618340374689507,0.00833414327040682
gandalf:train:180,0.05838538019352702,0.04852577127940405,0.06255648953010524,0.01300008312027206,-0.025801573250521015,0.12132958350802396,-0.045564538911241764,0.03151191714422096,0.009213103110306377,0.0022817116447721685
gandalf:train:181,0.13842693790431335,0.0937938765867444,0.1935541728396553,-0.0162462988687976,-0.04196329175304533,0.08820626168270503,0.022826827066315766,0.00010187805728002758,0.003889621335502591,0.023437082053204633
gandalf:train:182,0.10815047742684858,0.012528272384475847,0.14062344693150733,-0.017343905450522026,-0.02399115645151154,0.2077832336913132,-0.11969072642426815,-0.025672579237647868,0.02624693123662487,-0.018100171975767212
gandalf:train:184,0.20349589348051553,0.010439556632272253,0.15644157599407107,0.04624122586791412,-0.018958114282708896,0.15494374930870863,-0.10008835252870579,-0.0008818472789378473,0.0011977015509454221,0.025416556374722777
gandalf:train:187,0.22770301602087017,-0.03588393462366539,0.12669773247516883,-0.01415418203701154,-0.0372467394076604,0.17832474095671214,-0.11097353800123723,-0.012728388940173146,-0.007383374377546439,0.031237248867541215
gandalf:train:189,0.055363443197412654,0.03270436896133608,0.06761032254847786,0.00544948394015798,-0.020651518613144824,0.07985107433504146,-0.03625752874330867,0.028283176464322976,0.0034085867147812935,-0.0010054143117102152
gandalf:train:19,0.14296756118945192,0.14963537789482562,0.2664317389716306,0.017361566736784306,-0.06701682546290878,0.0819720262154591,-0.02406189926621461,0.027485397689219444,0.0044155631003699805,0.06677325695919428
gandalf:train:190,0.09800693546525252,0.01719460886105952,0.10205423888893721,-0.032703211158182165,0.0019523891470284755,0.0787803620770271,-0.03909308170163877,-0.014603777710017325,0.011454457588718893,-0.011324429972193146
gandalf:train:192,0.09895254632483257,-0.010603802613143259,0.0777968886392425,0.011338922314018606,-0.018482990093037402,0.09481544295381371,-0.06117556674659776,-0.003216243363969018,-0.0015948630757164973,0.02788564315603436
gandalf:train:193,0.14169990965656704,-0.048242376308911886,0.023189800278127292,0.03105977305317778,-0.025946913901079532,0.04381984097786796,-0.019712621939889766,-0.009132539165542916,-0.020533895052619596,0.02534115495318339
gandalf:train:194,0.12584778735988036,0.04626224586871616,0.142974371269817,0.007544025608977111,-0.026484015911794317,0.07006128661379421,-0.013259152981222351,0.008719789211751587,-0.0004872486218845418,0.04232287076569202
gandalf:train:195,0.12051502016568516,-0.01604063541695327,0.046788680907254215,-0.04357684261189918,0.0006966251456973523,0.04443068197271503,-0.05570975090904107,-0.018246994123580777,-0.0019642513775970324,-0.02633341147600757
gandalf:train:196,0.14735335068456315,0.10773579772429849,0.21983677248847952,-0.002096196053191089,-0.05860051291694989,0.2633392517094273,-0.12776591420236044,0.025225858920541473,0.016497432956777178,0.008072920977718796
gandalf:train:197,0.21868947065782268,0.04332241334729982,0.17088463725175554,0.017306811472605953,-0.02639262670415555,0.05476783848745287,-0.0012967995849516487,-0.0032236403525845382,-0.0287614298120171,-0.0003949136563889373
gandalf:train:198,0.16040351131699565,0.0904418780222992,0.2348848236056022,-0.027995404989377314,-0.05494750625191815,0.14341087043299666,-0.0539214883544688,-0.008781257006748179,-0.0016101512638052528,-0.00729536791289836
gandalf:train:199,0.15888244769801996,0.059573000677998894,0.16913846410881114,-0.007428901556861052,-0.0457667249184543,0.09739754244554114,-0.03725916743587984,-0.010250796319519582,0.014416790650275433,0.013559025090704705
gandalf:train:2,0.168788157025195,0.08907287224906432,0.20901494531821724,-0.008309185746976302,-0.05717961378068702,0.23167785472010682,-0.08263601462715564,-0.011347477420484682,0.04014409161380952,-0.0070332767285647526
gandalf:train:200,0.030102182120216862,0.02895621539453938,0.0633378748753835,-0.0038296455917719526,-0.012812617696858443,0.036853159901950004,-0.020047361393717822,0.010915101850831931,0.008622476766667844,0.009761332499608989
gandalf:train:201,0.10235299907500453,0.041498508849163604,0.07590825933167114,-0.009374418675519552,-0.03454504492358388,0.02898140589023461,-0.03665002857460237,-0.0368415547916824,-0.011182407604648099,-0.020068116994405187
gandalf:train:203,0.055558476215370675,0.05878345273602933,0.0537016538620355,0.004289144076514251,-0.01876653245681854,0.060748534143370246,-0.03268930592946284,-0.007048871766174459,0.017068440831172763,-0.02217200585868915
gandalf:train:204,0.06879518517251645,0.0460492861385685,0.06052221947904565,0.012426283127465956,-0.024537518483283036,0.10949549455485603,-0.04016501559944567,0.03281140114837114,-0.00039238026171651994,-0.0016691417002541783
gandalf:train:205,0.14372103004963258,0.038146883657825904,0.1277352622817826,0.02444019289576238,-0.0232635139940372,0.19094620193850073,-0.09590556169943944,0.044005912415615495,-0.007422928739014333,-0.012955846755426841
gandalf:train:207,0.12126262038688987,0.047415238363355976,0.111752524102958,-0.0010225496644511857,-0.016699128704420245,0.1562263994625457,-0.09262176952391363,-0.005736285535284397,0.01212102973408464,-0.019219726391161065
gandalf:train:208,0.19336335430589424,0.0579952120872787,0.2639185857479792,-0.06303661385402275,-0.042860299007943865,0.34358086459730725,-0.19611027783940238,-0.04459569569943439,0.05113834292504201,-0.01722598524339417
gandalf:train:209,0.033053695862519286,0.03809230100437707,0.07576034518801417,-0.006339638043282911,-0.015276197267632966,0.05056895177362922,-0.03099908976757767,0.008919598000851929,0.004596441558677936,0.004060910898084448
gandalf:train:21,0.15330479467029456,0.031492158733014926,0.13809612376884167,-0.014492671078947226,-0.0033721006962062626,0.08534821690165226,-0.013867988662871982,-0.0009199289757994221,0.004170325572194209,0.0494329149482917
gandalf:train:210,0.1515588767055037,0.09699460527022079,0.13738310690596925,-0.013200467144147323,0.0233680511579149,0.07274910783673258,-0.010584830723986137,-0.006774508522486795,0.003924703374553846,0.0015367266988190595
gandalf:train:211,0.11990698629670908,0.07737254402042254,0.16146766516045252,0.02721961666240959,-0.0550036456996918,0.009959376107447388,0.017580840500136058,0.009712088731981948,-0.018764333383496663,0.04268207734022173
gandalf:train:212,0.12022268026281996,-0.05222001298273747,0.03160317793606464,0.03796308670712854,-0.02387064610035494,0.00686846261929164,-0.027756079266148755,-0.01301518358330536,-0.035633516455712264,0.03945755790417364
gandalf:train:214,0.07499426599085673,0.011392927073155255,0.09607217188548592,-0.011054289383363667,-0.028356392607197054,0.11305795409167327,-0.06039431516664097,-0.003174332832711178,0.0034306644366281767,-0.002053351625078969
gandalf:train:215,0.11892720464389349,0.034943966582098786,0.08063027739105555,-0.017097447241726148,-0.008297803463562852,0.012606036796302641,-0.00961730216345064,-0.006214138741748817,0.00025580108571400414,-0.011759727999471411
gandalf:train:216,0.15626728045673974,0.024032381041661922,0.16550822874440976,-0.0025574237961100118,0.02707214127024643,0.12689727623636318,-0.07911022718304529,-0.006695457950241418,0.0030698977303833352,0.019144384875030344
gandalf:train:217,0.07788904725997214,0.016692631704088145,0.0705023368921992,0.026296766099229995,-0.012504656794553311,0.09362664390635471,0.021300026963345122,-0.046446277550234956,0.03157203525240124,-0.0026947201025790614
gandalf:train:219,0.20616142543040233,0.04902909681172139,0.19356469532598888,0.02313355886550737,-0.07729171953413433,0.13595818493958228,-0.06608602976200634,0.018272787513685773,0.0010017762341268952,0.07078656037935725
gandalf:train:22,0.14014269789521847,0.09976512589886004,0.1917709204249299,0.015349774481301608,-0.05591958488506662,0.03266381157664867,0.004568744128956484,0.009036549930399864,-0.004420293871065035,0.03642521964257412
gandalf:train:220,0.032148174411610934,0.014018866284335865,-0.002736288866748957,0.010888994875550546,-0.006016915275148418,0.039100587151099875,-0.010978632273612201,0.01663332393118453,-0.006306627653593939,-0.01212832269802616
gandalf:train:221,0.11459527965445174,-0.013529775904719432,0.06831558500529006,-0.026296408563751653,0.0233627421283974,0.05122203899948469,-0.024463692418074362,-0.012041628520749234,-0.01901202358975565,0.003983691407320726
gandalf:train:222,0.1878529371665681,0.04787195738093692,0.19544354455595292,-0.008903276986020824,-0.04521898220967619,0.13647566096692718,-0.05002196842869594,0.024803901621069237,0.026461811837887362,0.037871512575263305
gandalf:train:223,0.10467060155469407,0.07084401936022222,0.1216663111577276,-0.02508215724009777,-0.03609276661552362,-0.02361617380687152,-0.04089791047795863,-0.042777498184735176,0.03382254541040372,-0.05801710593061731
gandalf:train:224,0.20375932149165266,0.029901935486535955,0.2168959485978963,-0.012075946625672657,-0.05545718769878876,0.17153512700300047,-0.11752278371435823,-0.035472298847454745,0.00582206245534543,-0.002084942538057958
gandalf:train:225,0.09781259058084862,-0.047919040750872825,0.0198082374330959,0.02633197230292643,-0.00994094475195721,0.02784122462487164,-0.043280594690456343,-0.009204614196736472,-0.024602367299849645,0.04650328639652378
gandalf:train:227,0.12759084361561293,0.02009611297491614,0.13964028692018327,-0.04176606342693972,-0.015033014547416595,0.11946167534149177,-0.059894846787581155,-0.018214088438370187,0.002164907067426801,-0.016701943388772494
gandalf:train:228,0.19493948822860313,0.13647599040698136,0.25797968068306987,-0.021452367059193844,-0.07515685884434105,0.07001105771711894,0.020579880761690837,-0.0062424588945431065,0.008538387316662966,-0.0009677430129705133
gandalf:train:229,0.15287430165537108,0.10683082963680533,0.17415301454171006,0.01150424458896873,-0.024693182893777376,0.184288740117728,-0.08920479586359745,0.029915322483148824,0.00668639748354412,-0.022402251927454674
gandalf:train:23,0.11631700561624739,0.02576069720374959,0.08521057023311722,0.06979290168290314,-0.004897651736769983,0.05165252051693889,-0.03427852345193921,-0.006436020745651716,-0.003461972015065375,0.03314634661721638
gandalf:train:230,0.11497887479720181,0.06751415558151741,0.06362865889217374,0.05122168362691686,0.03904608540340531,0.05226217634803382,0.08730258296102461,-0.07891175357401121,0.04465603746250431,-0.007683088611953362
gandalf:train:232,0.09174473597492099,0.03493981120507564,0.13130293770871468,-0.028323120677466392,-0.009209834030066005,0.13089338896780178,-0.06203757884551374,0.0018886709423100287,0.0073650696939797115,0.0048781437444323705
gandalf:train:234,0.13197761036469707,-0.02337456368895004,0.0999562110012173,-0.052714640844003596,0.01203064879027203,0.1211013763377336,-0.056307346238646167,-0.018230615551107228,0.0025261800870030535,-0.027552594387284475
gandalf:train:235,0.1926217275462303,0.05710015609960216,0.1760400697769015,0.022254945085047006,-0.02793240855046495,0.10619660224720576,-0.05160404933927158,-0.0014945767647019479,-0.0011439803534128423,0.02188977633801317
gandalf:train:236,0.07648152204585319,0.029120111658393816,0.11538023285331502,-0.013944239704488331,-0.03388320489852935,0.15151070771466157,-0.0829426518031482,-0.01312558576954453,0.021142750056658176,0.0028609173089962385
gandalf:train:237,0.14240052878772286,0.145709466309666,0.31257725332422537,-0.034498560633387056,-0.0686667462825748,0.3079750601644284,-0.14864961203229107,0.002573907615740434,0.03829799974427066,0.031272169302198234
gandalf:train:238,0.07957057469556102,0.013731479247797765,0.10688250027511931,-0.007385853009930455,-0.030341025296562033,0.1109008492389202,-0.06106338396780071,-0.014059031802569327,0.017738475161025925,0.0022440714447164887
gandalf:train:239,0.08999299859586236,0.07573588335464622,0.06943469626865748,0.033903382405626604,-0.016835943666277407,0.11320806176136039,-0.0324601355068901,0.04717194843014347,0.004066048149474466,-0.020836597688652467
gandalf:train:24,0.13507112590766387,0.0722519644198546,0.04148752317745172,0.03329480957615611,0.0028638938844651827,0.14149922316989202,-0.07134578101457206,0.012955604779227775,0.017119808794674757,-0.03664943238563945
gandalf:train:240,0.24037142188496655,0.05991709812412721,0.27443554700503664,0.044472108196726444,-0.035397247326488315,0.25314454736855635,-0.14334859512302145,0.0033741980873035734,0.025203637556923057,0.04952365312283848
gandalf:train:241,0.1281584609962052,0.011636761842260852,0.07886342698392211,0.04015383577948267,-0.03862883136857966,0.008382590702786658,0.001279608351196665,-0.014917293981075915,-0.011491410263606628,0.04704668548170577
gandalf:train:243,0.19339299227618945,0.1407907831347012,0.26092484761876505,-0.004876545573459485,-0.047526767909593925,0.12279656753932733,-0.052666475232856454,-0.015082707511916172,0.01609132957574662,0.005421277424857426
gandalf:train:244,0.1485855532052505,0.13606427345958558,0.2416413984278372,-0.020980353003978124,-0.054775450844495484,0.1928753233732779,-0.11970038400965836,-0.0006573232935082278,0.01723814362782776,-0.027253597919741804
gandalf:train:245,0.1194384601352717,-0.005581322719775983,0.06886706791492925,0.06621552860328654,-0.007770336666863017,0.06519912992794602,-0.08374871210265462,0.0007216296177322425,-0.01706709731692773,0.04853161085774781
gandalf:train:246,0.09891360411836961,0.056936731059932646,0.08675903942885511,0.03763610459254114,0.012632694576472963,0.0782957769710469,-0.03557786981910576,0.027792902401470195,-0.004135665781006585,-0.0022292169447928317
gandalf:train:247,0.11036666364349978,-0.0036429181375080143,0.107074619151102,-0.021853928548631052,-0.021857462468020318,0.03496900443155968,-0.013731244423305925,0.022103476999797304,0.018942713180208626,-0.007979111624590338
gandalf:train:249,0.16548345249747748,0.16405641455976577,0.3303320444112647,-0.039856535467338056,-0.07132931460227118,0.22384330921839252,-0.15101560725889954,-0.01728857737577557,0.0268061517743185,-0.02325296433713684
gandalf:train:25,0.08001885488624183,0.00045037215829372176,0.0494088338428261,-0.015404944086391089,-0.011552884448575499,0.023271203002775333,-0.0016072410096372885,-0.016378278041617383,-0.004949709067965528,0.009443807098983507
gandalf:train:250,0.18496811118940878,0.18771884218864843,0.28429861971920206,0.06005483745748262,-0.02947396090914648,0.24563299640355585,0.006135413434174082,-0.05056789202377143,0.04069482731028106,0.04163497513545837
gandalf:train:254,0.017351777208179882,-0.006052650111736443,0.017628068574722284,0.00021238974013279555,-0.005133380612065068,0.028279470918062315,-0.02222133096107312,-0.002664769986732837,-0.006224475176941755,0.004115727099247988
gandalf:train:255,0.08511268585525747,-0.00283231684670658,-0.00033926625188494185,-0.019863167377362323,0.01414962668871784,0.0227315151887616,-0.05275224274182954,-0.005984322931771868,0.006590216961249966,-0.019585659558848018
gandalf:train:256,0.08044121773806279,0.03097474221503943,0.13730365307695527,-0.00907173815474908,-0.019655350482801932,0.19623243021317208,-0.1162508486775146,-0.009534777829218325,0.01614300930034745,-0.0009992912477182246
gandalf:train:261,0.11727224222266541,-0.01926200153646072,0.08238542305506391,-0.008019640977585842,0.012009767292419277,0.05169622348826207,-0.040163719017019935,-0.003790639152803737,-0.00047307889769009607,0.03425785124111942
gandalf:train:263,0.12425192836867839,-0.031750238438961687,0.06334120149033401,-0.005625510965165557,0.0027302946314602225,0.032833420807634205,-0.022006383344772857,0.0013643989064253562,-0.009763634307109657,-0.001006922839550849
gandalf:train:266,0.11227123880143251,0.08926439473344071,0.1722256722665537,-0.009630919342228221,-0.04974737958295093,0.03980454610939432,0.02381517850596679,0.01740324074645646,-0.006713125426219523,0.01938254505803962
gandalf:train:267,0.17469457470596703,-0.00375151004462084,0.08713034515911472,0.08043241614712522,0.016395723417297413,0.09015584971402753,-0.08880137171615125,-0.006144523315841549,-0.02203977234916231,0.0379808354249125
gandalf:train:27,0.09591474203777252,0.04359790792319982,0.12274648797847929,-0.006042234495678334,-0.023309081669470485,0.21782059246498028,-0.11652563282531027,0.01257684524722291,0.02076822526982242,-0.0024750773992939542
gandalf:train:270,0.11396213983151132,-0.027500589700262933,0.06978680080506898,-0.041414328191638566,0.0009267660262873402,0.09655559725867147,-0.04086975800574278,-0.01572725091556459,-0.002698561082634188,-0.02648193701539671
gandalf:train:271,0.11128624716749955,0.07450568039404597,0.21809225958966896,-0.02218904734754684,-0.050205956804324235,0.2388496214263165,-0.1339889534081781,-0.020631681715639626,0.028346797418633357,0.012630834588350234
gandalf:train:273,0.15256720863222903,-0.06987481830748524,0.015327525672912247,0.07111100197653485,0.03843632663158345,0.017771064406779218,-0.03106816218658162,-0.005325767706049725,-0.027550480224585266,0.015840849275361342
gandalf:train:275,0.12657987628617937,-0.009993826661906739,0.07084975619385138,0.03373622896739865,-0.015664765976901418,0.04453742653872128,-0.005795763058618649,-0.017020483979043047,0.0036098868988057643,0.007281805057017212
gandalf:train:276,0.07257244072742813,0.07783935646161089,0.08739336585686328,0.016720165364235547,-0.021278058980783568,0.08543737815606695,-0.021601108611405094,0.029819806091595135,0.009854573133184982,-0.006830331086897356
gandalf:train:278,0.18170196058832347,0.15584820368080263,0.3310163762518638,-0.038331121316127294,-0.05831879350416112,0.17031450774229703,-0.05557524695403405,0.0032876394219088557,0.03805716022811568,0.019606751178558382
gandalf:train:279,0.1818949799597963,0.017680240767833977,0.14584418899599785,-0.03149633584432515,0.0162046481540376,0.07271508105703661,-0.03528733754308035,0.014055268613987983,0.005641958413273553,0.0366829056702103
gandalf:train:28,0.21144058595172383,0.15543552791960108,0.19224611974925618,0.04158162606166595,0.008245408927430455,0.0729685118409366,0.14338024375842373,-0.09269102846791925,0.05558885781992464,0.03757944630101644
gandalf:train:281,0.11371349737090683,-0.01987870183185648,0.051665388878770195,-0.05222980807237647,0.02487664253865904,0.06380751366623826,-0.0401687988174588,-0.003156759920825133,0.007123248921506773,-0.012371332272404702
gandalf:train:282,0.12645252006710805,-0.07402327359562322,0.023574890717775996,0.0035338303866114906,-0.01660759746311737,0.021679992592578527,-0.025759541187625013,-0.011486042113943702,-0.02800900088254589,-0.006705605604819372
gandalf:train:283,0.14200391712121588,0.13468405481397483,0.22975118620864615,0.022036718647703585,-0.06686246474979281,0.0309043426405394,0.019277611064826096,0.012312214451691334,-0.0054909218391676435,0.05834735858578188
gandalf:train:284,0.1964638984844043,0.13079342454093318,0.22996038818105755,0.06612888906888674,-0.0005559978918820705,0.3205069780773737,-0.022142174456581426,-0.0924166848113772,0.09459493749968002,0.011594007729590105
gandalf:train:285,0.17220440595521946,0.12492978133648791,0.30729124784753215,-0.04341728875547335,-0.06717820894907509,0.27838766537230814,-0.14782640141018719,-0.01882952363489596,0.05198381120530913,0.00436978728944699
gandalf:train:286,0.15706539931089858,0.13707244745111402,0.28264313063196306,-0.02289615060189342,-0.06994664291836279,0.15354900843660244,-0.053515408339016864,-0.004781403461020324,0.03246700648686177,0.007468953357457739
gandalf:train:288,0.12741388375835708,0.11106682624388861,0.2480098728256631,-0.020070713292616206,-0.05628082129747816,0.19943689784222116,-0.11117983940375151,-0.015808744041126383,0.03637269564727004,0.01604967071360075
gandalf:train:289,0.09122488464253724,0.10038194601309897,0.15392345040182318,0.009456185583683793,-0.04628853933869789,0.1786236404360513,-0.08250928943129299,0.041007175656505565,0.007257783117808987,0.00958285536262858
gandalf:train:29,0.16374353299431163,0.03790213056048196,0.1214875728396982,0.033925175727928615,0.0022975558288391,0.13338092429411216,-0.10038028982046454,-0.01816867842617614,-0.018343044501911425,-0.0030480605606254623
gandalf:train:291,0.1299388155225493,0.0760344043650813,0.1884923637096949,-0.022568744154840604,-0.050465044441008765,0.18888837062980604,-0.08234719365051968,-0.017989275184373526,0.013500311336894529,0.0071677309033497255
gandalf:train:292,0.2260652743400472,0.11848681676765911,0.2269679177263312,-0.048538101798771084,-0.019741586105930853,0.19859928085876305,-0.10854766901533323,-0.013793489379632831,0.02333528524064492,0.008047158251528122
gandalf:train:293,0.17685218379961656,0.04849990471540832,0.2025476724121461,-0.044838452693647814,-0.023296664642099216,0.13091188438226356,-0.057876960776090856,0.005976215464040847,0.00620999994814777,0.013013529825662938
gandalf:train:295,0.17979197076142928,0.015496345448008259,0.13798971331700768,-0.004060261009748822,-0.029542116364160886,0.0570825831458847,-0.048177193220436156,-0.019197704315088774,-0.00878764965842401,0.014244623578065226
gandalf:train:296,0.09105891171912602,0.00010004807854293842,0.04678483205229598,0.063447480768277,-0.006161939186353223,0.04528309454491467,0.00946046897917614,-0.012923631450778158,0.00812940226754822,0.0434744897995573
gandalf:train:297,0.12017645888659552,0.03096846403326727,0.1063659380883905,0.0011751153746117158,-0.019357106567933696,0.014386570065220802,0.01745543992499851,0.010260491050028808,0.007995249060310185,0.029233922806183223
gandalf:train:299,0.2184022981507263,0.13422328336347283,0.2642892959994083,0.022597991555185524,-0.04338122247574785,0.20507543476288106,-0.10201616632660716,-0.017332005435556196,0.0019952322320937,0.022992513707466505
gandalf:train:3,0.06413990306065606,0.05156434217145883,0.056159512278825804,0.008655483356786104,-0.016495721514160105,0.06993550833548541,-0.03349112509372742,0.030809053250097748,0.005707173210739592,-0.012511566723535147
gandalf:train:300,0.08443524022194755,0.020980689942007035,0.06637513964051275,0.009394863377474036,-0.028559175488480085,0.05553860008061094,-0.020958770837679542,0.017574072021016997,-0.0022159222687197664,-0.011319969097547088
gandalf:train:303,0.19992024180961301,0.06072691469976598,0.2318870706628052,-0.03975948320506554,-0.04398768498579538,0.2291107810726453,-0.07113778438991342,-0.024486504676180423,0.035797326689580786,0.005256179983563769
gandalf:train:304,0.1450603337916932,-0.005003442576097576,0.14899831927364265,-0.03903709245413041,-0.014417583952736429,0.1467815316701829,-0.05892852741859068,-0.009564548891058669,0.0030766178904901723,-0.011408937903963499
gandalf:train:305,0.13866421660270783,0.19439931662535415,0.3611911977762047,-0.010392167363266732,-0.07725636524438655,0.25836823989764435,-0.08965980698955417,0.04287375897614381,0.04050107478983106,0.08129327538316847
gandalf:train:306,0.09994993480333954,0.0003154915160789284,0.1004479010624861,-0.021975828737305275,-0.01946411047584181,0.11362194199438926,-0.05056736970860427,-0.002937758604704866,0.005363462812229676,-0.004727754750091003
gandalf:train:307,0.10553071348106004,0.06580792188512781,0.14508686518307784,0.02372590337862246,-0.04220884719539278,0.02933862816754298,-0.024299632163351827,0.017840508765991758,-0.006533682985974089,0.04422941685160483
gandalf:train:308,0.1041183749644023,-0.04927814851572594,0.06284608394930251,-0.03437808391359236,0.006711830594152955,0.08997993040782694,-0.053361310237064766,-0.0016916366114726588,-0.011911678436663277,-0.011856471969874568
gandalf:train:309,0.1683379665217757,0.08466816257985209,0.20640334872990715,0.061189755557308545,-0.024810281571934663,0.07992747315351884,-0.07348628667200378,-0.002085220301936595,0.01763831129997469,0.02640978327429269
gandalf:train:31,0.11945659893869327,0.03252467769657912,0.12130478590449716,-0.02303144777510916,-0.027820036591682355,0.047161650507237064,-0.015012325308516468,-0.018184613134449572,0.00041010944720200587,-0.015201728192367578
gandalf:train:310,0.21754315545603747,0.027460293687061824,0.12076442783686434,0.017885947688762574,-0.0050980684792593395,0.1629956143844107,-0.05920493194180078,-0.008663875763508374,-0.006768384299693504,0.019287969026116188
gandalf:train:311,0.12705836940257031,0.05925499640815015,0.13508627885637556,-0.03407195161817091,-0.014694838193289221,0.13674446707859975,-0.08901507772696604,-0.013868708366667181,0.01163565859851255,-0.0305904489631101
gandalf:train:312,0.19552881692607035,0.06159877766695033,0.16063638392406437,0.003407478617627862,-0.07304767045978594,0.08565379993681482,-0.013505883337329777,0.03809754808454285,-0.01767941932984907,0.021166603082017527
gandalf:train:314,0.14833940883858365,0.0864982024790556,0.2455131552044552,-0.030799519364020464,-0.045390203607388505,0.24713834818872737,-0.09815402006409338,-0.013219306838098537,0.02497153557170668,0.012326532395275567
gandalf:train:316,0.17406031992041873,0.08330149199169302,0.2375927435187398,-0.03395690999723849,-0.061527346680714634,0.122010978220292,-0.06697877550304593,-0.0201852809485516,0.017290265462364552,-0.018694014795598034
gandalf:train:317,0.10088890618275483,0.16102019733766826,0.2595177518599595,-0.01473373161226947,-0.06241316933434184,0.10763933360368523,-0.032031203088932224,0.023720079952905343,0.014861856875219459,0.028934822969818308
gandalf:train:319,0.17605772521569002,0.04897528089636712,0.1148060673846425,0.0520474870694928,-0.000537549787420424,0.012570985207886333,0.0019123155900675896,-0.0036426379314929863,-0.013790278393106072,0.013947031127206489
gandalf:train:32,0.09605517471263482,0.015598723001570693,0.10585000598110338,-0.025029442398523623,-0.014215893571810146,0.07397709838539308,-0.03554166190545874,0.002023982729675685,-0.0015011376035042787,-0.010160138537082376
gandalf:train:321,0.12217366550777026,0.04600690723311992,0.17229681915636688,-0.02722791260879136,-0.03239203450361786,0.12190252881136714,-0.07306062840549171,-0.0026010006461647675,0.018532720821858084,0.0014025069113577028
gandalf:train:322,0.14404804959147974,0.01771485247207487,0.12534891957280522,-0.0065098997869756986,-0.041674227079285704,0.23974333312560575,-0.10163862395757106,-0.008153682985333272,0.011271021056304467,-0.000659697791920856
gandalf:train:323,0.09051238458397201,-0.009741132142377765,0.07936149179839044,-0.03579582040678579,0.004177801582568847,0.1085781261542358,-0.04868450028579177,-0.017939668704798843,0.004366345121833569,-0.020560836069504748
gandalf:train:324,0.11643896882410573,0.1661133146746735,0.1729055613361353,0.0939098839249507,0.012833912078239978,0.23064863529897328,0.03251258433216565,-0.062437286381315835,0.0706122503562826,0.042732736143067704
gandalf:train:326,0.12996188708651954,0.06964890060840227,0.1486050618879486,-0.010410362175186991,-0.03901143580599824,0.2025989453605453,-0.09238042830132427,0.02845328973708713,0.0004053385243664034,-0.004816196811499901
gandalf:train:327,0.14808902355529027,0.020566576333560693,0.153825941676022,0.02160309674628676,-0.020021235127561786,0.1887219772138578,-0.1260734957787868,-0.019147990195207923,0.00728967882978776,0.024003184130083035
gandalf:train:329,0.11714185981793321,-0.00555490293844325,0.10501888315253624,-0.020967873999934345,-0.024152773660375843,0.13064477364188562,-0.06798362172418673,-0.025365944493240554,0.006585108061839874,0.006218846518900468
gandalf:train:33,0.1512793332642067,0.09415808018986932,0.1672328487397427,-0.028848233904521924,-0.049108149061087895,0.20150572943208359,-0.17745809807416374,-0.036469968300710025,0.04908165789136506,-0.03324361207728492
gandalf:train:330,0.05625642142954104,0.038100464788617505,0.05921429571316973,0.007761993562587154,-0.018729672535603748,0.0999369216824238,-0.04015432948141374,0.022530100065734415,0.0018225225915914042,0.0022029100729877432
gandalf:train:331,0.17716945450171734,0.060176304535365675,0.22292192917552764,-0.017456832804602425,-0.05723685016552309,0.22666284437174325,-0.09367650638325589,-0.021078788603313792,0.021764493958287022,0.015019383551110965
gandalf:train:333,0.15944002388054063,0.008314472263543177,0.14961819131148976,0.007275097194973175,-0.03165520355819396,0.15794567302203413,-0.09841844519927254,-0.018307042956785598,-0.0039284065480391026,0.019737032229118136
gandalf:train:334,0.05191175415315838,0.011872206006015606,0.07046801192727671,0.011877842385862813,-0.0286738688351147,0.051334370479293255,-0.021767344774641272,-0.0026935124921033523,-0.007256061303241949,0.02429099181814192
gandalf:train:337,0.11975540670083548,0.0920335754178131,0.13316380330146355,0.06222834349494524,0.026076099600308555,0.2587987673483928,-0.030839840573115708,-0.06689652440822845,0.05517677811202824,0.013585565622843514
gandalf:train:338,0.11144003249636103,9.264163500498942e-05,0.08386878389983232,-0.0070178851533705166,-0.025991115857664053,0.02497341600552752,-0.012427518783549064,-0.011544894894232173,-0.01784510962107936,-0.01704747904021263
gandalf:train:339,0.17025566343883197,-0.014189960074319937,0.14413380063898806,-0.02814058535246943,-0.01729325963214627,0.08757097583378046,-0.08874881000920565,-0.013614786965930863,0.02932931742598471,-0.01775766851256545
gandalf:train:34,0.10617546673547755,-0.00390437616643586,0.06548965393604567,-0.026052114520263465,-0.025088207631369642,0.12787803871767692,-0.03697184366636206,-0.015295363811482866,0.017169691290276717,-0.014285222444452733
gandalf:train:340,0.11378872969698932,0.030930710088322613,0.14757434031062008,-0.020224256531930628,-0.039182366486881004,0.1545352399344539,-0.07246494402344651,-0.012680547568753723,0.01789430829531025,-0.002361867850674962
gandalf:train:341,0.15711922907256268,-0.05319854573632007,0.046612166211568815,-0.006580568353371292,-0.0040008964067975794,0.03866244309415703,-0.011458089374789456,0.004278678208329962,0.0014110012974468357,0.031695619698709016
gandalf:train:342,0.04077805437373517,0.026113218558360338,0.0570822806009221,-0.0032660233659485777,-0.015682206318996705,0.02858182824978664,-0.020654416750777317,0.010366702375454843,0.007392848278620566,0.008019884688686151
gandalf:train:343,0.21067280584083506,0.19180600614895094,0.3057050506401704,0.029080812878493352,-0.03323077044218791,0.23757418441292644,0.004113976230460658,-0.059743287274884475,0.06164647027859565,0.010288828465931356
gandalf:train:344,0.2152839780541839,-0.0020064129340085566,0.10467424474276807,0.022829507308923747,-0.053698392689659286,0.0820345310792817,-0.03898719996510385,0.0023746627504739612,-0.02574682007717687,0.008916305882984676
gandalf:train:348,0.11421715653815277,-0.04060854349201669,0.048292988212292026,0.010530598869885506,0.009623167608050733,0.03608609032941354,-0.0314992829206847,-0.0005325566874818549,-0.011706413627845823,0.036857366928141906
gandalf:train:349,0.10540790633451295,0.15665546638988473,0.3107557460983108,-0.010598629107862412,-0.07446263863088962,0.2820367943982475,-0.13565042209164693,0.0033758649691048178,0.047449126633278445,0.047948394066580406
gandalf:train:350,0.15349908048250419,0.06797861788657532,0.17788181689623597,0.024140754035063293,-0.045238996993783566,0.11993185086079547,-0.025750891922323677,0.0090163920201547,0.012049931937394965,0.04018452167703381
gandalf:train:351,0.15934124042889905,0.09379727573387932,0.22378793075975367,0.009909104855034477,-0.02498906365115299,0.24112265202178024,-0.11911449402163707,-0.02431376464617395,0.030424893145055608,-0.004293095538329479
gandalf:train:353,0.11168835770141766,0.0677546691259751,0.1850410654799935,-0.007034418219460571,-0.04539580863054879,0.26754859317324103,-0.14428418666070597,0.008879207381290081,0.018635213993958778,0.006575095863523967
gandalf:train:355,0.1271864586590737,-0.005368608914687988,0.09551861900199071,-0.028437604231188362,-0.025795412086766903,0.03861393780514917,-0.01618217326872693,-0.01217159351587863,-0.023609973205560502,-0.035371880901716134
gandalf:train:356,0.10971897211434692,-0.04320774201728586,0.00943555435524531,0.010141760102128828,-0.004621044964879577,0.03785044844396656,-0.012592836360578188,-0.02155813333343669,-0.02115611162112301,0.013662666250490216
gandalf:train:357,0.05792522660854753,-0.01599863101198227,0.02155851137940326,-0.0027466396147576263,-0.0023453950502627086,0.06132117094587121,-0.030778435561383693,0.023511991401957068,0.004730532893794768,-0.01103570755323749
gandalf:train:358,0.10362819562149933,0.05829021143768527,0.17398882640508448,-0.01977809653333254,-0.03423549752474371,0.18554286972678566,-0.09446102375819215,-0.023044427988116973,0.02311857937621425,0.0030228199314673207
gandalf:train:359,0.0005385777171797474,-0.0005062025447525237,7.380571181457122e-05,0.00020903387423660457,-0.00010823127586774538,-0.0001177895212568561,-0.0005049932012217005,5.4828375072411834e-05,-0.000792786755320742,-0.00041264246445520955
gandalf:train:36,0.0628735008183842,-0.02842222539766495,0.022527128476163578,-0.03164774688705574,0.0196836491377307,0.0242133367600293,-0.008793200829810525,-0.010179449724941619,0.0004149985625464004,-0.021837781486144785
gandalf:train:360,0.13474785830895322,0.08095077978993201,0.21339786689730905,0.01924902394153675,-0.03130076535383803,0.28390934346417174,-0.05086243946351503,-0.06485386079071663,0.06444760429277333,0.035234763071267786
gandalf:train:361,0.21395009581590843,0.010605890042833294,0.15981119176813444,-0.0110909701609264,0.003784952614097345,0.0763684719422607,-0.03535875686432221,0.010293596856774122,-0.023598760009977442,0.04550153981163483
gandalf:train:362,0.16050044109121847,0.023966136501841526,0.16921058284669074,-0.045341709673123815,-0.01199677373066787,0.11427610818069013,-0.05592733878526764,-0.023370295777257678,-0.001378961124827598,-0.01680369848056332
gandalf:train:364,0.11782293779167438,-0.04706850564800543,0.03104803654052919,-0.012437338949506665,-0.011484686084051758,0.02573457703309755,-0.008534578957737933,0.0018264322802982965,-0.03546561775403988,-0.019443998543605116
gandalf:train:365,0.07977897349394027,-0.0029726035100486356,0.01757248198081881,-0.006330501783397165,-0.003800900800272534,0.017801986192822958,-0.01853796907249051,0.008670685570197675,-0.009470108697827283,-0.039542965619052246
gandalf:train:366,0.07902296805149739,-0.015567462059862775,0.031317634399338455,-0.006676955950712175,0.015317647697679609,0.010941132377610224,0.018690009651596465,-0.010361261834019864,0.014912862990327742,-0.007980936948344399
gandalf:train:367,0.15500645464681131,0.042228550478978395,0.12377321205274501,0.07244063374838383,0.003772858677597984,0.2165402806780593,-0.03434181114736031,-0.07548144999384095,0.04145250494194303,0.031231906721913394
gandalf:train:368,0.12292947716741562,0.03812066669360639,0.0929918871045535,0.021058243537881334,-0.037215776098313544,0.05533557766575042,-0.015909456009079705,0.038496696576439525,0.05726095393953304,0.035001079719003604
gandalf:train:369,0.07599983141831229,0.0727277003695897,0.05726710519571884,0.0048281206059023005,-0.026779775057023964,0.15352586727539602,-0.043113266030925815,0.05707820492042449,0.0012666575559075652,-0.009606181622714616
gandalf:train:370,0.19520891732351986,0.07935020841176528,0.18121675148124797,0.038753840675742134,-0.00946207388950702,0.07984590197442189,-0.04202745054987679,-0.0005903914766758928,-0.01616816157937709,-0.0003063765758233992
gandalf:train:371,0.09641877370746757,0.01761907033832768,0.09865259223780537,-0.021292944489957756,-0.00022013425508145583,0.01913555737389456,-0.0014922349156970037,-0.007522481632376843,0.003937968291164939,-0.006387921181026744
gandalf:train:372,0.06169387281090498,0.04983518121173737,0.10009411601518949,0.000599792053541782,-0.026886958140939034,0.08890000515746307,-0.041457010391107565,0.015143508220066621,0.014385563767873394,0.013010292011454776
gandalf:train:373,0.06411965074436639,0.0008034988543335697,0.058344271854983774,0.02453252454465148,-0.012155986584412875,0.04395083485868863,-0.046464368094645866,0.004604240660965473,-0.00693354491636916,0.04378692502496749
gandalf:train:375,0.16639875159443704,0.16341022567037125,0.29359172878115963,-0.02128622384903086,-0.06673036106726592,0.10395797481257747,-0.010979971236432615,0.008353180174569366,0.007200036013138243,0.02417627850043378
gandalf:train:378,0.18039394872299103,-0.006918620160309399,0.1704955489638229,-0.04264369989839657,-0.01921068513822726,0.2552361138465028,-0.13125925141247113,-0.0024738139114460923,0.004978038502790732,-0.012420481312960124
gandalf:train:38,0.09084646340461566,0.09077499760672923,0.1605395347020745,-0.006285553666932636,-0.04559621605879678,0.04649789085053965,-0.01754674798198366,-0.023619530345061424,0.01251167630224424,0.0035110917383781868
gandalf:train:381,0.23120109807522102,-0.008577664158635673,0.12166673505197151,0.05068239008072205,-0.02673187317360721,0.07981952311635206,-0.0204665124511643,-0.044422585855306077,-0.013564665538051484,0.0275957770300901
gandalf:train:382,0.06673631118555588,0.029825541306427256,0.056922510000339974,0.03302524201845778,0.0011542743889181766,0.08069397594080494,-0.053317477499465145,0.028832680745563093,-0.003494477728238718,-0.005824948582351143
gandalf:train:384,0.04900720170981951,0.02373961951339669,0.04545874482124463,0.0074879596889403915,-0.01608512102190035,0.0701936557018662,-0.03368949611505826,0.024419653621089474,-0.0016649899188005434,-0.0009291618235954327
gandalf:train:385,0.11921147165944516,0.019314174326885463,0.09981633274066748,-0.0005730696179709624,-0.016048041201182917,0.15098301330941766,-0.06701096437234352,0.06541123937541851,0.0212411688646851,-0.009021537609598194
gandalf:train:386,0.1612916979307066,0.10486359370610304,0.17584691263157046,0.013775885572158928,-0.055275218642171726,0.04885052862978952,0.032612644359011435,-0.010190479346726783,-0.004372000197527137,0.04652449975232186
gandalf:train:388,0.22745819209502408,0.03193011625236991,0.19791759912836807,-0.05630405365569127,-0.018427742822307237,0.10938842481803437,-0.006239182532135762,-0.006510409719374991,0.010276874194357962,-0.013795843686506956
gandalf:train:389,0.1515020164710677,0.05248133444195654,0.08177609414958066,0.024744132896138523,-0.03889703373297474,0.041117226155479726,-0.009188471555314418,0.08796445120763972,-0.05491718502159755,0.04329254911237199
gandalf:train:39,0.12115426424804764,-0.03367555743669004,0.05767031674885932,0.009062052182201566,-0.031119872542246556,0.045759144069625404,-0.023880954493855678,-0.005068908575284939,-0.018704241804501014,0.013778118253641652
gandalf:train:391,0.1728076535007442,0.03486512222462063,0.1125032793964712,0.0648480986653135,7.666521788995418e-06,0.20811204079341555,-0.032424685638988156,-0.0626788004217523,0.04266074344073273,0.013825467007846693
gandalf:train:393,0.2091922881813618,0.13187520320041626,0.29693953429792996,-0.014787244825871322,-0.05868857491632899,0.24981324373998928,-0.09561931393427454,-0.002590773335479199,0.02599623057057524,0.00855251952770117
gandalf:train:395,0.14629444813921663,0.020702197887563504,0.03617483649410581,0.024154682777502278,-0.0048804520828618185,0.11233850465024707,0.03519942148625315,-0.031742510891254946,0.014300087891821266,0.006706535180437553
gandalf:train:396,0.08137699662433613,0.06476910041226525,0.138423939409529,-0.005372575745277777,-0.03335099209814668,0.050972217975282307,0.004616746038389844,0.009533416121509878,0.00834582150458444,0.02229669330879959
gandalf:train:397,0.07108811936809517,0.014558658794759047,0.03613889043366373,0.01934396060718089,-0.01717835815919734,0.05526527206737815,-0.031843251434453046,0.02267044531650172,-0.013047114305690602,0.015835453820032395
gandalf:train:398,0.08022033044820884,8.055209076948393e-05,0.08010036290580583,-0.023734337090973466,-0.01674427171921483,0.1103587856899688,-0.0558656094714545,-0.020976372123569197,0.014693332558652149,-0.018917833406504072
gandalf:train:399,0.10191470364405293,-0.030881631883757168,0.004397417788552868,0.04294949275124208,0.018323345817637542,-0.009339398860997408,-0.006562370970312933,-0.018807817081435325,-0.021667599234108936,-0.00012631402446036823
gandalf:train:4,0.12056185056176331,-0.012554650246229971,0.06186960816250385,0.022894124756433848,-0.010712556638711285,0.013456175314679691,-0.05941276069385598,0.004650434790591189,-0.015583618768963794,0.06194106855186506
gandalf:train:40,0.04044819506651689,0.05011940552902342,0.0806872578070272,-0.014170110577531583,-0.013179181733543946,0.07546148117781139,-0.035221257012445446,0.011684848910490337,0.0033394107288967417,0.009881042369443357
gandalf:train:400,0.16838665868216102,-0.02616327133110566,0.07870717086096789,0.011033938498370253,-0.024216125907198106,0.09748881079926823,-0.03441527105527977,-0.03532888856760161,-0.02036470771427804,0.02759158046091046
gandalf:train:401,0.12812206983750307,0.008141638074379577,0.08227451092712738,0.05475195944562614,-0.01652559874843793,0.06031088591612333,-0.028428122290198053,0.000907069139808971,0.00634569636922924,0.04688061451373069
gandalf:train:404,0.10960328103480126,0.07793886698759851,0.08856125780573214,0.07833425251729625,0.018907427602684542,0.15934034276351852,0.05313963255731514,-0.08029816089594954,0.06215038103842809,0.014810819617709272
gandalf:train:407,0.12192747032181327,0.03318600078011978,0.1993031338571566,-0.030924060415019935,-0.030508035995514843,0.2498741043039552,-0.13552928503401404,-0.0034059845678927995,0.02544139339764196,0.011505874092603051
gandalf:train:408,0.12556422305894693,0.05313268087267024,0.14509215005692927,0.045944801150465016,-0.022554014428509944,0.050210991839692784,-0.018153396229372037,0.01489011897033352,0.004138513768465071,0.05066640006185677
gandalf:train:409,0.20241898423617316,0.07334560531350502,0.2540106028024212,-0.006599675297387704,-0.03849527746320198,0.2817727700816373,-0.179266268217513,-0.03459382282005365,0.030451196123814805,-0.0024463379371702084
gandalf:train:41,0.13376821067008207,0.055811581018032734,0.21457322630484382,-0.030397667986661926,-0.04590325123898656,0.241771476732268,-0.14146155666277338,-0.03172825406849102,0.04676172125167142,-0.00472660168028886
gandalf:train:411,0.06445317411315786,0.08589667793582768,0.15883953698437187,-0.005131419512217338,-0.04440348976452886,0.09162407469585825,-0.031084460061062028,0.01488371820610935,0.023345795524806732,0.024237353463198556
gandalf:train:415,0.11225371467409183,0.09352549959005946,0.20029085013292824,-0.015977178511929,-0.049303313508483396,0.14768349121431917,-0.056891896402160934,-0.0030557596002716457,0.0274330342642113,0.02402148296052821
gandalf:train:418,0.10906364861466686,0.012258226243003625,0.07646281458107414,0.05770324757903932,-0.00779741747790033,0.06786252440809963,-0.07580676760305105,-0.007274904470323732,-0.02026912238015366,0.046528888698033795
gandalf:train:419,0.11090267671855804,0.00048808000612760114,0.04824647335181352,0.04799517209509878,-0.028496711286514,0.07085667418479469,-0.047945501770412347,0.03413651611948073,-0.02730465883899258,0.02961657834416816
gandalf:train:42,0.15800824513007936,0.09105407576418391,0.23050008417840862,-0.06735511127587487,0.017509985637493362,0.07797335267106181,0.016338834342628866,0.026454031347578476,0.0046689597769851675,0.022888735565280396
gandalf:train:420,0.020487480721080472,-0.006191773030384297,0.011822361806635987,0.00464934001051259,-0.006580923762983367,0.0056437719189709355,-0.006380448784956307,-0.010191956258797777,-0.011250100932207832,0.002004473232870715
gandalf:train:421,0.09836319348599003,0.0329579866408574,0.11345428366029295,-0.015696234513382055,-0.02857895122949156,0.046292213894651,-0.016534558622859873,-0.012334527361318959,0.008277236839871636,-0.013549604643482923
gandalf:train:422,0.17265918710731776,0.07675241028032304,0.25260601906915564,-0.03805397071291564,-0.050171017717840556,0.17578493873723502,-0.08510879721195337,-0.009071734374927446,0.04597053415904463,0.0007115831420025728
gandalf:train:424,0.11527813291988906,0.045363373773763566,0.10730714991457171,-0.007111898351520183,-0.047433931827540826,-0.02144892203457556,-0.010155323947547763,-0.019317523178343614,0.018670424485025552,-0.020473107820165367
gandalf:train:426,0.06353208672170138,0.05072929953753056,0.03227088570114965,-0.0009727368843690746,0.014589865747560863,0.01061765246761851,0.010006404574438353,-0.02951439146257735,0.008431136615082822,-0.02343656875133408
gandalf:train:428,0.12900638595983216,0.016639795663500524,0.14021709393291928,-0.04092784861084058,-0.011925818400095217,0.16167596204761103,-0.06846961708817303,-0.023086105796653305,-0.010148963751541382,-0.007153210550485161
gandalf:train:43,0.041782332191206056,0.05183956730556826,0.11099742202564258,-0.005076725292096586,-0.02621985958494552,0.10504925447971133,-0.056543722647392325,-0.00814134248152851,0.012161103027266636,0.007062194544241648
gandalf:train:430,0.13414219581128506,0.008575493907511882,0.04978712370195288,-0.008342331094496737,-0.005053160672288922,0.0782543528741671,-0.01188325148017482,0.012590137421045746,0.029055921755573325,-0.016697169849613842
gandalf:train:431,0.07472361186764692,0.01948825686067484,0.08780629608996507,-0.017990227102552388,-0.020273479212194478,0.0939096946498712,-0.044664988396018235,0.00454133187589889,-0.0051982002272913195,-0.0017767493929030259
gandalf:train:432,0.1418325712092328,0.012743063066094892,0.1682104807092498,-0.042546271327906705,-0.033741575526276026,0.26425683529601673,-0.1474805306907087,-0.029141530045507655,0.029097855419114593,-0.012803978893276282
gandalf:train:433,0.07097201618774392,-0.0326766203570325,0.024573124088567648,-0.016985670136745346,0.004418849909053834,0.045286371595718,-0.02481966680200127,-0.009833787224653529,-0.016808676885677835,-0.0026357546211341846
gandalf:train:435,0.11523772526975619,0.05543678744278102,0.1371955657903812,0.011492033776665632,-0.04398644982983952,0.0662148947717211,-0.0160194786050933,0.000979012854512783,-0.003657638952723489,0.039644185531936015
gandalf:train:437,0.19426903800385267,0.14590198617301625,0.2392295615679374,0.06998285750169225,-0.04084426400603925,0.07953530218114899,-0.03411130528211792,0.06630353100513423,-0.03215120317960845,0.039174933962502996
gandalf:train:438,0.05439636958567157,0.015672590754216353,0.035187061020276154,0.010641979832281467,0.03379583538581683,0.04872946330164959,-0.04166987141300518,-0.005495001775837675,-0.0077986039102178216,-0.004693867480611798
gandalf:train:439,0.15213655145361224,0.12024902312169802,0.24066271734327732,-0.0693692021307547,0.002070091572710734,0.13604808859859183,-0.11356208016398867,-0.004606143251508154,0.021867671511095463,-0.017361931635661482
gandalf:train:440,0.12120011557002418,0.12362455153421666,0.23551531177866944,-0.019690277216916293,-0.050995970338212876,0.13353956650467183,-0.058974774731064494,-0.0016007827454286973,0.018294376514817513,0.006207734911922483
gandalf:train:442,0.05651863007580437,0.03973161272771376,0.04420113578669067,0.010979361323365161,-0.018379932158691357,0.08565832422577009,-0.03717047884686579,0.035639934373033824,-0.0043289685979824325,-0.004806486100285333
gandalf:train:443,0.09896184021554674,0.003747934695087751,0.08356632972109204,-0.04473556649070283,0.013432564804606863,0.059182097429581935,-0.026039591193869407,-0.011856951222420477,-0.008389501899743777,-0.023546640215212068
gandalf:train:444,0.21469478428635605,0.17190646410584234,0.38539836882977274,-0.08910068093635891,-0.005363877943505636,0.3191695496075693,-0.18048095147840162,0.015416184129217792,0.0477566483907166,0.044294018667647025
gandalf:train:447,0.02184272333081231,0.012446133149659035,-0.009597253908878391,0.008516981532091648,-0.0036236753272131006,0.02775627176790044,-0.0035380728841858684,0.017044476970230277,-0.0007328637063214651,-0.011447841712392583
gandalf:train:449,0.01997706926318292,0.020547883310025394,0.049782355917094324,0.002254860471917269,-0.010108932658430976,0.06012914441549529,-0.02389808455598926,-0.0018385741276591592,0.011267015435598361,0.009897473832670511
gandalf:train:45,0.14707639002472997,0.000978138361312963,0.10054953007237287,0.0007914657023104172,-0.03647137805424524,0.008533870433316847,-0.01124801532772399,-0.012372302114832912,-0.0069652358914359,0.0036502198047485713
gandalf:train:450,0.17513338555563696,0.01513697300205437,0.17235077189584913,-0.06226831497037512,-0.007521993587915365,0.16573317472812132,-0.08046374879030141,-0.006776038525227855,-0.005740374469556371,0.003799989475736698
gandalf:train:451,0.13653070265371434,0.026259294637229216,0.18406494095107154,-0.036955987395852596,-0.033105199141004085,0.2647697277909008,-0.14708216582978573,-0.022279467428147143,0.017756931243030398,0.01862149260075943
gandalf:train:452,0.000133266369374614,-0.00016855892128622154,5.952185866501839e-05,-5.3978232798389226e-05,8.483955919469693e-05,1.2710024631070555e-05,-1.3648021619184562e-05,0.00011322105156564492,-0.00020365374256643966,-0.0002779583616356961
gandalf:train:453,0.2051215743924966,0.06098808727664969,0.178698678807314,0.08504637634040237,-0.006498452001477679,0.26397294521947756,-0.17133197029185854,-0.013314584448407187,-0.0019280826695427257,0.01459675877387123
gandalf:train:454,0.15126628479143767,0.1146911121327915,0.21701172534966784,0.006380422387907045,-0.028513034192986484,0.23289099802256924,-0.12275628965956832,0.01999041519920084,0.015184695699267925,0.01328163236564968
gandalf:train:456,0.07989214461737472,0.08025284125114461,0.17626930225599693,-0.001538257030827325,-0.044346847225447024,0.12220243895978032,-0.045322668464562385,0.02189701713326166,0.011693201213372225,0.04232701916087416
gandalf:train:457,0.0705000833974538,0.10817466471898671,0.18061674369035546,-0.016062107839532273,-0.039965019748516656,0.13057626226217134,-0.06590024417973632,0.007898859959340634,0.017406454272810037,0.01783599344797636
gandalf:train:458,0.13695055821770152,0.006920676085942829,0.14537158877950304,-0.0366400930141086,-0.03572149671680946,0.25125256218850683,-0.12953276816029285,-0.033881057528413465,0.016410550288295786,-0.011183797227416447
gandalf:train:459,0.1945524130458678,0.1640336756126948,0.244821699578577,0.08351382720958217,-0.01009842623234752,0.178844999729166,0.033646562743251,-0.04410616919491087,0.033171564965287954,0.07885237890678175
gandalf:train:46,0.12584838188529482,0.09247444599990685,0.16176097314594934,0.046994919423266286,-0.022553451294760846,0.07580623963759882,-0.06925171537519814,0.013997889528322332,0.0016226554894560711,0.031255742836676245
gandalf:train:460,0.2470116996525951,0.05494383310081431,0.1464406388281693,0.009262257961047307,-0.02282085393608506,0.015716500201155253,-4.372127557825361e-06,0.03011405778667738,-0.016432008015108992,0.031344550188946725
gandalf:train:461,0.12218926658492148,0.016702379151303064,0.09408803203289756,-0.015064759508355636,-0.03532203711113838,0.12256513425354802,-0.05193004121033401,-0.01670367405110235,0.01392022326422449,-0.02504899018326476
gandalf:train:462,0.16614157642501592,0.11085828361179115,0.2760297245056603,-0.017762943071519287,-0.05761112102241951,0.2613285146589315,-0.10350320685095382,-0.01611858306039958,0.027885681390369687,0.03149564520018052
gandalf:train:463,0.1697032174756332,-0.05750477370917829,-0.014390059677668744,0.028693316796903474,0.001359963817313239,0.017728876089335273,-0.03726977306879058,-0.021546030349620562,-0.03920804796089651,-0.0042841010931133575
gandalf:train:466,0.1043058092104961,0.05112490213795636,0.1283947833984062,0.003233902617860548,-0.04161545610945606,0.14876529545478487,-0.08088948444625334,0.014348758053392448,0.02491167294209725,-0.012369961673677234
gandalf:train:468,0.10231680652357253,0.019559278253349303,0.05694267486130474,0.07315003779226119,0.010486623254118012,0.059895204479099934,-0.06214697439385336,0.014970333847683199,-0.021184835388192946,0.015852168549859443
gandalf:train:469,0.16280555220356435,0.07294226158139788,0.2007540668682041,-0.03081724721620122,-0.03475878623660114,0.1142422781775491,-0.023250298566800682,0.018510770184937488,-0.00379335062936622,-0.0021954304690733457
gandalf:train:47,0.10085663784875365,0.005673589118311824,0.09785630850478694,-0.041238404750180216,0.004506621286995959,0.08944781527724233,-0.03942934360710499,0.02410323306288093,0.03521078037192941,0.0001983438133777505
gandalf:train:470,0.04840625289814509,0.02548618563537726,0.04774474000197947,0.007150787263983356,-0.015145657786589429,0.07475671704113632,-0.037506425735717545,0.024869298469960534,0.0030935142165849855,-0.0008831222278477722
gandalf:train:471,0.0916646653800185,0.09319342737760573,0.04690664006040874,0.07706804167346497,0.040999628227461164,0.11563277044809853,-0.05870555170608465,0.04089967835080231,-0.0013093188921495097,-0.02366424246341579
gandalf:train:472,0.099281740268272,-0.003032620659492517,0.06364209994943838,-0.00961039603124295,-0.017335642189962856,0.04987345614838823,-0.03621496738187798,0.0004972334190346884,0.016453046397792874,-0.02745084723691963
gandalf:train:473,0.19590193660302085,0.0463076004937708,0.20842283231749437,0.006296511219699477,0.0011873684596094413,0.25359226005034297,-0.16448396980921,-0.03414082844130025,0.0072437360488966105,0.018593404316880315
gandalf:train:475,0.1524203770667106,0.05087932311901733,0.1681773286159967,-0.0678256304360729,0.012765499756598537,0.10787875907909665,-0.10731259564302294,-0.024476141386185507,0.018113089094338324,-0.04117768150768339
gandalf:train:476,0.17682290195314423,0.169629560198893,0.10850246122864592,-0.07069052610602601,0.017386315263139746,0.15133360738970844,-0.2401191932073059,-0.04090130205892698,0.0663056208132299,-0.01604513497146894
gandalf:train:477,0.12356292144586568,0.11239873796686661,0.15163255624325608,-0.006596330320753449,-0.0277469781029041,0.11010193570998296,-0.029098005288945045,0.018306479267107097,0.006903761857785327,0.0009338698675808401
gandalf:train:480,0.022625052420498205,-0.007228851489220849,0.015289611868222235,0.001443774217045052,-0.007996629034019303,0.010322726951233499,-0.005393403666771165,-0.00559374725783931,-0.003420557921554126,-8.866419001457961e-05
gandalf:train:481,0.12398633678702982,0.030042009902989,0.11581786720005441,-0.023372788299613294,-0.023790036757957895,0.13937097075303,-0.07931274910754824,-0.016200607609587414,0.00686273656004081,0.02009287500579027
gandalf:train:482,0.16594059006490322,-0.046097819887146445,0.06777390676379187,0.008444836197138142,-0.058630341824739154,-0.029356040238221318,-0.004518923332005193,-0.0005529184800775188,0.0032774495501955675,0.001842357386030071
gandalf:train:483,0.1276913750770537,0.050464316355727463,0.13022075003623854,-0.0212261622230353,-0.03622306380367177,0.1655785647265738,-0.08583226247920014,0.000406071824047413,0.02223760192250425,-0.021783049663880606
gandalf:train:486,0.1043371575381893,0.0559207952745814,0.11508256685469295,0.015013230878094476,-0.008662111106811511,0.04170631592334939,-0.017781757120722393,0.0024419651145990524,0.005439787397666198,0.042340922439303756
gandalf:train:487,0.16091241386451272,0.02148559516796275,0.15688492126659218,-0.00406208316596273,-0.033417154713555455,0.15049377372157202,-0.0744671400886477,-0.02316874248050286,0.009547462070845234,0.017831231957801497
gandalf:train:489,0.06888325308833916,0.0293210971733165,0.07435281337999104,0.017615607553410677,-0.022851959246199195,0.022167569659666098,-0.020801711568720842,0.010109344816945092,-0.0067186984620465386,0.03428085686014032
gandalf:train:49,0.10625304149986867,0.14439899648833357,0.25278789985511635,-0.00884669542123139,-0.06263756393898835,0.1952391417460817,-0.057594462472374944,0.010956614649342063,0.031194997309975332,0.04856698126774432
gandalf:train:490,0.14377294037955868,0.11211637666137728,0.18545427499697062,0.048723034079942676,-0.01283987689432453,0.21300191786203496,0.013396450023533561,-0.05245655970010753,0.05810699588682482,0.029418814332644226
gandalf:train:491,0.14911990393369112,0.009003511183983055,0.13909135569175488,-0.009545274708848049,-0.02448186099191847,0.20661310359077753,-0.10913309322816918,-0.013197841247970929,0.010378359798212729,-0.008228524988141559
gandalf:train:493,0.04257703806559027,0.04933105755081859,0.08746067952863465,0.00044234917956778824,-0.023562297685757457,0.05047553483575388,-0.004845191868526029,-0.00554122157242031,0.012464235571904,0.010795151558675225
gandalf:train:494,0.12683766670869312,-0.04329516817138663,0.04720872063823842,0.012644046857178575,-0.0300534893719274,0.04597475863853582,-0.019865051054776824,-0.017129123423307774,-0.015393583040737593,0.015982239944807616
gandalf:train:495,0.13246012407223234,0.05205129945055871,0.11146954418105999,0.07813249231417552,0.011594638472094798,0.2116125725239115,-0.03538245845159609,-0.06291362324481634,0.034051728338855954,0.04127490415193455
gandalf:train:496,0.11493151905105675,0.06668623111394593,0.14316584088766451,-0.0038139579440783014,-0.015884652013351135,0.08013786644851228,-0.017296768062974255,0.0013355025601114864,-0.0068845533788818875,-0.008516400700001169
gandalf:train:497,0.09921558774819587,0.06827283934072578,0.14420845579447727,-0.01115324482849222,-0.04360734409372518,0.027191793501691937,-0.00924164954261492,-0.01213328748030369,0.017238200317549877,-0.01704205564164185
gandalf:train:499,0.08504322400653593,0.029053041263416502,0.06254628898501463,0.02079336886261037,-0.027187016142161295,0.09913208473420283,-0.042046555864975535,0.04887436560915544,-0.0007633780601640262,-0.005084578997289143
gandalf:train:5,0.08163499989063933,-0.0011940069526876675,0.08245773228842215,-0.022279137731324044,-0.015795624814010176,0.11196630458920005,-0.0568604662040141,-0.018828652881698552,0.014422715515566151,-0.016572184633284512
gandalf:train:50,0.1313916989558198,-0.04365803047021393,0.054648110715348475,-0.021848424471258288,0.006203444531969997,0.009518803916028011,-0.010992894877963517,-0.0018654553312658854,-0.02985369312322465,-0.0008674472146874251
gandalf:train:500,0.13435409606230794,0.151267841267883,0.22519765377456655,-0.021452124073210652,-0.05059537479962897,0.09756311877304043,-0.06175002811175713,-0.001120348969856557,0.020328224769163884,0.030815165676573768
gandalf:train:501,0.08677784975346647,-0.04641165749659329,0.023490711765104,-0.0028048408404464055,0.00649652634521108,0.017303501630999148,-0.02340063750894346,0.004880934482107352,0.005884258287269429,0.009145786901501465
gandalf:train:503,0.08750044691947259,0.13572124104006095,0.20397547689960957,0.0036374745884279504,-0.054301554605111185,0.06779447582107602,0.03656904369766132,0.014648447809199546,0.01825083042092637,0.04619038587737324
gandalf:train:504,0.22622428967737052,0.13333855105532405,0.31827697600153154,-0.06721620066909778,-0.03082220152627673,0.16959760282273909,-0.07820095508697758,0.005831737203119307,0.052499264236909884,0.0032149408435772136
gandalf:train:505,0.09377636344075624,-0.0030848501333315343,0.051703459812816176,-0.013858936541801151,-0.004571960961800567,0.08293826899788927,-0.03918562003446969,0.01697917626573031,-0.0010612440695474395,0.013390365663955793
gandalf:train:507,0.15799518147392655,0.08132826670293453,0.20072242334210572,-0.01797448728082292,-0.055743937725031174,0.04450354816112752,0.005574364260459785,-0.0034364615201385594,-0.016147230046850914,0.0031602114317493663
gandalf:train:510,0.08796066376530276,0.06710522910924532,0.09542267660663398,-0.02190132852498059,-0.002004383526172061,-0.006663857463479753,-0.02126106654294759,0.012416132947421093,0.02537921936843901,0.003164283593189022
gandalf:train:511,0.2484083601125037,0.010112706615158255,0.14866144583879054,0.03259458950622441,-0.017887212726621946,0.10384993075800425,-0.03464622599833298,-0.015832391639773482,-0.008472810773299234,0.030723609637854515
gandalf:train:512,0.12256897922178442,0.06765848994283524,0.15060597512027962,-0.002487563967271161,-0.019721198955959314,0.08421491368732488,-0.018718536372341922,0.0009338483298909329,-0.009058855728777323,-0.00958192380705351
gandalf:train:513,0.08514708924442484,0.014839619765392756,0.03525216621321848,0.013408424637559372,-0.027381160914061436,0.022247958649808837,0.009324299216407423,0.004488017484990875,-0.011072432268907025,-0.026091118250019498
gandalf:train:514,0.03776672616314029,0.03395594306180319,0.011091167106309604,0.0017289498641904267,-0.010957855754372347,-0.015492751951005215,-0.007764980152903773,0.0026632411321843314,-0.002555307915870106,-0.043627271062390865
gandalf:train:515,0.11546970127618214,0.11592573159936125,0.1813990334468986,-0.007542383199198312,-0.02450742923581952,0.10910637602163399,-0.03994015953826376,0.033951936394618944,0.01781927622392455,0.018979060436408943
gandalf:train:516,0.14822093427219435,0.0018481249994340035,0.10922016994674036,-0.03552454415125198,-0.004798854299616969,0.11294274865337392,-0.055152065592830896,-0.005780458151336333,0.01264323618790393,-0.029686564852943135
gandalf:train:518,0.13867513489157213,-0.0359490054984798,0.06462867874789469,0.0025824249057148454,-0.028620013851821162,0.13229404554743365,-0.07254594329730271,-0.008241737214667803,0.0022132557200792075,0.018863742627477857
gandalf:train:519,0.11271780228479163,0.01135921886652659,0.12043403296835298,0.012299727009092848,-0.03237534671794225,0.11081254495580264,-0.06468532249133867,-0.0033061094754128525,-0.010912717372072457,0.03857105664676491
gandalf:train:520,0.10370313419143562,0.04811717807659941,0.1571833295821181,-0.03420827377526625,-0.020214038263856326,0.17112150715358354,-0.09054913535797153,-0.015004756166232345,0.009690806277342987,-0.003518769619671433
gandalf:train:521,0.2064753119761655,0.08726021037896062,0.2826816481841399,-0.023559042123875072,-0.028752155283546223,0.20574285643878634,-0.10938518119868078,-0.008221997145715101,0.018206108397585095,0.03965366265658125
gandalf:train:522,0.10961614810306057,0.0463418807133056,0.04721929167468699,0.06134426236279492,0.024284213204738638,0.09107692929880214,-0.04878357532304129,0.026860797140392217,-0.00023883333404861313,-0.03998584689491185
gandalf:train:523,0.10407343598947857,0.03875968939572535,0.1344289347240961,-0.012026881872012899,-0.04246238778124971,0.06344202922098349,-0.021951239097746933,0.008655463869878453,-0.00673661884445926,0.012706752790845273
gandalf:train:524,0.04473327781345129,-0.013810230118807883,0.014294100667843371,0.023895416953549173,-0.006543485425896903,0.004542716420555491,-0.021780793165715424,-0.01090627590048192,-0.012196778744942002,0.020825364574050223
gandalf:train:525,0.24447087084642025,0.07434883520491456,0.2585077418655664,0.0541761587775469,-0.046279848763717324,0.1625320286074089,-0.08930566370181969,0.01660441868597092,-0.004935820784194989,0.04276929318128715
gandalf:train:528,0.07126471296524389,0.06306401541822057,0.07919289046066863,0.01549909832058085,-0.02929433676721164,0.15625272549296493,-0.05341912458894013,0.04247618123440866,0.012822983288671451,0.004288044469206501
gandalf:train:53,0.05525321442274469,0.03794212290752351,0.0706067859347186,0.03755652888145793,0.00226625293646035,0.0861872275925817,0.009636912928005042,-0.014614535108161526,0.020549613119046486,0.026796847608984792
gandalf:train:530,0.1502114518636673,0.059125921134077136,0.2140027628367065,-0.02165652210238356,-0.042996217217043414,0.2960063572583297,-0.15112899968891783,0.017135566644536627,0.02469701326406188,-0.0015679718155090687
gandalf:train:531,0.10151082433345508,-0.000896100966044537,0.04163264666198458,-0.007032658190157152,-0.02547181163243859,0.09215007287089622,-0.018329691951622352,-0.001253106029051241,0.0013673501974054594,-0.016062134603713973
gandalf:train:532,0.13957876005933212,-0.012805409461720041,0.13645982141122015,-0.008008716438654018,-0.012499080663274887,0.17736760343660923,-0.10891043050447602,-0.011974770363591881,-0.0075776255452722294,0.02274061176334488
gandalf:train:534,0.08438284014447514,-0.0071567407903718695,0.062101722288471925,0.008031580324567095,-0.008033285329563674,0.06102513763946503,-0.04866718644075219,-0.00031605654504870777,-0.008793050534302552,0.02366057307963827
gandalf:train:535,0.1455721231019404,0.0456372979689275,0.198931771219931,-0.03442764235611965,-0.041792714279797784,0.15431131816336674,-0.0879035262701157,-0.011607343959396057,0.03505032776449596,-0.015095159202670775
gandalf:train:54,0.12750585931406672,0.12084324931803259,0.2551599032852783,-0.034033598532347546,-0.039083235640777425,0.17835712009501714,-0.06631020348802089,0.0016834353102875865,0.035254609848506285,0.01505876583085846
gandalf:train:540,0.1903407765607382,0.051792221562487376,0.07975680015301642,0.019617478175196133,-0.03895920114876982,0.050786947505929526,-0.05810945323347904,-0.021268931766669563,-0.0020041088253179673,0.017366647886393496
gandalf:train:541,0.12613709451364014,-0.015092541104964522,0.08128711194755212,0.009907759081846186,-0.029398812389742252,0.05353154079946146,-0.05500154945399005,-0.011630492150033077,-0.02654770665064732,0.02911042742020409
gandalf:train:542,0.10810303896355129,0.19189843512700952,0.2879210408494024,-0.018149049972344837,-0.06728925218922499,0.08615776097260987,-0.022980700053418443,0.0349219004761507,0.014538304511112484,0.027796678250939115
gandalf:train:543,0.21189428561192716,0.032630952763341714,0.17685268702949422,-0.005232883730807738,-0.050586469717672174,0.13499138489527956,-0.039326390191988435,-0.004268656485280276,0.021913622592503706,0.018022280264800246
gandalf:train:544,0.0592433031709307,-0.03058972211889261,0.02371576838600351,0.01920195493251661,-0.009633367247941433,0.021942094060429646,-0.034655764516009324,0.004801459170739988,-0.004004016128801113,0.028179523571574175
gandalf:train:545,0.08994108518333671,0.0164473130011926,0.07232844301762388,0.003382502740694675,0.0013479441873246935,0.09387331643676769,-0.05938101246109696,-0.015134330274349874,0.003918073766916594,-0.021162832896030534
gandalf:train:546,0.10492603746655388,0.038793150512964815,0.052180436913418275,0.06648801211399763,0.01657251622643869,0.10652208069098408,-0.052044556549202134,0.039811617079557216,-0.003441737312417573,-0.031896751606506464
gandalf:train:549,0.110574218858326,0.036998400126272625,0.11729428111647996,0.026599287473147618,-0.04509662409661943,0.02933710870601819,-0.03910912833917099,-0.01840910700924395,0.00572694799395601,0.03540868916100664
gandalf:train:55,0.10105198547102383,0.09351929039088723,0.18353655882739348,-0.00793859565991154,-0.036984464862831135,0.152092619116739,-0.06214313030338452,0.02917382366817565,0.023333968863467537,0.01345973589465751
gandalf:train:550,0.2690491362206071,0.28337832605392393,0.3777945135428262,-0.10808076280081265,0.015537399778622079,0.3044714004432613,-0.2696181292109028,-0.02137860290037449,0.08656392028564693,0.034527770054227185
gandalf:train:551,0.0891299407588496,-0.007451243869190769,0.03705763179385354,0.03339042187522491,-0.020657161223706786,0.04940164761901,-0.03494241884639658,0.025103970933502848,-0.017624047033286055,0.020283468491195427
gandalf:train:552,0.16898697021224326,0.07193854138257293,0.25629627980027847,-0.03303574392040993,-0.05896273275826881,0.24017663523863017,-0.10153887361374336,0.004768642152890884,0.036130372384918494,0.011246598712530058
gandalf:train:553,0.14675622563441953,-0.013831680718967785,0.1330258356762844,0.021379507961887957,-0.038773630788832336,0.16613695040149018,-0.12035473090399676,-0.025648030899991806,-0.018915313983071117,0.04585564321049223
gandalf:train:555,0.2344062118743083,0.013890080782365522,0.17998504173240032,0.019108892348719732,0.008666953911616601,0.06785442408758453,-0.028185849183376525,0.004491645043085699,-0.03131889051998612,0.006518191423435728
gandalf:train:556,0.2642670445376454,-0.05748884896480886,0.044485650368620594,-0.0004625386041648668,-0.0304812129012795,0.05360650360928374,-0.006134373089009592,-0.020507002705182617,-0.021971293131388108,0.032937453574444234
gandalf:train:557,0.19800310855814726,0.0804562866462627,0.20525365840851323,-0.002946159409949853,-0.021667381100729927,0.1185957273747643,-0.056227183074185685,0.08298625797200387,-0.04066317728969342,0.04367915421415369
gandalf:train:558,0.14341747765243468,0.03620861371332142,0.18470130119149059,-0.042856331019638164,-0.038737144958046206,0.23500011280994043,-0.13222261502905397,-0.02985670442855006,0.022254460007718625,-0.01694752165342423
gandalf:train:559,0.14121966635883065,0.05922994130666387,0.1317908177924661,0.042255160207176984,-0.014747208212454453,0.07547457310393368,-0.058472264301596626,0.007108761451849472,0.008619569639372262,-0.0027767256126098277
gandalf:train:560,0.14746584888470057,0.03336610108127302,0.18084185768010858,-0.04647862874319217,-0.024940015399893906,0.2317195991857227,-0.09855463836070022,-0.014507906977724931,0.010686761265906375,0.0021033582722999097
gandalf:train:561,0.20673610887127578,0.010426607832341069,0.13168187370975623,-0.030939905956487494,-0.0407864256428121,0.10127479162277414,-0.02103578600739911,-0.017409049639182106,0.012511267538059673,-0.014902011730112139
gandalf:train:562,0.06591825225322803,0.030302041293269466,0.03516545382566031,-0.02498701855124759,-0.0037874073394867395,0.02557166966340913,-0.05870231944332628,-0.021167359982159042,0.012838543717411999,-0.015030739622834481
gandalf:train:564,0.08530519257737429,0.041809999266519834,0.10018622549102835,-0.0023069367647846895,-0.0381669408847185,0.08879115138102059,-0.004391506003622253,-0.003920422770600907,0.012449277663151249,0.01923711952787602
gandalf:train:565,0.088966173343125,-0.016596218386730328,0.04083000412338534,0.017183072521302443,-0.014245277516992281,-0.017329136109754034,-0.001645896539963565,-0.01501293531849856,-0.006356824114112245,0.004354124875201121
gandalf:train:566,0.2731531912873503,0.1983379837937552,0.4176675122005403,-0.021277561241722743,-0.06805891601299903,0.3721820305356127,-0.17596367260584964,-0.05062701391631736,0.0754694562077132,0.007997805897172949
gandalf:train:567,0.17195419012860885,0.030669641748737635,0.1902586717950626,-0.03541582176949289,-0.05077233153854763,0.17003771633497294,-0.08502604875195571,0.0018312974830188857,0.019603738361505387,0.0046790403513014694
gandalf:train:568,0.20824210152063635,0.030674435724364086,0.16631925855990923,0.014830474058283995,-0.04083138289353682,0.15222168407869982,-0.07119180449430694,-0.029189997528335045,0.02976458253408048,-0.00042912858919431744
gandalf:train:569,0.19165351499945524,0.1153366960587357,0.19410037682965775,0.038759069852249736,-0.01666496001109711,0.23489722786579378,-0.016851253999075888,-0.04534054213625599,0.050062278515169374,0.0046408531331984006
gandalf:train:57,0.13158403715415565,0.1040861408232967,0.15948149304524253,-0.0049993672323135905,-0.028594903630045063,0.11381986341212104,0.01712874987827911,-0.0387570209753953,0.020764451356152732,0.005012545077883628
gandalf:train:570,0.06636672211568108,0.008567623465206578,0.054294687467600106,0.03146782825086634,-0.011741397230993633,0.028894094917660262,-0.03607197274896114,0.00509704561152079,-0.006568309629112905,0.043861073996086054
gandalf:train:571,0.12636440828422676,0.20798383912780335,0.2848102057036131,-0.006652679515887868,-0.07165322916402204,0.01946496781686305,0.06778983135733979,0.018053231897009966,-0.0025469786371731104,0.02648588458495986
gandalf:train:572,0.10658208832541152,0.044227056199565885,0.10998331824335682,-0.06430882843361523,0.07988403329274238,0.057643443195448424,-0.021148477819484902,-0.014274339150058695,0.014806358811013843,0.005456375734070756
gandalf:train:574,0.10110576043411977,0.027035239021690877,0.08204242549907467,0.010751786975215009,-0.024708134073225575,-0.008797870577989702,0.00770872534101507,0.004363522416146487,-0.007485876416726522,0.022800372243726573
gandalf:train:576,0.05564936329652856,0.050340452962128315,0.05876878883426911,0.013007690116127868,-0.024868749971817698,0.12184051814407484,-0.04419485074287316,0.03377987955732602,0.009461188043110559,0.007076857907089305
gandalf:train:577,0.23101186675222912,0.13614360351751176,0.27910190680296976,0.042046891073714586,-0.040400791392460625,0.23419918198084883,-0.017628258322356788,-0.03153891183082038,0.035848453776070356,0.06521209539345875
gandalf:train:58,0.16343163811596034,0.2902344481472619,0.3668448614974135,-0.01472643340858106,-0.09153074517234557,-0.03608236261750891,0.1123950854464553,0.04535813456859539,-0.02065721719500559,0.019810231100994294
gandalf:train:580,0.14241610192359033,0.05715730813470304,0.2280847213871586,-0.028051209200660454,-0.04180751140143704,0.22911120842074997,-0.09691231544568206,-0.004190318362811614,0.02177273589173548,0.01785368649511597
gandalf:train:581,0.11851984020842288,0.056271126761522336,0.1653889909403178,-0.030334611086203174,-0.02734510832315878,0.08363990964780078,-0.03718321508961914,-0.003598624036426983,0.014136778640184701,-0.002937472688171513
gandalf:train:584,0.21457661278181356,-0.01645762597908009,0.11636773316578727,0.040455415636320935,-0.006251957850379135,0.010530231076276264,-0.008316438024301907,-0.004815137725640018,-0.04156592744913424,0.04128997671989361
gandalf:train:585,0.02554058597359452,0.042892298842443985,0.06518984998184274,-0.004641659957359778,-0.017234066918753427,0.016385893750429578,-0.004643778844045607,0.0040002053960087715,0.0009604810607154032,0.0009659847399722688
gandalf:train:586,0.07755711787262745,0.0524175794055552,0.0881839070679843,0.0028200906326973233,-0.03191779639072161,0.050759737123930726,0.010146217334864868,0.0126842818442433,0.00578121596454415,0.00263386334119072
gandalf:train:589,0.04834564836281528,0.0039998385517076174,0.06321227795212192,-0.0033981460904844852,-0.018232543144409034,0.06454529652306469,-0.04056722441677397,-0.004899102507604885,0.006005471361766887,-0.0016702622530360767
gandalf:train:590,0.04016101473927064,-0.0064282202387714845,0.0006830970204033652,0.008312717269827062,-0.007684870251135724,0.03385580887910799,-0.013618865141725655,0.013082234949907559,-0.004835760837738206,-0.013372867168964705
gandalf:train:592,0.07518547839693157,0.0330221480378262,0.06336679782997043,-0.024127988313364393,0.025254935121733636,0.04373257277870282,-0.021701076303294792,-0.004221837069572443,-0.009164631025383898,-0.005821229917059584
gandalf:train:593,0.12433159187584418,-0.008912613295927305,0.06791848598831553,0.018700630415659086,-0.029307033259556914,0.013256811484295354,-0.037534306076882205,-0.0058504235804186485,-0.008968703304437067,0.025921849576664224
gandalf:train:594,0.11258071960078839,0.054661622118174,0.07518560055852509,0.00449268101255008,-0.009195523189806433,0.04933551745774469,0.0038257987111582474,0.0008703819095683509,0.000888492696002865,-0.01115714514671904
gandalf:train:596,0.15702343329872132,-0.010051630465786391,0.11673042640442556,0.0012945878050538203,-0.02478112746020611,-0.01878896922386573,0.004064427362148109,0.06717454508076996,0.10745283670076113,0.03618531322126726
gandalf:train:597,0.07450870119577023,0.031194546130630458,0.12094160432067819,-0.006010664488834068,-0.038989249791789256,0.1420522281619414,-0.07550371359297084,-0.012734996775016093,-0.004622686617553532,0.013501590775010659
gandalf:train:598,0.11971131733006685,0.07152194144573204,0.1498282131355538,0.017371520154021085,-0.0069346612224595,0.2536964542219822,-0.14629676539601388,-0.0031420215844108236,0.014413522759088122,-0.01631140200176837
gandalf:train:6,0.041265406573352405,-0.013119527695755197,0.0274434598492696,-0.014460273191788359,-0.000934767790506658,0.048852924929460306,-0.02771467110586886,-0.006052167752430074,-0.007811149099413968,-0.008714753270671626
gandalf:train:600,0.09170132965168115,-0.006998501509892242,0.07019176658872568,-0.006463529137030161,0.008626953731150796,0.07810995142639038,-0.052690848808722185,-0.011586313322955647,-0.0023790130647064842,0.018841996779264913
gandalf:train:601,0.06697673867168966,-0.008313320490786449,0.05205007985653289,0.00615133546770704,-0.00768931622269895,0.06639051566659707,-0.042886407180970136,-0.007410204266495585,-0.006009375857072575,0.022734300971223777
gandalf:train:604,0.16376578070409548,0.1365535765791452,0.29102473179858596,0.00020764488705156837,-0.05806101827943222,0.16936588368042485,-0.0601240907188801,0.011616560125611363,0.014023296402833516,0.022363324850635743
gandalf:train:605,0.19662129945579473,0.06121228984927345,0.22524277941338233,0.04122755274244513,-0.027438054411136746,0.14376522576893666,-0.07357520740962656,-0.0002500933099853042,-0.005311045343974345,0.025480182123929343
gandalf:train:607,0.09580780156651171,-0.011323858664190337,0.07636096011643287,0.007737216469015886,-0.00523549437419692,0.07777939908836123,-0.06207988563948225,0.005314450998170603,-0.004663111289995832,0.039255852649014544
gandalf:train:608,0.11755297993577841,-0.050932388812415734,0.03982284915239101,0.001946858974435813,-0.007340535358860916,0.06705901375934062,-0.03860934580216077,-0.010673620723779637,-0.014798529300723931,0.01669912963099958
gandalf:train:609,0.15316138296920034,0.09887505675484579,0.23053421147630657,-0.10678309042396013,0.08780642311734725,0.123076205257762,-0.04112410816519375,0.0066313990953387235,0.00826693908133746,0.024354388817036797
gandalf:train:61,0.14863240633428354,-0.025641893545733097,0.07631597293735115,0.05844695891241739,0.04654914429947938,0.07875680399083412,-0.07752527604581957,-0.016542330063177787,-0.024566854442344476,0.029153886176977433
gandalf:train:610,0.06196725767802492,0.05830609835529603,0.11466276663654745,-0.003028189298653897,-0.021774552231765724,0.05061416386115076,-0.04162917219709855,0.009669447384450735,0.012384569510814982,0.006120316644383183
gandalf:train:612,0.15572170638486932,0.035533836261153945,0.208322572334057,-0.05155279686049339,-0.030907417123921206,0.29441196508380385,-0.16080231769612416,-0.0250858270577969,0.03349951373504492,-0.008654091701155426
gandalf:train:613,0.17522337333184687,0.0010001474913384437,0.17297826897045854,-0.045349029647992645,-0.036686470582719115,0.2193110823378699,-0.13183773562119253,-0.04064064482689556,0.008127627066901951,-0.01823979319348776
gandalf:train:614,0.0841956051741402,1.3960632328014096e-05,0.07840780436746699,-0.028178401725127214,-0.007217544724598897,0.1118829194819846,-0.045196449859513155,-0.008143701503639342,0.004881287607328223,-0.0069926596359380895
gandalf:train:615,0.09348599377688219,0.020277467933599955,0.11420197256055652,-0.03333916658718623,-0.009133030987057315,0.14744987719081853,-0.062001582281965895,-0.01044523718710142,0.006994087951574437,0.0019516625301735976
gandalf:train:616,0.19541456757797177,0.009708712889767823,0.13083718476363312,0.0673337318841831,0.027242992864463213,0.1271689036325119,-0.09982317187636679,0.014930807254831481,-0.005504170689889138,0.01720099063902217
gandalf:train:617,0.13870602166350626,0.0846116900833555,0.20478015792352913,-0.011832454752503834,-0.03726958932076709,0.19666420053130662,-0.12210784365023178,-0.03878028333541272,0.04018760116657452,-0.002269285679777393
gandalf:train:62,0.18060601630653234,0.027373911731673067,0.22812316889352074,-0.02588095783374529,-0.0411244723064763,0.2642751020368468,-0.15375874884621646,-0.01941486612105381,0.024710461932206128,0.021701747003301117
gandalf:train:621,0.10203180037891468,0.18287904367300117,0.26972902122004044,-0.01547390890875176,-0.06349531074203146,0.07162971880401518,-0.015047055816300725,0.03349763332651366,0.010389979521607357,0.027835520434199706
gandalf:train:622,0.15237189623003014,-0.010729456405454524,0.07813707040964582,-0.008870543255074746,-0.02775191726655878,0.10832724998642267,-0.030227689918632568,-0.021009321446837852,0.01360614165332512,0.008619210917600631
gandalf:train:623,0.11825486551272792,0.0009802888690707899,0.11121256278237326,-0.03084777428984983,-0.01963444869812538,0.09677881829037041,-0.045795288020192386,-0.0014029959199567223,0.0020246843381547604,-0.01065703066436158
gandalf:train:624,0.09540527047002753,-0.04740268578358613,0.026987325572480382,0.00622734564778315,-0.014671735225732108,0.017028817632201505,-0.024418618802896752,-0.009151577426582009,0.006690589980804652,0.0016386314847593748
gandalf:train:625,0.1904138376148834,-0.0052585249293685705,0.18889004757383068,-0.01368552942919894,-0.02206665574796351,0.2586950171327942,-0.15601159449061322,-0.019201302596196713,0.009186626443058841,0.05180965902996119
gandalf:train:626,0.10451456346592525,-0.010743368833625833,0.0848028444605551,0.012948222191207285,-0.013226768882725651,0.04903258385350021,-0.03190142134903085,-0.0008929052896050058,-0.0076792101191695125,0.04184302713623606
gandalf:train:628,0.08605659460723285,0.047760391059430286,0.11237877852030233,0.0016910589499780123,-0.014813634396368324,0.02465162649273304,-0.009690256216266744,0.008274666010222313,-0.0017872024812186013,0.0292391760183419
gandalf:train:63,0.07924812174708748,0.11143517726505671,0.20306330835538375,-0.011222959143809975,-0.04714309198205036,0.12514041515476282,-0.06282451128454516,0.007996903431591712,0.016500868331826932,0.019069778703354613
gandalf:train:632,0.11173157949034991,-0.05960936998403318,-0.018825999459159193,0.016965604749793913,-0.03449265325113057,-0.015904461660649804,0.009344318410448802,-0.011943997076090541,-0.021023962553141533,0.013366735798066983
gandalf:train:633,0.14766194354366463,0.07449464205994388,0.19561800405245827,0.025231109505433943,-0.06755972593977953,0.06124488629002419,-0.04152486409693413,0.0012016977271903564,-0.008968668482864655,0.051625182194155655
gandalf:train:636,0.11171189072312009,0.05134629209372274,0.13191303683454692,0.022399073210954697,-0.04769258332450264,0.0253647700435179,-0.018689265736377976,0.01892833973449326,-0.020727916128858506,0.04653657782587873
gandalf:train:637,0.163230848569695,-0.031197860681951645,0.054359053587715915,0.012879202805665574,0.03834399070293751,0.016831998512651526,-0.04507648025618617,-0.015517166171390784,-0.019562531503686965,0.019028330092652618
gandalf:train:639,0.08164906647290462,0.04650021284357582,0.12478656786142807,-0.016608397358465764,-0.02878006288477443,0.02958227633880016,-0.0033828410357566296,0.02704128509356156,0.02357916566739224,0.004731669373688632
gandalf:train:64,0.23480544582021254,-0.0375193731996776,0.13621189614236442,0.016075346173919137,-0.018685341373682936,0.13386723187439045,-0.06237026871676957,-0.004463151699725116,0.008355695266083664,0.02689228180436293
gandalf:train:641,0.07528769541855654,0.07338599394441112,0.08406424839148574,-0.021962932312355236,0.0029378031635273923,0.018855134266973942,-0.02671363542963901,0.0093289270844601,-0.004061729905326792,-0.04150384361579986
gandalf:train:643,0.07454124997149311,-0.00828557751639561,0.06604463098169075,-0.02560221033662264,0.004116094711968112,0.07088560378302919,-0.03808125744974862,-0.005607617642901674,0.006167720338757212,-0.0050117733736971285
gandalf:train:644,0.27065857433563734,-0.001592857888949179,0.18814524724759094,-0.03261498991232605,-0.045860453391274154,0.15704191619423988,-0.0663700979973024,-0.0072639034257457585,0.010116662719906697,0.000277520744756512
gandalf:train:645,0.07700832659999948,0.021630528640855587,0.052614422763493866,0.01603518215725233,0.027469833083147814,0.10045925505102812,-0.06615669627349911,-0.011970802962897301,-0.008071463997482587,-0.020360621088245896
gandalf:train:647,0.17143868384064917,0.09383928780546907,0.20599323597510494,-0.0996599810940337,0.05743254092728322,0.03418953633301098,-0.02229704654537269,-0.006939258131121744,-0.007124910671192089,-0.03897660590490215
gandalf:train:650,0.08986596400068585,-0.02504748742679762,0.05270010236434655,-0.01742422883077442,-0.008507735776661701,0.06507392847979425,-0.04035417749870847,0.00453696452072535,0.013425940194171399,0.0014008180451761346
gandalf:train:653,0.05735688872841806,0.011534310562746803,0.07097486065272339,-0.01988090328477978,-0.007057071368636648,0.08650220420626757,-0.04548284610620889,-0.0017665759845078156,0.002663218799359654,-0.008336909698856095
gandalf:train:656,0.1347316081529038,-0.028934042777154625,0.051508682608643115,0.04810696363286067,-0.03151968983684705,0.04972840662119885,-0.033052815022141295,-0.015446131542873281,-0.012935372182681624,0.05563696692807207
gandalf:train:657,0.11337898056617197,0.00040012350437499886,0.057805214276647324,0.05052068660781629,-0.036120075924380726,0.0912957505582178,-0.054993895823921876,0.030525104943576235,-0.009483256504173282,0.039153569593441837
gandalf:train:658,0.12688906074787082,0.07839297473858707,0.14096195562782307,0.030766658692247244,-0.04673097934304961,0.0668983864870344,-0.04219269944622648,0.03188158161503603,-0.0057124811734754,0.03167742038135844
gandalf:train:659,0.03861162403007379,0.035176728166142236,0.07823019685476502,-0.002700331519567477,-0.017533367705563217,0.05603753704096478,-0.01388779804279532,-0.0009729762960285194,0.0019401470235613557,0.015678302297283415
gandalf:train:66,0.04800788492885952,0.02527424452794766,0.04640598839942974,0.01413856458485535,0.03382437511570593,0.03720278025522148,-0.03591599608997427,0.008483295752657749,-0.0011486399321642778,0.038988156573765594
gandalf:train:661,0.12931533344990287,-0.0236383391185497,0.08190548082911919,-0.04151816019581329,-0.004222354403308561,0.08508300795303492,-0.03722789410064289,-0.027120304291218738,-0.009744464015759232,-0.03523349804513922
gandalf:train:662,0.13926577795655615,0.11292084027675345,0.2400770704678921,-0.02201937412713246,-0.05714407406458219,0.14398624088842624,-0.04334896191738594,-0.0019324313003181211,0.01851522969424583,0.0071467600964351344
gandalf:train:664,0.10441353052371714,0.053900509912248,0.0544127626020049,0.045205306314000306,0.003797532445801141,0.08015161232407488,-0.05665524322089324,0.02610522897436153,-0.0009390686368865288,-0.051528025397922096
gandalf:train:665,0.17240517150862808,0.016692676404035843,0.15141112575771504,-0.02496079813496422,-0.03496729775514534,0.08662147933872962,-0.015292188832045096,0.0253791089073625,-0.004154043974624316,-0.008336567230613545
gandalf:train:666,0.22821069900284463,0.09691625173011319,0.27867891421110363,-0.018721100827941765,-0.03386517411988679,0.2554032095734239,-0.13140348372593588,-0.03187701811711032,0.0018622641817051845,-0.03356192912243057
gandalf:train:667,0.0592049946433786,-0.002426267196778974,0.049841787325842796,0.028476021572545026,-0.016886925571818354,0.046150553449323686,-0.03240177775060024,-0.0023790756775818054,-0.0024741025263768537,0.04523422787084876
gandalf:train:668,0.08008654239398462,0.06782247176569749,0.10381337122243975,-0.02561652255221926,-0.02027901712328293,-0.016050247914896034,-0.01434899956530105,-0.020985660203111864,-0.002222802330374644,-0.053752565747152405
gandalf:train:669,0.07711065543855937,0.04369382777398483,0.047478356833561546,0.029083874951080446,0.029598996252239464,0.096896734507753,-0.057085466213497686,0.04006896920053309,-0.0012659931872295582,0.027960228033568183
gandalf:train:67,0.22581291846618667,0.1368119447429878,0.15241202345742258,-0.057255629825130355,-0.017218644365356455,-0.008111903822141707,-0.08562012395729104,-0.02986131460822571,0.014472279404046258,-8.159599416199045e-05
gandalf:train:670,0.10312929397389667,-0.012764980678586309,0.08362199685276527,-0.03891249674322917,0.005273115174006311,0.09457941504834964,-0.04753687999542749,-0.0025691839920616247,-0.012968300134782533,-0.011584839295931881
gandalf:train:672,0.10654739651053874,-0.03734841292361393,0.05732399196173342,0.008305348445256652,-0.018625101391304442,0.04549422301025508,-0.039362789265142833,-0.0032480551590326795,-0.01677743468052064,0.01088498649787885
gandalf:train:674,0.14164603046857405,0.025168871073071197,0.06418576005183953,0.06717069875051496,-0.004143299905339252,0.07906349093050609,-0.020189426080646524,0.012837725089781,0.0005454039967479976,0.04066267225806485
gandalf:train:676,0.09485239745711396,0.013363708189739283,0.10051736731422899,-0.036549915752323504,0.0037370102845869337,0.0655900524725143,-0.030867350286313364,-0.005185104824921119,0.002259173444020115,-0.010974376980295193
gandalf:train:678,0.1632929941499882,0.1439746291828591,0.2657763931779427,-0.01186721729325014,-0.049973553624999625,0.18091174317772962,-0.061222857588996815,-0.012536425431398207,0.025170959225120484,0.0010956352765644595
gandalf:train:679,0.17693684394129475,0.08604354748331389,0.15426873650750716,-0.0014763938084150665,-0.04446006825599319,0.06225091326136754,0.007858174534520186,-0.004665255191876734,-0.003559987838026687,0.001553106266010382
gandalf:train:68,0.10141534533573385,0.08221161600583865,0.16524613055976528,-0.023710377291671678,-0.022756360951680654,0.06833657819178014,-0.016707436429095175,0.007124168402453024,0.0063163525541584525,0.006145918061270666
gandalf:train:680,0.07006334796086296,0.00925273925089387,0.08453971083754316,-0.018686436048577625,-0.01363937628974884,0.11243565572557118,-0.054349339158054705,-0.00804998779353715,-0.0037865727822008507,0.0027651645136413184
gandalf:train:681,0.07434811144662438,-0.04200965221990428,-0.006526399794412613,0.011023888380892412,-0.027756435898518696,-0.004717515816306246,0.025795613842211417,-0.016089827536304196,-0.016393160697802178,0.0016156459973838016
gandalf:train:682,0.07663227349481201,0.1246419922370986,0.17274314202977623,-0.0037522220067085126,-0.0444306304781278,0.011650157561625503,0.04170004721549051,0.011079526414585416,-0.0034469174523652476,0.01622071754687372
gandalf:train:683,0.1621377255586311,0.046512701604974144,0.127114485349703,0.031041182993875337,-0.02666986443874552,0.07560286826487514,0.017052575225476922,-0.015446355518265238,0.0025849341911414886,0.03175998935568783
gandalf:train:686,0.1168117625284068,0.09633492514856892,0.14458883580874762,0.02543597608808148,-0.03486119756769924,0.04241607655168944,-0.03609746249855917,0.013545445447694605,-0.00635446203198996,-0.003972927971801835
gandalf:train:687,0.15137947647096564,0.00019686913698519536,0.09316034806908585,-0.02415734554537431,0.0006361798462028281,0.10647515254016554,-0.054055410797375296,-0.03363202509156449,-0.010549523327550145,-0.03331587145812677
gandalf:train:688,0.0389200538768304,0.031048694815021986,0.03564609936445656,0.004765366729882053,-0.010976986005304697,0.05888376235712383,-0.02328204431806553,0.02306180725099367,0.0011026627323061108,-0.005547912348600804
gandalf:train:69,0.10848501818861174,0.07232731687079821,0.17175909085479626,0.02191703975189374,-0.04268235975733527,0.08754245239259949,-0.045134970293670085,0.012270581020333137,0.006999402600810395,0.061479406981420966
gandalf:train:691,0.0993571995304646,0.1074461261874228,0.18817491683446166,0.006872463549447428,-0.05828426518436648,0.05464142366832771,0.033564476812407415,0.012212345306106128,0.0010289581229949536,0.03994602720653038
gandalf:train:692,0.15533187302932322,-0.03186814692682827,0.11584208156611632,0.012694128972035664,-0.0360686420719362,0.16363906805567463,-0.09112750761738836,-0.029998044819566288,-0.005298243762562045,0.041851083923414224
gandalf:train:694,0.10813828572714855,0.0033207036082046923,0.09862548203381544,0.012083606970386258,-0.027875156171331402,0.04803523146450876,-0.011589898363992083,0.01090471307703677,-0.0007996316228743099,0.028529580497578734
gandalf:train:695,0.05421583424642827,0.041379930325710516,0.04986730162587054,0.008012673703629129,-0.014253968309082505,0.0583670195381086,-0.02887483320430651,0.018790473723042978,0.0016643006695210966,-0.007008665734862856
gandalf:train:697,0.03277415379944149,0.04247573095780186,0.07543432388928745,-0.005801297336151409,-0.016251065779616807,0.03243697069829057,-0.015807099941188806,0.008281461383985472,0.0022957652943397773,0.0031412428882013994
gandalf:train:698,0.13044860017075804,0.07252149498808881,0.10400175682893865,0.029000533012470107,0.035294573524138964,0.12181706245941039,0.0512018580545002,-0.06778212785398308,0.040315881507410674,-0.004892889004418061
gandalf:train:699,0.11883240549981852,0.09209711691901036,0.16137471234623285,0.01533116584906471,-0.02659288470847671,0.07607112141989297,-0.0415487395289074,-0.013997212588105967,0.023300541938639206,-0.004346688737472202
gandalf:train:7,0.12777246471971246,0.004720141343325902,0.10360335865927338,-0.008555596974091665,-0.007773470576818076,0.10622494364376116,-0.06803972357775567,-0.015226156430035076,0.018263275684988086,-0.02881201944416396
gandalf:train:700,0.14853425217601512,0.1973240697101616,0.2945078552071783,0.026398415004811743,-0.04886679021837598,0.03823455860217965,0.006121106841879971,0.03318686572983176,-0.0027077226588951156,0.018786884494008824
gandalf:train:703,0.04268183462516144,0.014471007681315902,0.07074744292930499,0.0045575257484482936,-0.026289091283763878,0.06439278333663026,-0.023495978698858402,0.0025825385891217892,-0.0037227352839651674,0.013975951359540821
gandalf:train:705,0.06002220746085522,0.017654501141721676,0.04258487884063333,-0.009193247403515788,0.008672837259732346,0.05691618078659838,-0.019392760806397097,0.015803551515134663,-0.0017476142146537158,0.00026714452784248703
gandalf:train:706,0.19940911265679845,0.09032999696831329,0.22491860911270242,-0.0027756140379618017,0.023887484448703252,0.09691285311355857,-0.0733582535624123,0.014161566672953723,0.008613929031431523,0.03604291032503588
gandalf:train:708,0.07194649694007194,0.03633378159943722,0.05454214740981111,0.03307182067970446,0.023455063832684583,0.09260853326182421,-0.050001434847657414,0.04157291439624563,0.00011356778517970567,-0.0028351592886727336
gandalf:train:709,0.02228579848902489,-0.011698000532323909,0.007698876870266233,-0.020123047970355405,0.020229800341612814,0.011524141581143585,0.0009868043800867143,0.004297888581037456,-0.0009631702341583588,0.004279497406753079
gandalf:train:71,0.14084991008385492,-0.012298221472627777,0.027359343645428403,0.020862424578687023,-0.016603857942827042,0.0014909152520397532,0.0074003831527971724,-0.03752733913685093,-0.011001809184514362,-0.007714137326736936
gandalf:train:711,0.11554029879479111,0.06308724877156863,0.09925139918121859,0.054237270503706664,0.012856819328507291,0.12172983494855055,-0.060448315405216196,0.045742486621218534,-0.001996410898563924,-0.003981992822263069
gandalf:train:712,0.12517881297756767,0.21267726649395421,0.33325900900762,-0.014277560812995615,-0.08103909157175158,0.13433952216198905,-0.030330318946185472,0.03884198023203201,0.0184763438959838,0.04875362216640921
gandalf:train:713,0.11083911850491417,0.0016609573068071281,0.02376208900928463,0.016812758882201156,-0.024332656668096423,-0.06291344178104169,-0.006857529123771859,-0.049014282596700924,-0.012467973514090886,-0.018559210649943893
gandalf:train:714,0.17918003288877846,0.03372734105817752,0.17988060668515599,0.054490728295165096,-0.01919931562500498,0.2641526286094738,-0.17662262448173444,-0.03570781786093573,0.0046866009480619674,0.05202697074314081
gandalf:train:716,0.1621168116364296,0.15026196628135732,0.33051164930606014,-0.028116061220099194,-0.07128081377640687,0.27428786867677657,-0.1162301198513245,-0.001329864741238911,0.0294710687814602,0.027852162231318638
gandalf:train:717,0.05773589592994137,0.0776713910515755,0.14819375787881203,-0.00800181258903206,-0.0347140694088223,0.10151256987795279,-0.053841945093699564,0.00702081416615378,0.011708259597089914,0.0165007201304782
gandalf:train:718,0.15271586811388888,0.018874707064545627,0.1785555480459302,-0.04690516714202947,-0.014205082676508324,0.1772672355370427,-0.0962773750813457,-0.012785263185584542,0.011411697999939775,-0.009215620732819563
gandalf:train:719,0.1575854094454229,-0.013951534551858791,0.10111013830900348,-0.024247123899226532,-0.01188393240668725,0.11589891316439165,-0.07152946893737823,-0.016179952097567882,0.002529700049965301,0.011063549852651764
gandalf:train:72,0.11766030688654683,0.06260925499560609,0.16186105559133868,-0.012301559511667837,-0.02331965219193879,0.12245740963795071,-0.06525971549337517,-0.012264821784699037,0.007439405244735767,0.0200804335211457
gandalf:train:720,0.06884956797666204,0.03484183642332086,0.05760065644536967,0.034255669817672446,0.006415577454236738,0.09030822450267785,-0.0525878542911126,0.0380529791111992,-0.004135588249837794,-0.008058899049969502
gandalf:train:721,0.09275200908177175,0.03277946315068788,0.16000456588463238,-0.024554002809886212,-0.027379768499760246,0.2241560798662134,-0.12829049817603977,-0.008064969316729438,0.03590305465901207,0.0066257276757748
gandalf:train:723,0.09436913365645008,-0.023406164043838783,0.04975663596694472,0.03950548435233818,0.008872150300794093,0.028449490062503833,-0.044566065763351925,0.002413098138201292,-0.02062459469925598,0.02275887930018813
gandalf:train:726,0.16244852920704825,0.05328184932595784,0.15331388020664036,-0.02388098806768592,-0.013994515236377012,0.03796110025618266,-0.008409244594123799,0.018711703649783668,-0.010576123871349676,0.03488685236703858
gandalf:train:728,0.13774019396531698,-0.03707622728918961,0.043883686737248066,0.01468284436957572,-0.036490518831389304,0.07232254704964604,-0.05199415095807923,-0.011489696411555997,-0.02943738449553612,0.031379597354697
gandalf:train:729,0.057114783397828495,-0.01152431612265777,0.0442500084211538,-0.01032487800229343,-0.012151403022452958,0.045365652383047295,-0.027714066698594005,-0.006593635835277887,-0.007209818488475564,-0.008676306398482964
gandalf:train:73,0.15146135698376026,0.06869986083551886,0.20764926602624234,-0.014477719795085164,-0.04899389773410708,0.2918271505442592,-0.1601449341376305,-0.0007477696410414755,0.045164194906984,-0.012519807897749712
gandalf:train:730,0.06763917858636283,-0.023923446373568157,0.018543347803952195,-0.009982525197544376,-0.022808839618511108,0.02682893863825981,-0.0065453424365526395,0.01555613780565724,0.00209210435260091,0.003961081978775784
gandalf:train:731,0.052538854012004726,-0.004776574172082956,0.04157151381377833,0.024873524825557776,-0.015560439630455806,0.03820602846053008,-0.029603610934688752,-0.004319475743642591,-0.00768501820579997,0.03793713728546798
gandalf:train:732,0.10068199557322466,0.1444068109105817,0.1690271594111056,0.0013760052669404884,-0.050079730656049204,0.0995017376909923,-0.03158917250338299,0.04921002547381501,-0.0026609643352317027,0.027206944325731338
gandalf:train:733,0.16241194079427526,0.17659345325130563,0.15410929497185483,-0.04468335727265913,-0.01036272894939807,0.09341900412371616,-0.11607102648887967,-0.008129527556005565,0.03592354149467253,-0.001743899432914225
gandalf:train:734,0.24621310797919518,0.23301598618416933,0.44900372704648744,-0.035426599938211026,-0.10552525569589394,0.24703854488095295,-0.08968863200633356,-0.0065383809376401165,0.04902321713571244,0.019025560679612228
gandalf:train:735,0.07936332904038457,0.08371027052837979,0.017765661127553248,0.08112815939446852,0.02916557936809636,0.0674875876606396,0.08508632687181172,-0.03789565218669861,0.026339973072471524,-0.0023086820951368605
gandalf:train:738,0.14372000018002787,0.11847655100069464,0.1810134888985975,0.02288947801916452,-0.010756585088964125,0.171017345181485,-0.058900107732822886,0.02090750363540782,0.005597818859123102,-0.004206277285387221
gandalf:train:739,0.08722098144067743,0.0016245308244161474,0.036925205047534035,0.011544471218573727,-0.018574638454257893,0.013601826046758077,0.008861563326576316,-0.01945794722711818,-0.003964183667132275,0.01342600929465965
gandalf:train:74,0.14627842054408366,0.012606166106550784,0.1763382152777393,-0.03706540967234837,-0.03486188555794423,0.3042658597026904,-0.15183170218113154,-0.03852421188650666,0.028054868373236112,-0.0017091952342971316
gandalf:train:740,0.11396620108620031,0.10667396366629275,0.20336264661605757,-0.024620571503928355,-0.011829341352558727,0.06212469408322773,0.044588866163020636,0.02085816392070635,0.013611288266801348,0.050564890081742885
gandalf:train:741,0.12783303349932865,0.14045108667415726,0.23540177860856307,-0.018018385477460035,-0.05917890495524717,0.06574646938993588,0.01770442800437786,0.018452087890923854,-0.0017643882610941166,0.017969279224559858
gandalf:train:743,0.13745288593317,0.14763814671607917,0.24547479739782355,0.013007655505074779,-0.06486066333059985,0.0459229193539435,0.014775480309875097,0.030875191808285945,0.005572070996699673,0.05250296437944761
gandalf:train:745,0.09573542371740132,0.03515039238403778,0.108929430851579,0.02236352144159828,-0.040992904035538034,0.018210614904619407,-0.017876959604723932,0.013541527542895527,-0.018650611613750184,0.03911993310947993
gandalf:train:746,0.13398773720657017,-0.025785646867497323,0.07330129507613663,0.027071157969096146,-0.03063371705845499,0.0640105905142495,-0.04747426980196254,0.0065412398620214645,0.039581636388624775,0.05486739314616031
gandalf:train:747,0.13231203850486095,0.13667069903254805,0.29967273451862503,-0.028003217740994842,-0.062122608182434674,0.2719631697935949,-0.13266192845587657,0.0028106509887709727,0.03726084631972385,0.03247861677220266
gandalf:train:748,0.190288515977278,0.10318179919496276,0.23188625607359914,0.039237788762265115,-0.05229175277989528,0.12317338057006075,-0.056539668719523595,0.008105819295776487,0.0039438827099029395,0.044881974329155506
gandalf:train:749,0.18365164143236856,0.12499297071392095,0.18314167915173798,0.026434433974722126,-0.026492781072503694,0.08899525204239837,-0.024266200711289456,0.07827519971073749,-0.027176035034813098,0.03430016539642254
gandalf:train:75,0.06677120034938797,0.060378828870362285,0.06771135308331089,0.015773663193376482,-0.018731111293533106,0.1220105663211582,-0.04832160586131067,0.053401304259078276,0.005792168761651677,-0.006481130068942751
gandalf:train:751,0.05407189509894249,0.0014193916977814115,0.04645037535764191,0.024393830981417446,-0.013463585079308577,0.03189782576346886,-0.0344971066552504,0.0031022660030976318,-0.008649132204621062,0.03581574847322516
gandalf:train:752,0.1794326929504954,0.09547037730297935,0.20299641481725805,0.019304483208519494,-0.003516398298260865,0.2907097925682248,-0.16244993060796561,-0.011906523774384779,0.031120309377882398,-0.03290014361127361
gandalf:train:754,0.12603954406837287,-0.05075665300313519,0.07261360328378193,-0.013274852347200449,-0.038684349958546235,0.059948366166265685,-0.03297663164679489,0.001931122521919491,0.00742550486646465,-0.015140340547693434
gandalf:train:758,0.14253179126898913,0.09977044172519191,0.20628744764491494,-0.030932650498617455,-0.04474466022213849,0.07373434454126086,0.001131700235983005,0.01712387226600914,0.014428679613025002,-0.0019879999311767727
gandalf:train:759,0.097088461741365,-0.03607776469106465,0.021107305276541803,0.09810181814251623,0.036071919941157396,0.020191096290050177,-0.06333914186093588,0.0037621684111394014,-0.022703720557740614,0.030126840143165166
gandalf:train:762,0.058742517304130014,0.053868184270897464,0.05995897150123797,0.014106881828691341,-0.016536900006772937,0.10831221187308684,-0.0429957524497545,0.04743871351484612,0.005163888613388154,-0.005428382481066864
gandalf:train:763,0.16016977722951142,0.10604931618893902,0.250881151629229,-0.04540107601604433,-0.0404047885112555,0.16635389807413878,-0.06755126210206082,0.006464349185750984,0.007170046340995732,0.0073543038675201065
gandalf:train:765,0.19092753481343008,0.07196021741522231,0.26714321384047934,-0.037607747567558365,-0.05319635238786562,0.201845828329804,-0.07111392331068965,-0.0025920748818729364,-0.0012378838644608588,0.00021309079983414725
gandalf:train:767,0.09529577933106126,-0.01945645224669144,0.04707075968381331,0.035876315122679,-0.025796027153759376,0.006483906489891856,-0.027262223506513503,-0.00899847888425741,-0.014023357866697353,0.044180847808704016
gandalf:train:768,0.14041276938690425,0.14406754643804412,0.24625865575605235,-0.013885207644592657,-0.06653615592627994,0.03714627352477136,0.01990189157324862,0.005104366013322982,0.022878023248218263,0.007008567973900734
gandalf:train:769,0.12205888890580159,-0.06605636964047874,-0.0015440608719719114,0.11344972535436168,0.020695916980242028,-0.02607929183525824,-0.04076428281581577,-0.012383795187309572,-0.04887911892125275,0.03067064010608352
gandalf:train:770,0.1210844954407702,-0.004437128846125051,-0.011138195942382875,0.051046924095854526,0.04668908552387187,-0.002652067177940842,-0.056478927657329515,-0.0015134175491871883,-0.025012835047855966,0.035468597491469876
gandalf:train:771,0.17628701091230944,0.03875738625973897,0.133017083340385,-0.030023655379140174,-0.004212341266619456,0.10285142949267201,-0.04713207996491894,0.006847748179429138,-0.005772383611386361,0.012293160694718143
gandalf:train:773,0.10255377816318358,0.027589428491322465,0.12131433719908818,-0.011428494788679711,-0.04043556333477114,0.09632023653300174,-0.026545716584279868,0.0064972490756693094,0.03497715874104325,0.008332030147747544
gandalf:train:774,0.0992329594054023,0.06136764953238882,0.13492907632995932,-0.0169055827303686,-0.02647666880054085,0.07749526343004881,-0.03102701167065658,0.016225586717500108,0.030703864623545116,-0.005030896915531434
gandalf:train:775,0.05550032507883072,-0.026440046110473386,0.01569077341801752,0.030738488906340233,-0.013784132145844102,0.010594637433929167,-0.024093719313418187,-0.00905942356685249,-0.018509173862654008,0.03108434607192968
gandalf:train:776,0.12491282068322862,0.042137766845648655,0.12799334104037197,-0.02327288752813231,-0.022968148670645904,0.029447345244078854,-0.021495116216910685,-0.0313750751813803,0.031192071271522293,-0.019282121150168672
gandalf:train:78,0.12572161646343172,0.039372420662414524,0.058500882269358505,0.06652577192742441,0.00274061015063117,0.07609769199630224,0.05579150857611656,-0.05937243343058086,0.03357875771097609,0.02471632923037227
gandalf:train:79,0.13943634101804045,0.007706881809572096,0.0699740017009264,0.058671089296908896,-0.0025410405764344944,0.06861579022008622,-0.08294970268052854,-0.00458711368024685,-0.024369998664974597,0.06563693878327533
gandalf:train:8,0.10788670048608448,0.03019773138801341,0.14556493152889083,-0.01633327323054618,-0.04044899865996441,0.15399766068832677,-0.09948536145965782,-0.025929615113468498,0.014708278066287932,-0.00164299415569732
gandalf:train:80,0.20286932187880719,0.10573703884102202,0.2709138242399233,0.031700931981903366,-0.03312796785348766,0.18541895963296498,-0.08306529007534423,-0.007379441413459526,0.009361919208002225,0.041945905746915105
gandalf:train:81,0.041321497248146585,-0.00960577540704597,0.009467426450048102,0.005551291443652904,-0.009442025949683904,0.04230868956197208,-0.02163344680982999,0.018131655657843592,0.0011091443998977456,-0.007005497526687423
gandalf:train:83,0.09220559483540008,0.033562156599569806,0.16298486009408555,-0.021065169016126643,-0.030548072419119176,0.22843470012706996,-0.13740910820410654,-0.013572800621041846,0.02066367206586344,0.007695911999030731
gandalf:train:85,0.12502269046364,-0.032911914106153226,0.03997743879813936,0.003207918542263886,-0.008992996343457578,0.04290433726586624,-0.012146852400271092,-0.0073666672171622555,-0.015028198738234886,0.01690584150107876
gandalf:train:87,0.23236272019421528,0.02890541685172941,0.1903781315381259,0.05884557827101986,-0.019946763930330305,0.1846632733038641,-0.07747584373225466,-0.04635762871380525,-0.0024086268472754678,0.012283909003571661
gandalf:train:88,0.07336498478860677,0.035969255666432394,0.040066673838978835,0.027458107284550663,0.002768235549191097,0.05945789410555687,-0.040303787701654846,0.012278499059243046,-0.007019716326694197,-0.014797924027791178
gandalf:train:89,0.11278676030278273,0.17096643759093222,0.22535942923753494,-0.004686620543204681,-0.0637480266594046,-0.02839974090516287,0.0644155796058374,0.0028276508749677577,-0.0077717016625608905,-0.0005451836082830037
gandalf:train:9,0.0751248546345749,0.0634392497940146,0.09282498019672901,-0.0071053348958218816,-0.036246828634789334,0.03429488118789244,-0.006983692699016626,0.01443142976441983,-0.006464275247351423,0.012692014814332573
gandalf:train:90,0.24253864535696384,0.031770009656549976,0.2543477719371211,-9.101781969761518e-05,-0.05770808579698719,0.287398473187308,-0.1539589166830512,-0.009226033006017277,0.02845077627763241,0.02916255692183163
gandalf:train:92,0.22942927564730203,0.0745509255411837,0.19906117193839598,0.0527484285669191,-0.03785740292066427,0.23603671397138287,-0.11755823545514232,0.007482611338675799,0.022341778270358496,0.021291822900290212
gandalf:train:93,0.12446921109118568,0.027840211328098663,0.06529162336329956,0.009263797184866755,-0.024271766479981166,-0.011862720532237078,-0.006545943269163969,-0.025063946686104108,-0.011177954366915068,-0.01812600801649964
gandalf:train:95,0.0005385777171797474,-0.0005062025447525237,7.380571181457122e-05,0.00020903387423660457,-0.00010823127586774538,-0.0001177895212568561,-0.0005049932012217005,5.4828375072411834e-05,-0.000792786755320742,-0.00041264246445520955
gandalf:train:96,0.14636983036714082,0.06508588058352753,0.17412527231496705,-0.03802613512680023,-0.024534489597754627,0.0556646915764003,-0.012573916139907569,0.0036769990764180136,-0.0005745516477728409,-0.010224248469107796
gandalf:train:97,0.15632160214010107,0.0716583300518712,0.19197884871689436,-0.029049178455675763,-0.03617338420567997,0.14593633071790105,-0.06995635733716159,0.01600113315207314,0.018658572385903148,-0.015744191658351045
gandalf:train:98,0.05511716577169284,0.006894250587867357,0.004413327862193744,-0.012791462263858844,0.030948408142569942,0.05429045328356795,-0.008900970386812672,0.022683562691606457,-0.0077374415617688175,-0.012877824161099023
gandalf:validation:0,0.05244377139024033,0.04846079480828698,0.06083347240828594,0.012656133659811417,-0.0237214394172894,0.11942340157096684,-0.04096487131255141,0.03283019865143188,0.009798719798771725,0.0017707895062824529
gandalf:validation:101,0.17380146412827924,0.12545404533938442,0.25475275701908195,0.02827150404062874,-0.02422811006468695,0.40989421639680673,-0.22265985110344336,0.018486399079141125,0.03356657830011711,-0.007612262946697689
gandalf:validation:102,0.11531596756349725,0.13496562430686287,0.185004216165048,0.046771027932401954,-0.013659087018186425,0.18346132882665359,-0.089140099565479,0.031004418876437092,0.020973441918145225,0.004083523998049964
gandalf:validation:104,0.15174220710366293,0.2353055859121586,0.35275489510487323,0.006842938463142859,-0.09261326382838161,0.11395172490493738,0.06498737425579049,0.02997473887599441,0.028208941799919143,0.08138321759077981
gandalf:validation:105,0.1251471424455512,-0.0639827679856403,0.03077846055479757,0.006907289356482709,-0.014266225829319041,0.046070744478032506,-0.022353314711621036,-0.01066669805458419,-0.020533466572769644,0.014716037759444184
gandalf:validation:106,0.11667291612242026,-0.024517653659876418,0.03031704786864983,-0.03876886259128904,0.0140784682499352,0.009598979276512631,0.007528399395476969,0.005842717246478719,-0.005583019200036354,-0.0012670275138108975
gandalf:validation:107,0.11503165385176334,0.008358716966801988,0.10038892128485254,-0.015509582208084375,-0.02523840196286976,0.1322258185940663,-0.06411192786834043,0.01357181204901323,-0.00888342674567772,-0.017272171303121954
gandalf:validation:11,0.0697404346735002,-0.014168793741530359,0.036720355104123824,0.021085977596794137,-0.01614285997181454,0.010270277259650512,-0.022294896084099566,-0.0019299757586518067,-0.011950090646501673,0.03404943156494735
gandalf:validation:110,0.11230860901672955,0.021081309186981305,0.09080324842504686,0.039866489975329863,-0.03589801755822273,0.1163431501942243,-0.06415243720814895,0.033976191979748584,-0.011046681067545847,0.03136259096475235
gandalf:validation:12,0.1174502436930787,0.012061806025637983,0.08446919026790627,-0.04557105163137495,-0.001697927456201636,0.02617854427501439,-0.03643106988536672,-0.022503080401856376,-0.0007954667010829432,-0.05412815455510611
gandalf:validation:13,0.12960747751686832,0.03736886745176796,0.16443687171482868,-0.0048013163387180405,-0.01755052639667583,0.2311926805306396,-0.08004611404492629,-0.033919559567003696,0.031975494296657955,0.012622236182408585
gandalf:validation:15,0.28641515622909425,0.029837422311534738,0.25259149744873577,0.025152833244602314,-0.04345122744879822,0.22673206757609662,-0.1703894840170794,-0.02027048882305341,0.014946133860138535,0.04366979149055843
gandalf:validation:16,0.08780745829869933,0.006534392834428919,0.02435905066161346,0.029030372923667735,0.008622042841258453,0.044433325162364146,-0.025103323473257572,-0.02205315548854296,-0.001504415264451533,-0.02673375296981132
gandalf:validation:17,0.10211010295962913,0.028054990535182303,0.09349097359310735,-0.02368291614850554,-0.011258267074488158,0.042437555776734054,0.012598484024951557,-0.007157137617491498,0.0021934514187612565,0.0007950254855693646
gandalf:validation:18,0.1316556579079578,0.004836205549672343,0.1560860060415918,-0.038023898534250054,-0.026727294684089214,0.23651034044668356,-0.12910604896672098,-0.02763321198276069,0.03394496382377344,-0.013954576232114293
gandalf:validation:19,0.1410678726039687,0.03459550482138976,0.1480136920158528,-0.005093111621104648,-0.015148857974472964,0.22807530568704937,-0.1349586135399579,-0.010219438429506865,0.014748091620612224,-0.01929042841700155
gandalf:validation:21,0.06739481784124832,0.01632729254202885,0.050529455715074764,-0.013701624836397816,-0.0006763689501164476,0.07783700251856844,-0.03328478081033168,0.016344112276158337,-0.006388823889720213,-0.013661348797138652
gandalf:validation:22,0.12851790174087205,0.09311163015989485,0.15633860172835679,0.017504726936600486,-0.007150774457199366,0.20781038252373885,-0.11402389477411112,0.01827750143144422,0.000536780515361303,-0.013271104981574536
gandalf:validation:23,0.09694139369517232,0.061578482992177504,0.13972657293332696,-0.008738725328952208,-0.04464534258198077,0.07185064394709781,-0.004694158253870757,-0.004554367954856402,0.013454543184616235,0.0037693059301443844
gandalf:validation:24,0.129840102625852,0.009225054104513717,0.08777415963485,-0.026838516574856353,-0.02640065636867911,0.04848652022323038,0.0006046860784114964,-0.029250053528394368,0.002008313033994169,-0.03312294901231772
gandalf:validation:25,0.19423507973977308,0.07158030798644363,0.1892472117698377,-0.0033426632343302952,-0.05833515451671508,0.03869816313726778,0.0025774391071733704,0.040302509283963145,-0.01321988008963301,0.07256166000324528
gandalf:validation:26,0.1663449821705614,0.06022095605078454,0.17825053425514423,0.0028328814722582423,-0.04665514778827433,0.2571388276368296,-0.13145552796778934,0.0410660645395223,0.046676347699628924,-0.019454646515895655
gandalf:validation:27,0.1990700962695053,0.12814257014437008,0.1680832027161044,0.10396702308925033,-0.002114648999540285,0.16899346987390765,0.004605393628592691,0.0202376532381446,0.020400445761579684,0.017591713395688723
gandalf:validation:3,0.20570499543236895,-0.042005823893926146,0.06716612607807729,0.01410128896701627,0.024913374463287178,0.04961270715116411,-0.03229798521176378,0.00608440400180588,-0.01508345016502485,0.040195544595247705
gandalf:validation:33,0.05156377307571951,0.019483130918850913,0.03961893662487898,0.012795559096205366,-0.01655037528490406,0.06338319586153779,-0.024897243566462703,0.030360565625521953,0.0034541136605580848,-0.00335526065297496
gandalf:validation:34,0.21134208237729077,0.14157161237220808,0.2235077860296524,-0.010447618340575818,-0.06074847877702649,0.06299035618422558,0.015863783708211628,0.008432851071194401,0.0005284902137643868,0.028207697942827552
gandalf:validation:35,0.13665919814762065,0.013814335335857617,0.06291205327432327,0.05149550072442305,-0.011691424809281611,0.07423154973492642,-0.008941594376934401,-0.061844213564518566,0.009980729377366276,0.006009155549428841
gandalf:validation:36,0.1860204635595224,0.05411232103521725,0.19146141614729556,0.0014595027378106636,-0.016432504589802586,0.04938794080599677,-0.01583631412454637,0.0017128231296222696,-0.014383060494427748,0.07307755336699193
gandalf:validation:37,0.0295827008686335,0.0296378839296732,0.06288327882053564,-0.003918821869104393,-0.011928217313595075,0.039102059104540454,-0.021463004681996006,0.008386423809191176,0.0039022970965437247,0.00729283074017849
gandalf:validation:38,0.05943524607940439,-0.00014362405936159097,0.030022976894670463,0.0002402614432628153,-0.013108354918518273,0.03449044140951988,-0.01905495031893622,0.009095998368955699,0.0035449714142357347,-0.01900118528728928
gandalf:validation:39,0.06699725874388388,0.05354227247057393,0.1055792891846329,-0.0005665120986573508,-0.028783212170215785,0.03162178232666429,-0.004211290397787541,-0.012970885459416943,0.0009899815702028212,0.007435042968250734
gandalf:validation:4,0.09167661403628517,-0.009530231461857299,0.06999607202638966,-0.004540736324278942,-0.008648640515415515,0.03824281807411131,-0.021956789009877645,-0.008491091779799783,-0.0072535482783040225,0.009171615522193026
gandalf:validation:41,0.16664033655020855,0.05231220611751072,0.02892725752138187,0.008256575445527988,-0.030109205322874248,-0.0115448103436844,-0.1282419477440723,-0.05011365358412928,0.01479883545867666,-0.023591707871338314
gandalf:validation:42,0.050247603307293554,0.052887983227815544,0.0919143908499466,-8.585499232317327e-05,-0.026645062876806756,0.05218101648126497,-0.00949476953783896,0.005595243101669471,-0.003764452240604359,0.029902107427961736
gandalf:validation:43,0.14283968698577845,-0.040942931219023176,0.05946867623157595,0.030420260529212543,-0.014422071337491092,0.03356863025560459,-0.03172418154074593,-0.005519031892930192,-0.035689778481956744,0.05505450810176544
gandalf:validation:44,0.2392132710451859,0.16990977760830708,0.24130581188243033,0.08185825902693127,-0.04987413065322901,0.09684070850007134,0.09287925464657625,-0.05315256196244983,0.03898598137247119,0.0485613081917168
gandalf:validation:45,0.1738666522453885,0.09585672705019614,0.23633692676857046,0.013239864320502195,-0.04057053542744598,0.24053730250501637,-0.025429552560722574,-0.0691553006853382,0.06252794214133568,0.011555713240413283
gandalf:validation:47,0.12064369861575203,0.2095237374467959,0.31302417174371533,-0.018367433694773477,-0.07459171643866486,0.08401596503422797,-0.018397613434302386,0.04208598072251736,0.020318096742366062,0.03278286454568422
gandalf:validation:49,0.20690157467175882,0.03424095012959961,0.21602073477493094,0.01176609019991117,-0.01459950179126829,0.2925195157315233,-0.19049160773343826,-0.0378453491682906,0.0010749504921447855,-0.021983931157838737
gandalf:validation:5,0.05828399840345234,0.023366466418780152,0.0439294848256752,0.032403373450798245,0.0038025283746035885,0.06690645558980085,-0.04151806848563645,0.02678778225178191,-0.0042903571789049645,-0.003232773854584263
gandalf:validation:50,0.07977705256957078,-0.009677793551690943,0.0280521147182799,0.006857517596431148,0.0035132965603512953,0.06601852742529607,-0.030796567639044994,0.02540483525768161,-0.007759288497484531,0.016791287550650083
gandalf:validation:52,0.06253701454890843,-0.013852091900641243,-0.003974611147660631,0.003550872778934652,-0.01949451671607206,0.046432020869240496,-0.0012144122509590203,0.014162774540063506,-0.0036453435066179543,-0.005546811973072311
gandalf:validation:53,0.12269390715119852,0.024653284871926532,0.10061975929992058,-0.0017435919193497249,0.0032873191542629097,0.1354012140352184,-0.08989253647930971,0.017603460022681136,-0.004736950488824118,-0.03127911009227226
gandalf:validation:55,0.1357327666017592,-0.017280316855898713,0.11690725592405084,0.026188251218565887,0.028705655255250533,0.15987068981747085,-0.11305648759087764,-0.006610020554617289,0.004353667197932989,0.028261651447987347
gandalf:validation:56,0.07281800727623308,-0.023253199623010035,0.03554166625161222,-0.02997377670991305,0.007854295575651765,0.045905896392615796,-0.020256159049875416,-0.01691816212669471,-0.02141709744577011,-0.023390400170290482
gandalf:validation:59,0.1324470732009467,0.03599752218437462,0.08931863237586389,0.01388839746256793,0.007350507214648623,0.15687426780774752,-0.0808165262449054,0.012907611470568275,-0.003863552192557107,-0.040372985818152476
gandalf:validation:60,0.0978208409099875,0.01882156700480932,0.0264434924021359,0.011859441625381835,-0.027044590729406372,0.060017455963384106,0.007339577530247624,0.009733360529662812,0.0010971808148161706,-0.005610040104411195
gandalf:validation:61,0.1878984246248414,0.14125827997122445,0.22901763920284285,-0.027531583566793923,-0.059828561899173335,0.1960669833987323,-0.1573429739585496,-0.0492448738803277,0.06328956730355148,-0.027195177046524587
gandalf:validation:63,0.09101011872796355,-0.01071322407172954,0.059461461936840536,0.010450427958498739,-0.0069798267437979076,0.05209133131596427,-0.04502629835500047,0.0013633881263782285,-0.008029451882372139,0.03237092278587996
gandalf:validation:64,0.2090133531345063,0.12085075612436842,0.28816130368162823,-0.0010322954836829872,-0.047566884578243235,0.3740651864041294,-0.19927926730331522,-0.01805028617416426,0.049504059449299684,-0.01180559895795806
gandalf:validation:67,0.13922129862006508,0.04105537155936235,0.22193775279696304,-0.03720327941991332,-0.03868115642807545,0.3162772114587444,-0.17516375994412192,-0.020130083270820914,0.025804780057748448,0.005097698702302358
gandalf:validation:69,0.11547504530078784,0.06939527447568483,0.123099408416211,-0.0021883335193871615,-0.02882359094099532,-0.020367542830566947,-0.04657587502461735,-0.011615607400789275,0.0041072792644660985,0.003241013310103805
gandalf:validation:7,0.053441579772379635,0.050585781733711026,0.0556644657370038,0.01150776401126622,-0.015980025359180833,0.09536731207561314,-0.03933791813771017,0.04132215019446303,0.005359174630610225,-0.005380351042160521
gandalf:validation:70,0.071789066305319,0.008680860548437067,0.08142937124201345,-0.020733452106523192,-0.014339297107927942,0.10739691530120696,-0.048136918337644226,-0.008957169199251342,0.00048354837573047916,-0.00011392546617907615
gandalf:validation:71,0.10374954589323064,0.04643846209081548,0.15582921240220135,-0.016377551133568428,-0.03463934813852232,0.14718922978632595,-0.061959418709879234,-0.013290769270219606,0.022034628708238878,0.008543530470651919
gandalf:validation:72,0.10632796026490951,-0.019087144970252084,-0.007991316745252436,0.03752865743151944,-0.020545002413462257,0.039161341488278836,-0.017344666712337357,-0.007902793414535661,-0.024936377533210912,0.03921223637418044
gandalf:validation:73,0.10828890352422813,1.17980361357284e-05,0.0725104622889385,0.015571809936123766,-0.0017100634276193776,0.10787434963708241,-0.06215751916314135,0.023489092262344583,-0.01779811059005351,-0.021086125770015552
gandalf:validation:74,0.1863868124993901,0.04520014354169641,0.16495052925812623,0.02753209235972048,-0.03532362337655278,0.16246070273458407,-0.08678988964679177,-0.00958055306315367,0.005805895730982365,0.027622491360151203
gandalf:validation:76,0.055374041314225304,0.03349967977172067,0.05135889695602387,0.008317450274840614,-0.01745599048661946,0.0831119171514109,-0.03685361674087268,0.02725566609984687,-0.0006851366778548153,-0.0035667893660915454
gandalf:validation:77,0.16368244544786686,0.09375460680633355,0.21040416834667422,-0.01956655880719955,-0.056260883497610284,0.1543129760594559,-0.07175668407643812,0.01650145646845598,0.021129784699963884,-0.015927556984514302
gandalf:validation:78,0.12628529613153291,-0.005511756340953651,0.08944239353059855,-0.004936870549096184,-0.03900866314649225,0.08934805463348576,-0.04849750732658034,-0.0024568240073695436,-0.010435587290235741,-0.02326442227756852
gandalf:validation:80,0.10204599823205844,-0.02481833166901752,0.03815059742902142,0.017434057085736816,-0.016615044642662617,0.048566314563406945,-0.037731523745999355,0.005131520370985619,-0.023338146512251075,0.014452035145419234
gandalf:validation:82,0.12910779375973971,0.007080720191065421,0.06342861939493656,0.08308892048863786,0.008003377336509456,0.01324976214623389,-0.02265317443324581,0.05442855380113635,-0.04637729029610071,0.043333276882450505
gandalf:validation:83,0.15595228101211445,0.07939258628996845,0.060784453007505665,0.12760523499236254,0.016787320123484953,0.10263602741003422,0.05162998203087933,-0.027052796405921717,0.017114972066460107,0.054161764251632036
gandalf:validation:84,0.08655070262872233,0.11057105295843421,0.14367283129005354,-0.021717209429955454,-0.045520893785784784,0.11498930760042145,-0.08287101914262307,-0.0010371024488698038,0.025170985345419054,0.023880099030566673
gandalf:validation:85,0.0636750888598605,-0.00851163936692991,0.04563704959267011,0.02606614745372554,-0.016646547569301874,0.02777754450102146,-0.032380183643472726,0.0011537480996660898,-0.010238636064585459,0.036094362260271996
gandalf:validation:86,0.04274804702636297,0.05283544314186462,0.08015129595496401,-0.004446746855950582,-0.016711338765698407,0.015330127974285434,-0.004933870609880099,-0.011727123682035344,0.011670707801253484,0.0031348967259960713
gandalf:validation:87,0.08203154374063727,0.03157531303622953,0.026776036044077647,0.010227644190950333,-0.009772133166160492,-0.0034803458751159603,0.025563566502791832,-0.027843664507255634,-0.005844940164936773,-0.003940354575284902
gandalf:validation:89,0.08281486600030175,-0.013209695161204718,0.07081378833092508,-0.009585695889190848,-0.02606455013027262,0.024178857814906262,-0.01837862196108123,0.002909017889575015,0.01897690931197435,-0.01208861450839529
gandalf:validation:90,0.14287126046998497,0.18561736189649788,0.12805435570438145,0.04857493568786788,0.03690704609889159,-0.022198585326549523,0.03319162409142914,0.25049603410122484,-0.11422043077695936,0.039483796023857286
gandalf:validation:92,0.13605171540458574,-0.056233195584655345,-0.0022770933905353636,0.09880839383764937,0.03439142283971325,-0.000396420406973835,-0.03353326896097191,-0.013242868863073787,-0.028415921047736634,0.016604320024508845
gandalf:validation:93,0.1762994271781553,0.02954586706556966,0.12043269358995136,-0.01692024227194302,-0.04059408298035,0.07718034039793477,-0.009216853609285687,0.002890151637315456,-0.013770335634467518,-0.013718704168523912
gandalf:validation:94,0.07500100328932256,0.0515057356016247,0.1216921501779515,-0.019078931344754746,-0.01344831285461507,0.05591541677820568,-0.00622628941631249,0.0027622032548740225,0.008198470382265252,0.013609943837518434
gandalf:validation:95,0.1480001211543975,0.0815342769561008,0.16857524801960522,-0.024163154165098257,-0.02264514808455082,0.07766781053443969,-0.008194127333005393,-0.020803025172047573,0.0015240960827168858,-0.01934547164465768
gandalf:validation:96,0.06322881181525619,0.0034094975263489528,0.025591029659879073,0.016252049299633184,-0.014176469287060563,0.030740774708693665,-0.01158912877827315,0.009400921653135642,0.0001422783242524508,-0.013829026922509823
gandalf:validation:97,0.23812981806777542,0.03485578738855084,0.18651242350350822,0.043952483006706566,-0.04027672368642013,0.119060047227375,-0.07605664196710728,-0.0023985785367635357,-0.013574053910511263,0.050278106820142734
gandalf:validation:98,0.13654719130634702,0.07603152991943576,0.19749188898155762,0.004118524957997793,-0.023349095366739913,0.22848194766366323,-0.14305424686610174,-0.027445548708401497,0.03240111226050275,-0.012679711075012303
gandalf:validation:99,0.04114332675983955,0.0055876195503268295,0.03980374077795062,-0.0012717389717613354,-0.02008310422530776,0.04765680790377464,-0.011022654681705983,-0.006444509485639565,0.0005166239557781163,0.004969620960297937
wild_jailbreak:train:100,0.09052268699697712,-0.038241356048677115,0.01204744443998878,-0.033361603872540155,0.01489584336999568,-0.006726090532665521,0.003568088244475684,-0.00998145553875327,-0.01704543453437227,-0.021290722142814314
wild_jailbreak:train:1000,0.2670389807198356,-0.09488423965246202,0.009631388391002062,-0.019220202919075287,0.015952694717546394,0.006485541000536768,0.00027254799494061724,-0.010085495320313583,-0.05200013382538761,-0.03727755641114945
wild_jailbreak:train:1001,0.3182130712001475,-0.13919311620632804,-0.015959414921344665,0.05185058402624324,-0.0035804578899147903,0.0019003935456399967,-0.03678884138467176,-0.006909461758074739,-0.05572535233260836,0.08013378848990646
wild_jailbreak:train:1002,0.3849506048111624,-0.18360072711233114,0.010013651569211253,-0.01429188060901208,-0.03650172325255044,-0.01314359750882597,0.00027566141093516715,-0.026565769884690196,-0.023791772091618396,-0.051518550650979184
wild_jailbreak:train:101,0.34278449064883537,-0.20233381710855106,0.008376099631235796,-0.004774830787960703,-0.056472378436803375,-0.04491436718358434,0.019098440771033634,0.06048270690074244,0.11356914669655159,-0.010290308841374775
wild_jailbreak:train:1016,0.2743609481141863,-0.12702432564794822,-0.006575339013535934,0.016495159380471268,-0.014937194983458673,0.03308897684188655,-0.014105309031991252,-0.014464403510912282,-0.04965360033134041,-0.026833143625172813
wild_jailbreak:train:1017,0.24988996158122265,-0.12583620957680353,0.0009359813673370132,-0.04367328966981722,-0.01827356706308393,0.008439862601469892,0.002813858364470946,-0.018364313533885516,-0.01618371537549478,-0.048178411436585154
wild_jailbreak:train:1024,0.521794280250685,-0.2607427628214272,-0.014555670222939712,0.013935275300348183,-0.0735477913053331,-0.033496614604705516,0.022703132276129676,0.009461549480657867,-0.0020593594764923436,-0.006272037725556795
wild_jailbreak:train:1026,0.5310965163177519,-0.26489694281860365,-0.016367093364588137,0.00447283694225945,-0.06960467387428458,-0.02484703903133031,0.025646217902828637,0.010015748722200528,0.0006365064631236646,-0.016074644917802246
wild_jailbreak:train:1027,0.4014261989601339,-0.17672486473427548,0.0006848540399191111,-0.0006491420059564442,-0.041276565260938224,0.009823776905616996,0.01285558691473672,-0.038621615951472524,-0.03949880616257941,-0.03798495439195352
wild_jailbreak:train:1031,0.28841503436590676,-0.1656483338311379,-0.017423799517131033,-0.03195339127276574,-0.05448176294036443,-0.03999169031912261,0.03296678919805486,-0.010849944644468422,-0.008007858283763006,-0.07274299156107059
wild_jailbreak:train:1032,0.48076649131872795,-0.2495564978154126,0.004140817983141268,0.019381303556145292,-0.07315291132634678,-0.040945776768232765,0.022746510527261316,0.1134254021053633,0.18101210839628895,0.028448703269971665
wild_jailbreak:train:1033,0.37622380945866785,-0.21400404276795296,-7.314438428460753e-05,-0.032557303136998755,-0.006753300316259068,-0.0031054084036452865,0.03172442872904566,-0.008594027940255449,-0.0553868001237722,-0.030515347224141603
wild_jailbreak:train:1034,0.2781699777521802,-0.12290572754858345,-0.009737717575612698,-0.035443920838941836,-0.007652195982842678,0.03247842224900358,-0.00869694721047682,-0.006685219631789344,-0.028324886465491594,-0.025144565415579245
wild_jailbreak:train:1035,0.47166150682192987,-0.2820389853383784,0.0024998813932948193,0.0023621430438289276,-0.09109996740301904,-0.1352253480501595,0.04852047669695956,0.3193307860053535,0.6011471607903563,0.0725990062291052
wild_jailbreak:train:1036,0.16283722926402594,-0.03584832170856615,0.002914533137385547,-0.010167347937841334,0.01873547044758779,-0.004743517136376479,-0.02826109083238763,-0.024540913777004784,-0.013604640077304758,-0.04413402176111614
wild_jailbreak:train:1037,0.2832808704827866,-0.11092893104477673,-0.02601799694846111,0.05829833881966581,-0.01809352724205846,0.010011962606643634,-0.0035376236715338885,-0.021908196168638854,-0.035822522534844525,-0.03888649379208924
wild_jailbreak:train:1038,0.22383775857167415,-0.13857658576521398,-0.02940477326176197,-0.007811212452970562,-0.054835442046659154,-0.046762522660495354,0.041297845704782996,0.006406675186079337,0.0037028546954779003,-0.0635042638472821
wild_jailbreak:train:1040,0.3402449998696175,-0.19429407090514414,-0.024598433845259463,0.08341511985033137,-0.07688068745367974,-0.041030490195088795,-0.01682621750402086,-0.015805643567128144,-0.08754476038899607,0.05004434099344038
wild_jailbreak:train:1042,0.32224306430753813,-0.17755615751148252,0.0034617757560201547,0.05621807995214054,-0.03600744620299499,-0.036549657756935416,-0.008666165759575096,-0.0394371037006303,-0.043434558069366816,0.00026561494292558793
wild_jailbreak:train:1044,0.36198457950875856,-0.16448737273685207,-0.0036842561926425364,0.01878884576567845,-0.00952615235387818,-0.02189381097134059,0.01114865474870547,-0.015034201018512808,-0.02089597764979872,-0.018210387747857472
wild_jailbreak:train:1048,0.4658531209297056,-0.2632038209270821,0.007903147656446848,0.06714340336750552,-0.05395250682424113,-0.10384275072144362,-0.012263358975503966,0.13864643065066,0.24047502335538148,0.06650228863720957
wild_jailbreak:train:105,0.2033807368682221,-0.11000317461446744,0.002945463840688267,-0.03233634813605601,-0.0032719705723866185,-0.008452969024976383,0.016087359094533214,-0.011877275107726425,-0.013111492793958974,-0.05058831725134726
wild_jailbreak:train:1050,0.29999566910505554,-0.12299173644583632,-0.0020569107829815727,-0.04310978067820657,-0.021874431823084746,-0.012269811891874788,0.0009824337289355437,-0.03705812801564097,-0.0046249828044812626,-0.061256926858720556
wild_jailbreak:train:1051,0.22700559444991364,-0.08120303500579239,0.005684761613330291,-0.01718473813596465,-0.035926540551710295,-0.008942940067527827,0.010043265603383469,0.0018329958533756642,-0.013638227054956174,-0.027954409779972718
wild_jailbreak:train:1052,0.2060926652501557,-0.13598927610735123,-0.022321252360304876,-0.013405855744209747,-0.051662405858579105,-0.04893723836804119,0.04011325028199249,8.793642502722048e-06,-0.0058789520505657155,-0.07737931394637397
wild_jailbreak:train:1054,0.3604452550743003,-0.15667380433369343,-0.019480274051010365,-0.00045742353853288527,-0.05000731205136003,-0.02980711057249387,0.004946766865065573,-0.01441466093695121,-0.023660270740219178,-0.009498014147551418
wild_jailbreak:train:1055,0.33606736699328515,-0.16253355993876017,0.008286694172324307,-0.021833476992119787,0.020159550452798814,-0.0036508340455752583,-0.005070869804800514,0.008064480375535787,-0.014888284556790804,-0.03441445823438956
wild_jailbreak:train:1057,0.3275516657534752,-0.16614393087966484,0.003954026432432527,-0.034346393008819864,-0.011696316203506188,-0.0015746513880683527,0.00613395026292521,-0.0177081316259288,-0.01741358699414308,-0.05002562756257389
wild_jailbreak:train:1058,0.5047640260846813,-0.2550955173743287,-0.010204010538328784,0.014532941698817315,-0.0690368082268778,-0.025193184591597185,0.020559252687035873,0.015574385390799398,-7.424929586577132e-05,-0.011759652130130234
wild_jailbreak:train:1061,0.3453009790567124,-0.1755341885881783,-0.045277894964540655,0.0012518526849565172,-0.07335591505863753,-0.05905730272671268,0.042069350360485355,0.018408431199090067,0.04033578732619315,-0.028823524943620192
wild_jailbreak:train:1062,0.32077315255356603,-0.16636729464493527,0.007220254655964886,-0.04758275407530619,-0.004667271363758473,-0.017774030548236383,0.013783149903134785,-0.01450437996194273,-0.020653398807063218,-0.05117332378774749
wild_jailbreak:train:1063,0.010161753325232777,-0.008175688556493733,0.00040954534582065606,-0.0010104788460085692,-0.0007928245254660916,-0.0034081655823682455,0.0011892526084596431,-0.0013054651196158762,-0.0036025009053116076,-0.0002276204508188128
wild_jailbreak:train:1064,0.01497366382256801,-0.011853439497175785,0.0009434813710340407,-0.003099591185510561,0.0018174414976656595,-0.0039835209922600935,0.0019350592162058814,-0.002806051396064378,-0.0055639108059401705,-0.0020235859765932677
wild_jailbreak:train:1067,0.21102293168148348,-0.09902401706488609,0.023870232488673423,-0.035721301400718324,0.003416614159994446,-0.029046029874882494,-0.021259715598632746,-0.00449598274993728,-0.011414697709394203,-0.04566854567043149
wild_jailbreak:train:1068,0.42116065458949764,-0.21855304925143784,0.0006528883537721563,-0.001527100316466163,-0.04788690485048865,-0.001113292533250057,0.01605763442298252,-0.050120127258324404,-0.06124918621286032,-0.05021617662097479
wild_jailbreak:train:107,0.27333210082904014,-0.15873197423259397,-0.006706407203254704,0.04484280076239344,-0.0003129538287844522,-0.031242360379606014,-0.011363995565571466,0.0138309669742761,-0.013703259917634722,0.00029578453732749
wild_jailbreak:train:1070,0.3143888945036202,-0.08253702512814573,-0.037153823011235196,-0.027687146072908963,-0.02236868830450452,0.050049132391976614,-0.009471724228338987,0.03266548151295022,-0.05077988709005065,-0.04292468427656163
wild_jailbreak:train:1073,0.17278165220302982,-0.0588464294205968,-0.0017694385349654564,-0.03062442255074525,-0.010556264037527607,0.005756111188272867,0.02602689185155437,-0.021665830660133275,-0.006365183140894632,-0.04058307196659003
wild_jailbreak:train:1077,0.24382117148656157,-0.13135936841709245,0.007744205885284994,-0.03566299317868579,-0.026554550015249864,-0.00012734442085265198,0.012106600345066144,-0.03686527326881696,-0.04012938142792257,-0.06331815954164927
wild_jailbreak:train:1078,0.25305844597319305,-0.1315175553053681,0.004900426294610094,-0.04785475291017006,-0.019582849444402084,0.018883625626226225,0.014151629775610974,-0.01550958345998475,-0.028966323547086087,-0.051535759821930156
wild_jailbreak:train:1079,0.2864438094656125,-0.15053385282164736,0.011070460896482873,-0.002627922770229599,-0.015493759991331792,0.004476147043612542,0.01317615200992785,-0.03125991867996577,-0.023546633933243345,-0.05888050264150938
wild_jailbreak:train:108,0.10238625197990979,-0.050548076686310936,0.026932011079204888,-0.007106249171362759,-0.02130527328607027,-0.021096408836549344,-0.0022967059200695904,0.059048858235244396,0.09507693950301332,0.008367684157337518
wild_jailbreak:train:1080,0.26831211427424373,-0.12606800754311787,-0.00206888297255615,0.0017861818039029797,-0.03221347589547159,-0.007744740791455676,-0.007551580371922338,-9.716255074935769e-05,-0.02878851754930171,-0.018515494912684637
wild_jailbreak:train:1081,0.3789457166626797,-0.225807752979599,0.02219626934654614,-0.035632242971775356,-0.052725290252408845,-0.011306027564407559,-0.004006280629619648,0.002760555981981984,-0.031458511843457194,-0.06024495532268915
wild_jailbreak:train:1082,0.40996944483076553,-0.26583682755945043,0.011799098886685542,0.01520048251261755,-0.09605112170821051,-0.13067822051543285,0.03536424673435911,0.23647236179835643,0.3967700132647548,0.04061754489068801
wild_jailbreak:train:1084,0.352272545712035,-0.1512649573851861,-0.024527295779734587,0.04079089442863573,-0.0369514117113305,-0.02768949747967659,-0.010721933192978117,-0.0304024240917088,-0.05678289001519369,-0.015138123872485762
wild_jailbreak:train:1085,0.46058933650165584,-0.26445808665602855,0.007392830997433645,0.05668652180146538,-0.06648254579141982,-0.04174786357593181,-0.011005025039970907,-0.007966951052855718,-0.09700865482267552,0.039130492180712045
wild_jailbreak:train:1086,0.19550321163732368,-0.11092382347432898,-0.016704300822228367,-0.005808336138218169,-0.050114977890654035,-0.024593965389339015,0.027337582782860984,0.01489150656347337,-0.007924161898275127,-0.06305268312395665
wild_jailbreak:train:1087,0.38253113631101127,-0.16873614680137217,0.028464885377845642,0.00888513849311593,-0.03273284571692562,0.022429043375372656,0.0026429806597144953,-0.03613670288586192,-0.05372960705311858,0.001237376674645243
wild_jailbreak:train:1088,0.310485936658522,-0.14601475979492196,-0.004948754454240974,0.02457172081171988,-0.022836345597014415,-0.011467730836992363,0.018570979661506483,-0.044519611743013845,-0.035610962626432596,-0.00507504215744813
wild_jailbreak:train:109,0.2749255641819591,-0.12431733074788008,0.05020363765516791,0.028457484295340427,-0.04084485978169866,-0.03013348859358261,-0.015446342672830066,0.023141443189593724,-0.04562734733169811,0.036399756526451756
wild_jailbreak:train:1096,0.3756079433314486,-0.18060670862524472,-0.003773830210417031,0.0008171465224260237,-0.026533842980731914,-0.011063976894149638,0.016425643443938848,-0.04574504987231195,-0.05083839650840068,-0.06747986780564601
wild_jailbreak:train:1097,0.3012132866123229,-0.15708914136523122,-0.0019000290665803523,-0.02049224303931823,-0.03439713787854837,-0.01191640161392797,0.021481062251032135,-0.005906734143913492,-0.014186997860399064,-0.04139887741827997
wild_jailbreak:train:1098,0.36534719622192846,-0.17176345027676282,-0.02425536173508179,-0.03332331288744127,-0.030939545273073323,0.02984672161614482,0.0065434796642350156,-0.013032921325673701,-0.049960184130118275,-0.04456533822354717
wild_jailbreak:train:1099,0.4959024633268617,-0.24200683978939563,0.02675166551756317,-0.057995884970760296,-0.05508917757755898,-0.002515456730642042,0.047782487238654074,-0.03391483051648872,-0.021767283023299427,-0.08450969721098803
wild_jailbreak:train:1100,0.40285212729121667,-0.2023704834883731,0.02395050151982963,-0.05422399940517299,-0.023979902935713192,0.0012308635006446174,0.006935795077770972,-0.038373017207400564,-0.03309973026445669,-0.10543671306863796
wild_jailbreak:train:1101,0.5698555505380251,-0.2854113119057188,-0.01172178431672422,0.03032356194675676,-0.05997787434669061,-0.03515621664170142,0.004316076751524766,-0.014657776112744702,-0.07734485531691128,0.004160509508462259
wild_jailbreak:train:1102,0.3733362906798231,-0.08627289037138684,0.07807898591767573,-0.050757588146727387,-0.003002789203614504,0.0551381951441761,0.026302848899205825,-0.039480601308914266,0.005357127622666983,-0.04013044109392617
wild_jailbreak:train:1108,0.23603470499634313,-0.03286519643877225,0.04354939552108929,-0.014180166667587308,-0.052455733580611154,0.003487148782489607,-0.0006718331455704943,0.015370246905515165,-0.0041403951086969905,-0.01425162487291568
wild_jailbreak:train:1109,0.22351582147060012,-0.11086269693411549,-0.01144377161342857,-0.04122329985333435,-0.019972119511550656,-0.009165815050956564,0.017753095448812803,-0.008702205793329577,-0.02644678472337054,-0.05338755491494892
wild_jailbreak:train:1112,0.37670019339058286,-0.19483344161180075,0.01071143228936909,-0.05674845075142139,-0.021459674374235682,0.047887452732595315,-0.00023052515667725123,-0.011068195321583197,-0.04515407580806611,-0.05651433139642569
wild_jailbreak:train:1114,0.3051542146405668,-0.15666105063297392,0.008255750425850025,-0.009061656457309128,0.0011952768609794328,-0.022241048366274316,0.011008033658119481,-0.004759817024414765,-0.004270933115784219,-0.029714387976940596
wild_jailbreak:train:1115,0.17208423818252255,-0.10055296575012608,0.0195817254454555,-0.03697059371914514,-0.012222458198408122,0.027295335776532387,0.005996185669612282,-0.020625039670001757,-0.024114975300395358,-0.05474527349926535
wild_jailbreak:train:1116,0.28652659915372314,-0.13918241863832556,0.006054186522577485,-0.027927134191305974,-0.020863469568615574,0.0019890043168288365,0.01708691496086893,-0.031970216155281,-0.03141332214582818,-0.04644241726350449
wild_jailbreak:train:1117,0.4033082577217021,-0.18461280717163797,-0.035301511119464904,0.03562507938278499,-0.05075289746112814,-0.019852770380802142,-0.005963585338454942,0.034810052409001015,0.041074176102573405,0.001521645987498658
wild_jailbreak:train:1119,0.1707215793830859,-0.09149767348161211,-0.014610991944896594,-0.021216366017043964,-0.019045021987930434,-0.015223982248954663,0.02072232613065042,0.0037861627707462464,-0.02381325090335553,-0.03406250699348478
wild_jailbreak:train:112,0.3991747539914331,-0.1732324512036343,0.008769202148880263,0.0430151683564615,-0.03218914241195798,-0.01947864999957543,-0.013036873888177286,-0.0269128653757979,-0.05469540549838679,-0.018315607520688042
wild_jailbreak:train:1120,0.26133421048354066,-0.1403120919977351,0.01235002784155619,-0.023946207665270135,-0.03959732823887152,-0.0020052801930596294,0.020803363384960225,-0.03456816835086925,-0.035747161066575495,-0.015714090439803232
wild_jailbreak:train:1122,0.27369109782401163,-0.13634245829637404,-0.0028643935791309934,-0.019683488395417673,-0.012671289289435573,-0.004898091566742135,0.01242189759007439,-0.007195373564180943,-0.030991059978007513,-0.02395603743684251
wild_jailbreak:train:1125,0.18423067589239767,-0.09039655132574395,0.005525212015374206,-0.021782807669645885,-0.011822365385686304,0.005173907198142807,0.012128356571643602,-0.0174437353691915,-0.01935268028995437,-0.02982696010128606
wild_jailbreak:train:1127,0.5148569525991411,-0.2536001783051231,-0.017749905903151557,-0.004815711264076016,-0.039720048796368576,-0.0018374468461156057,0.006260898035685491,-0.028647268391912048,-0.03623038207469838,-0.029454926949988493
wild_jailbreak:train:1132,0.1683214904499702,-0.09960753102036382,0.004823961185083798,0.01884781547433996,-0.03677054478285724,-0.021433736935834075,0.001027164331097893,-0.005003852131708674,-0.006192982583591993,0.0036254664724446467
wild_jailbreak:train:1133,0.3119283929977442,-0.14232828296510078,0.0028315709955177644,0.01789493153275385,-0.03237803038620313,0.003963836348909617,-0.014404127120168862,-0.02432949959292994,-0.04041591363984919,-0.008703282558575188
wild_jailbreak:train:1135,0.1999309753563945,-0.06608328146242233,0.01679787650297548,-0.020393585486560218,-0.015136903823046163,-0.026628215838251673,-0.016649438242494003,-0.05678942268616498,-0.0033888385610777354,-0.06282326719662025
wild_jailbreak:train:1137,0.38937707720775383,-0.2039870256325258,0.007269453248968526,-0.0370670654190376,-0.04628656989827897,-0.011894370602977945,0.03277701922067744,-0.02615887105870195,-0.08242231051994973,-0.07828775077693903
wild_jailbreak:train:1139,0.2236184605524362,-0.09875163180733966,0.005566939231503706,-0.02720010180299776,-0.0058683899907259985,-0.02162071530327059,0.008598908662824636,-0.01956817709655214,-0.025731223435204578,-0.015664692244184635
wild_jailbreak:train:1140,0.32507250014304445,-0.16865187700474743,-0.004617172140362181,-0.04835930316901059,-0.018607207504223715,0.011650856597499183,0.02801901692064656,-0.037819348273066246,-0.04662961662562094,-0.08662699347984028
wild_jailbreak:train:1141,0.29094570725580393,-0.1603145331871598,-0.006161488975598491,-0.04186032530615596,-0.021521054553905936,0.0035705838452964747,0.031456173711071886,-0.03374670706822759,-0.03587843513791107,-0.08657262622288678
wild_jailbreak:train:115,0.14325653920745163,-0.07785222442546756,0.005698318942664425,0.004692912762815132,-0.021790761375530307,-0.03382509103792187,0.014098729676597806,-0.009145260550193214,-0.023738242818440763,-0.016059862467385267
wild_jailbreak:train:1150,0.2474105700824646,-0.11438983587779407,-0.03637376983171451,-0.03552576922566609,-0.05359533383233219,-0.024717350894571027,0.01900921576757329,-0.006418132140165933,-0.04394455819458521,-0.024747382703616632
wild_jailbreak:train:1156,0.3248292378251509,-0.16726909625809344,-0.0037248666727547498,0.030427312590894873,-0.05211924547298551,-0.01869274506512287,0.011431577088402605,-0.00981412006794816,-0.09678127146128547,0.0018537014387625254
wild_jailbreak:train:1162,0.17319640998065786,-0.09207469822931788,0.018873400641781234,-0.027725055478901816,0.016147899242225084,-0.002935038812560944,-0.007691742629820891,-0.013142095313479702,-0.007723468668902644,-0.029886934486900475
wild_jailbreak:train:1166,0.15476751666952324,-0.0873149168117656,0.024250686288295863,-0.03619648369559761,0.015549702382890019,0.0037080762401315017,-0.01229988092991828,-0.011814316043838624,-0.013718286665406266,-0.03795174004642523
wild_jailbreak:train:1168,0.286904436608027,-0.14788655214826812,0.0011208276197286718,-0.006491222209014851,-0.02968711659881848,-0.02139713608259019,0.015273789124780033,-0.027680921199440697,-0.04386547546445108,-0.05632580511624039
wild_jailbreak:train:1172,0.10699999134592525,-0.03735796235823645,0.044517921277879506,-0.025002366317573854,-0.007982861704650865,0.03808757318667444,-0.020407306624921667,-0.014209097970541625,-0.016900282746132134,-0.03255001103211
wild_jailbreak:train:1173,0.3421545741445054,-0.18109859343163084,0.029112158610383226,-0.07594106847166592,-0.014575868841266531,0.022166582001775764,-0.005401119708512692,-0.0352314610749855,-0.04645403449351371,-0.11012375695460278
wild_jailbreak:train:1174,0.22687689841271969,-0.09600422993380837,-0.01067100949283507,0.05692079505243997,-0.017599729680947772,0.001783592603483038,-0.002447399894621943,-0.014848885016529586,-0.040121036100305825,0.015231124794622119
wild_jailbreak:train:1178,0.2733654982137915,-0.11124916175364258,-0.02131989403749619,0.035056124916013884,-0.017962703268720848,0.015502303061844282,-0.005647896523338305,-0.011745329081730139,-0.030772772792045454,-0.04167184835934022
wild_jailbreak:train:1182,0.32298734300876636,-0.18082698639135383,0.004431670325241314,-0.028672287199210476,-0.03677393549206505,-0.007512240241363864,0.017571203691439316,-0.012825735936421584,-0.015096254945593596,-0.042813450776603076
wild_jailbreak:train:1184,0.23399442581395918,-0.09115052904193598,0.027435609842021723,0.04525226099049087,-0.025625719802020122,-0.0029876762728275404,-0.0054394528856674005,0.0023476268155777145,-0.05533736658011756,0.005252776078629295
wild_jailbreak:train:1188,0.25787850709360505,-0.13357477378465765,0.008921116762792109,-0.04599074262839446,-0.013822097292395627,-0.001144652899810435,0.012759549833262543,-0.030050299795382984,-0.027273686023342677,-0.06929612883922101
wild_jailbreak:train:1189,0.03756194419837496,-0.024272115464738495,0.004905544229402878,-0.018597270901832715,0.019134478941333608,0.001475667410096261,-0.00036245985411315665,-0.005334210423241696,-0.018920931998724917,0.020752611445948706
wild_jailbreak:train:1194,0.2453820282819993,-0.1166101681568422,0.006735893236589471,-0.021685650001137046,-0.02007910587497281,0.012048070813749152,-0.003221240992586357,-0.021280568247839207,-0.022235388934320015,-0.05477518773716197
wild_jailbreak:train:1197,0.3217926243709299,-0.13398611757330717,-0.019145872086003067,-0.008951561748297048,-0.0188614031514941,0.014358501920296515,-0.002177969093463043,-0.02660974181616648,-0.029589798468925444,-0.05284618140681086
wild_jailbreak:train:120,0.20677056511522343,-0.1185814343089873,-0.007438509143228054,0.03163732409042789,-0.045342129428976925,-0.010802710426977594,0.005330801562685078,-0.006533581914693272,-0.04246830498053788,-0.02462310292660223
wild_jailbreak:train:1200,0.2546089452246489,-0.1342981973712983,0.017349596371699912,-0.03960423567233426,0.004274217922001481,0.004146623460561814,0.009890029045733368,-0.01881799585489472,-0.02549461248934847,-0.0385120955933671
wild_jailbreak:train:1201,0.00344690180778788,-0.0018673364067791597,0.0019361568764004156,-0.0005886979671942674,-0.001284511103928542,-0.001335298784684649,0.0008918760479498198,0.0007595621839864471,-8.893736911346804e-05,-0.0011192033326956525
wild_jailbreak:train:1202,0.1117510697669647,-0.05612339947265334,-0.0012631741469296895,0.04651257483301742,-0.000763210650154838,-0.006537859450726481,-0.0006408793808774274,-0.020733528078170707,-0.01983879193842403,0.02141475046315276
wild_jailbreak:train:1203,0.2519236911988865,-0.08179520350404124,0.06809361290827207,0.02387218725385567,-0.015555026519692473,0.015859531425309967,-0.021000311924132407,-0.020326784644235815,-0.03316010221229021,-0.006834370319423447
wild_jailbreak:train:1206,0.15032441060392565,-0.0550418263445718,-0.002817006919242576,-0.02602705623439818,-0.0009941331343405046,0.012132420581447518,0.0032442801275272015,-0.008925343797376079,-0.00344506588526663,-0.04290908743978346
wild_jailbreak:train:1208,0.38176077235203115,-0.20003244669972345,0.008158455984661962,-0.03744048556099315,-0.04300225415113964,-0.012352731480742637,0.03121235382476472,-0.0256216177179372,-0.08172552732058964,-0.07827107411439979
wild_jailbreak:train:1214,0.42247375679599797,-0.1919442197217214,-0.032679541312710114,0.041848444099592215,-0.041787178962382786,-0.011056234984910868,-0.01598250876563347,0.0063722129424367445,-0.01749635835299438,0.0018619014351655373
wild_jailbreak:train:1215,0.4247591998883853,-0.2306247136985833,-0.0053318957900352956,0.012397005958653843,-0.03530870020734142,-0.018245078488695388,0.00010941273616215297,-0.038543109300980205,-0.06083643184803137,-0.06308159168498914
wild_jailbreak:train:1221,0.3953213514602216,-0.16257964349796414,0.0075443780648499215,-0.010328204910735139,-0.04314999423159769,-0.00042564694685366065,0.0009587768614843554,-0.008200848235326413,-0.004298959877350961,-0.04504080813327302
wild_jailbreak:train:1222,0.26403315126742494,-0.09971290981760973,-0.005077186023206459,-0.014926399299515489,-0.01774197665572707,-0.0064686663007357936,0.004941062216461814,0.00937813270145705,-0.025503690059494908,-0.024069945950572304
wild_jailbreak:train:1223,0.16071217975037325,-0.06104405431991889,0.006927994522304524,0.005241500754772413,-0.03406223147812352,-0.011312062957701404,0.012140945062435444,-0.0025303613908531195,-0.0066098929322832975,-0.0017311583868631372
wild_jailbreak:train:1224,0.408986171269291,-0.1808373414170963,0.0010773115638267115,-0.048295477231105395,0.007506466892742149,0.02175993488837504,0.0023729259320420287,-0.03810520770445608,-0.04325742755318325,-0.08182207608222467
wild_jailbreak:train:1225,0.20437351817071525,-0.11815792168062798,-0.007898434271463244,-0.014717963245168574,-0.03140416173900077,-0.021414942093788924,0.03610743168638616,-0.021044102799848172,-0.018238427991128608,-0.06801778995952185
wild_jailbreak:train:1226,0.21016948356897772,-0.13851902908147712,-0.021506981928714308,-0.014583149399996,-0.04647358669304555,-0.049193275079198316,0.03972493422723731,-3.563931202517775e-05,-0.007187028418105349,-0.07457509475483397
wild_jailbreak:train:1227,0.2814682735753147,-0.09655117724752728,-0.03347495626244306,0.0032385645194547385,-0.036851889319269915,-0.025335852621378604,0.01816831275691187,-0.03679744121885121,-0.005898190746510393,-0.019792382599696776
wild_jailbreak:train:1228,0.31130857676197393,-0.1558099433508295,0.0018860929459442164,-0.03951651719732149,-0.024547321967330064,0.007030502828525099,0.013248465976053928,-0.020955423583085865,-0.04505275657744546,-0.062049238281899996
wild_jailbreak:train:1233,0.13859003634601721,-0.06405114483324596,0.011713698261045161,-0.03382206375522826,0.0006298225306882367,0.003743918825549535,0.0033418220677805415,-0.017014874268448315,0.0002625205068576699,-0.03226688546690162
wild_jailbreak:train:1235,0.2606478729885645,-0.1334120302134628,0.001002187688527169,-0.02349644424686107,-0.01619584245616591,-0.0026484026617461763,0.01441695384191086,-0.008617048680316658,-0.03044570542551993,-0.027967764531856384
wild_jailbreak:train:1236,0.2598005554806438,-0.10066563821967305,-0.014430787938941737,0.012256516533612672,-0.034274809026483714,-0.02104880197417901,0.015409519248848182,-0.016483332045965776,-0.030840264360019208,-0.006642357514685858
wild_jailbreak:train:1238,0.39737428643814193,-0.23709649571255173,0.010628361189479608,0.026246714683207956,-0.06866508578007949,-0.05062266574192624,0.02521122947717894,0.07787122749699754,0.12181070622870364,0.0106140379413154
wild_jailbreak:train:1240,0.18719368943995524,-0.08992879866808988,0.019047808166367725,-0.04468942499849699,-0.0009048782815432064,0.0007979518914703446,-0.00011970080926744297,-0.02316450518473759,-0.0025909406608499094,-0.04964292768757159
wild_jailbreak:train:1242,0.20736091389367642,-0.13725254018974503,-0.021994547062639473,-0.014804303297570461,-0.04979629842498374,-0.04906483594795208,0.04058042625180556,0.00013752484824281944,-0.006210739446945753,-0.07748940928079963
wild_jailbreak:train:1248,0.38003332708052734,-0.188947966452382,0.014667319715287721,-0.039287904798374476,-0.023400805839886248,0.014779341888175876,0.011327939530731084,-0.029465974252869977,-0.04107118471594785,-0.07952096345880055
wild_jailbreak:train:1258,0.4221438453685571,-0.19281163087148745,0.004740005270799892,-0.044039979958777946,-0.024981136431937345,0.02316180592308948,0.00805868311248567,-0.0325084703871993,-0.04406033751877506,-0.05835406753819933
wild_jailbreak:train:126,0.13344312390257437,-0.09699186775493437,0.012191442114753462,-0.012553860430315615,-0.025394992578645834,-0.02646212540063907,0.018961169353000837,0.011978658286706696,0.004926900205036072,-0.026835083395848017
wild_jailbreak:train:1261,0.336231962027975,-0.18032211204948725,-0.0016763623832867641,-0.04333621591354297,-0.027262570902540167,-0.006767529982866885,0.031780689369556775,-0.036546246051784664,-0.04401186921460696,-0.10682544577017164
wild_jailbreak:train:1266,0.14176978164333795,-0.0833642590342722,-0.010772790986189102,-0.024496661288043068,-0.016399652494939115,0.004333631498393412,0.009674738206244095,0.012747777646619898,0.005589019294178854,-0.0051509979266434296
wild_jailbreak:train:1268,0.1347409886772209,-0.06575314509846618,-0.010155063409670704,-0.01480989657183547,-0.007819255421124473,-0.019081549806745705,0.02277304211171874,-0.011822447243462039,-0.023762011806168045,-0.03757526427003762
wild_jailbreak:train:1271,0.2669624357256674,-0.12758437304810588,0.021231022233601366,-0.0290375703878946,-0.021223028744666167,0.00017043743145348777,0.012750879240592686,-0.022234379111744137,-0.024035289448693695,-0.05085055830628973
wild_jailbreak:train:1277,0.05367678304964207,-0.021558557979320495,0.00700373016114539,-0.012769900385982934,-0.0015196565174144612,-0.014402645530778477,-0.003513682823545929,-0.006227067106345987,0.010502057784585602,-0.021149407927504756
wild_jailbreak:train:1278,0.08428832674313134,-0.04405581187003232,-0.009858855477396308,0.0334721952874351,-0.02133992719359314,-0.008330510545772952,0.008322381006333094,-0.014824127521382327,-0.021836132578325597,0.023825949837443103
wild_jailbreak:train:128,0.216779156716978,-0.12149945427149003,-0.0006077330756157678,-0.04979487120428975,-0.006522165573110125,-0.019903801248826642,0.017069916960138713,-0.0005949759396803535,-0.006885201497003274,-0.04839556378461836
wild_jailbreak:train:1281,0.031973148557627735,0.0007166011181918973,0.0341438883246237,-0.015340389355214203,0.01093183356414258,0.017514624938687856,-0.004559764839152812,0.0033328432202493017,-0.006055773832863515,0.005015406580712676
wild_jailbreak:train:1298,0.34052454597447723,-0.14533297219781177,-0.010190761699302038,-0.013958851836637892,-0.01280046098220988,0.02494528350442625,0.009697131243842524,-0.021370732884850887,-0.033304249842973,-0.08063475248865898
wild_jailbreak:train:1300,0.18718781827537273,-0.07703148355321544,-0.010317931774585412,-0.004914726628433123,-0.015710390081159466,0.009956206630579913,-0.005839237500150397,0.005111288158120561,-0.020065233865423325,-0.0434464294359955
wild_jailbreak:train:1305,0.3724141397808657,-0.1906978588286484,-0.0037695961388392687,-0.036915072334318795,-0.028423076836126347,-0.010809338793301326,0.015526754634054231,-0.03593918735103767,-0.03228888352556124,-0.07889890289838326
wild_jailbreak:train:1309,0.3767782191844918,-0.21494706526070942,0.015868909319114097,-0.05407515996511639,-0.039729072160838506,-0.01307712616618335,0.016337507888829254,-0.04568235955069155,-0.04387896089751555,-0.12463562002009342
wild_jailbreak:train:1310,0.24833074073644315,-0.12226398343237216,0.020039624514620664,-0.004301293104627927,-0.012336571667360097,0.01460758979546649,-0.013047763610914611,-0.022818763012946473,-0.049442379102786614,-0.01451193613059895
wild_jailbreak:train:1313,0.04624688476979211,-0.002739296612458291,0.0021735070753080344,-0.017158703451410275,0.0253896293850183,-0.008945630159696398,0.0028414414464746,-0.003947648703133957,0.0014316190753921822,-0.00788896071146258
wild_jailbreak:train:1314,0.38526278363712274,-0.17978492648415012,0.0076366053587678786,0.013760325421242696,-0.0024279120243885133,-0.005873383224787209,0.0024992565533975383,-0.03351817986973629,-0.03468407318794494,-0.02600072216753922
wild_jailbreak:train:1318,0.40575381286921014,-0.23641210036663252,0.005799578299561092,0.0445367746271748,-0.05351969288084676,-0.039823471503189836,-0.005839704721145998,-0.006392587355658041,-0.079607132261881,0.026605306818609176
wild_jailbreak:train:132,0.16262722641133764,-0.08720387150907165,-0.010363750026960704,-0.01683096832498513,-0.02404182990717384,-0.00601318841949038,0.03145162319069382,0.002949572978252182,-0.0032074081257715114,-0.03371298946197362
wild_jailbreak:train:1320,0.19154961616798766,-0.09567729787269497,0.01248739467137462,-0.011192773995432882,-0.004895044452429563,-0.007771630535937202,0.023687815843133023,-0.02120757625117389,-0.02721547020489707,-0.025312303586609984
wild_jailbreak:train:1321,0.3412655086247808,-0.19378060543761608,0.016187088027314667,-0.0257939423692793,-0.021271000222656017,-0.012589187346549279,0.02440621922104621,-0.034795658802438546,-0.03433598038427632,-0.09759757618160986
wild_jailbreak:train:1324,0.46075740284683275,-0.21056997243178527,-0.009377214455630905,0.030564652511383992,-0.0329935933413884,0.007722525092263763,-0.0177951677596405,-0.026255373655833046,-0.06674535786765703,-0.019977969626972028
wild_jailbreak:train:1325,0.3592533351720126,-0.1973391648882337,0.008739907331523652,-0.013763639136006277,-0.0463009526679016,0.016900389709085226,0.0011998075668402364,-0.018457317609445193,-0.032134836219554166,-0.03354276861551706
wild_jailbreak:train:1326,0.2636542271254938,-0.13682031128391045,-0.008228369875252805,-0.02267651082194603,-0.03906514501405112,-0.011100223743366226,0.038622816717051936,0.008143431052942548,0.014113986640113985,-0.04391894023729171
wild_jailbreak:train:1329,0.027177683447144364,0.005114847705395117,-0.011713645380431006,-0.008112145410156337,-0.0064760553049741185,-0.0181343003307609,-0.02646838298115144,-0.021544168736565304,0.0019053971909422998,-0.015601911871618641
wild_jailbreak:train:1334,0.20822752959728652,-0.1298361895574468,0.001518154170111892,0.03029803569026007,-0.030365101605590947,-0.014527039961188272,-0.0032079808122504852,-0.008306578430465682,-0.048804978147432725,-0.004573065159828167
wild_jailbreak:train:1345,0.20196326499812706,-0.10778926326455367,0.0014034737352712598,-0.03268233454425185,-0.02107993925417108,-0.006861544470680561,0.009929922541279154,-0.02330537880933253,-0.019222115465085166,-0.06100562388087068
wild_jailbreak:train:1348,0.27406858779225796,-0.1125205882174498,-0.006281469910049688,-0.057324053714135896,0.006002786889726953,-0.0026266419597022173,0.02273392651029278,-0.025820374823350957,-0.022124090019577276,-0.05861588252827936
wild_jailbreak:train:135,0.2704792632684452,-0.08783476246411175,-0.031881833086481015,-0.0038410968341484135,-0.022460364082459952,0.011756630129803554,-0.0017807599602157873,4.857888919806915e-05,-0.003387237922394883,-0.0365282605276382
wild_jailbreak:train:1350,0.21595269350597482,-0.14203295748738842,-0.023274548532045653,-0.01391915495539009,-0.053466145826800676,-0.050751636714905186,0.04115003439467221,0.0001358116447591399,-0.006382786409635647,-0.07920827713071096
wild_jailbreak:train:1352,0.1882595327044439,-0.0758776540914038,-0.00412699788159529,0.027203296165529214,-0.02261608172719747,-0.029689768192182615,-0.011892899786039675,-0.02409045066850532,0.0028347928222631625,-0.014838412404990254
wild_jailbreak:train:1354,0.22354017992659272,-0.10292693603322517,0.001045288076952344,-0.004352171031103204,-0.013516354712141881,-0.020001608337431715,0.0139938006773517,-0.02015335697293699,-0.029161727183421818,-0.04467330367728576
wild_jailbreak:train:1355,0.27987414749425527,-0.1472192200524053,-0.0028599785203639962,-0.040659503362300696,-0.016247110333345825,-0.008072121734712927,0.02828752614781128,-0.036734812544360895,-0.02879890131545693,-0.09417236719778273
wild_jailbreak:train:1357,0.3863294830267538,-0.19709854910975783,-0.016887161230483082,0.00954943066658587,-0.06373590856792731,-0.019893704509737882,0.01739243258099825,-0.009085472587242356,-0.028891125841489975,-0.028788747476235006
wild_jailbreak:train:1358,0.5250217553909697,-0.23760359572615491,-0.006132780695682252,0.02787855767685483,-0.04572873952538257,-0.015474931951017198,-0.004576299806553702,-0.02145792139263984,-0.0597517633653976,-0.05742521330255957
wild_jailbreak:train:1371,0.40767721259712,-0.19426925492710112,0.010204919131118742,-0.06624877541758128,0.009216793527890503,0.028695990204939393,0.005948409918067391,-0.02274621900042738,-0.038490935256445966,-0.057474985542269263
wild_jailbreak:train:1373,0.3787382137512105,-0.18991654940093608,-0.00045265181219749344,-0.03240699421596448,-0.03683960433844761,-0.005827408217206285,0.02875359460225335,-0.04719348458459305,-0.04861319023317141,-0.0804903859724399
wild_jailbreak:train:1376,0.3899551687643035,-0.20232848561023845,0.011826615997439243,-0.041899626916547944,-0.012784658472777915,-0.011841495273382237,0.011636118062796928,-0.04008001172419827,-0.05553612122037081,-0.07565654286441444
wild_jailbreak:train:1377,0.3466685081680829,-0.19108411659697258,0.008515010207808942,-0.04843092781238445,-0.040392243025396964,-0.03672264156084912,0.024034740026693698,-0.01663298093002287,0.0030795149870604817,-0.09791636438743248
wild_jailbreak:train:1378,0.3975841902576693,-0.22360307938093582,0.01147201436410246,-0.03978631637164539,-0.02921081899545878,-0.017067477553381272,0.032070003622381146,-0.03426898619526581,-0.03663232811817922,-0.09734491886683254
wild_jailbreak:train:1383,0.2187064523722461,-0.12244744190889795,0.005979621065165942,-0.03422039554006512,-0.0215228486997317,-0.03105462131598834,0.02090726387389048,-0.026992952623797594,-0.005551563420353086,-0.06919842728417996
wild_jailbreak:train:1388,0.32469190249590557,-0.15791728142968336,0.012315479424112194,-0.060377905602302176,-0.0007603289002507774,-0.014362524358321,0.021906973362661144,-0.04157573932001638,-0.032264360068575346,-0.09972605908287942
wild_jailbreak:train:1389,0.29077833450108104,-0.16760352816287358,0.008763495683819691,-0.03281735004525787,-0.024597156141709466,-0.01629965952572829,0.01965794941622167,-0.02932340967061662,-0.022313030012123893,-0.10017237281409927
wild_jailbreak:train:1390,0.2904879210987762,-0.16439621125845394,0.014029043761559471,-0.039557708261559535,-0.01927362509463023,-0.003930358953829286,0.017782020126158267,-0.03216684321364478,-0.02885908065425086,-0.10055059136808792
wild_jailbreak:train:1391,0.29289877156696453,-0.16771163485269056,0.012546091837376133,-0.04397399030099085,-0.023290131586741317,-0.01024953406327149,0.01647849241419833,-0.027228573101758538,-0.030596830807998732,-0.10735073964038117
wild_jailbreak:train:1392,0.2653059842440069,-0.15703176192560567,0.002540702463461675,-0.0305208542180319,-0.023544882653793474,-0.029141682327712557,0.019143598963653297,-0.017418815332285027,-0.011158602981741986,-0.09048918394171472
wild_jailbreak:train:1393,0.30929791467092327,-0.17738101068714013,0.01459377862540309,-0.04882979993003497,-0.025660562995742153,-0.0029865105827953198,0.022282537179368997,-0.03266822496064776,-0.027083280144259005,-0.11206132516660643
wild_jailbreak:train:1394,0.3053106951905533,-0.17689420839426467,0.013355285536407033,-0.03234524917343374,-0.022756822506952212,-0.013436536583680252,0.01661932203604812,-0.0340219024376259,-0.02894519866896527,-0.10132546423214421
wild_jailbreak:train:1395,0.5555863083876138,-0.2953672875535816,-0.0005598818383490977,0.04319912849319404,-0.06867033021819365,-0.03756222923357345,-0.0007069004279404765,-0.022041025655307182,-0.09544216001137662,0.008529788266906913
wild_jailbreak:train:1398,0.6002097218132889,-0.3423104751952227,0.008335952870344608,0.0720694609421394,-0.0861692418319445,-0.05249734567642219,-0.0132438586336044,-0.009187874940181275,-0.1216905425866691,0.048706806968527104
wild_jailbreak:train:1403,0.35782892466213373,-0.19860102485223297,-0.002518178732810528,-0.016302956559006678,-0.04652646270973139,0.0007576409308023132,0.019409428275103783,0.018987600430300008,0.004489065256185479,-0.050346951370558335
wild_jailbreak:train:1404,0.1610987700734061,-0.07603866832973209,-0.0033237311744691712,-0.028018553765404512,-0.015753262345295123,0.0055538532746997535,0.00896538799778024,-0.006443239689315433,-0.005656577837509065,-0.04056093772471199
wild_jailbreak:train:145,0.23155074972797265,-0.13052521580952825,0.002700528763104308,-0.008145845709803711,-0.044147134195786114,-0.019062037805725313,0.008338954329022465,-0.01020119442304963,-0.014597254365863916,-0.04174528429154929
wild_jailbreak:train:159,0.37669634718433054,-0.21904335910919154,0.011147774849485629,0.007863070118423661,-0.0644305248589771,-0.0919510774417927,0.03153007744257814,0.20177272952169373,0.3875571605419092,0.03632116189280337
wild_jailbreak:train:166,0.039863822968467015,-0.02256200958317855,0.0022653366220412295,-0.007538725542928046,0.0025736492182910466,-0.01558556222923698,0.003983571318468639,-0.0070908805199678794,-0.01212989878144267,-0.016115718355125302
wild_jailbreak:train:168,0.2878947112977688,-0.16486822046801333,-0.027398762040346664,-0.016371297830388085,-0.0674392856076094,-0.03693803253438065,0.03969768855759084,0.016176940368028397,-0.03014056625100682,-0.08142432754531789
wild_jailbreak:train:169,0.30764186853687364,-0.15009308493432666,0.0042738618095135,0.043276270017334736,-0.040044487833742905,-0.011400640391874998,-0.002075623307792687,0.0043020890286617885,-0.0066873916072410075,-0.007486546404956238
wild_jailbreak:train:17,0.06985148390266163,-0.03422165157348007,0.006624266916807485,-0.013663216309440177,-0.0012726537933617315,-0.012309240573167197,0.006438677573582969,-0.0027983980618217544,-0.013023326204174585,-0.015701578786810777
wild_jailbreak:train:170,0.39696747285244555,-0.191662326740482,-0.01101228292282004,-0.02979866728055847,-0.039090926527348996,-0.017985456610869973,0.003950220790112662,-0.011045185700300197,-0.02537086902855157,-0.04359834186194066
wild_jailbreak:train:178,0.13239428504551523,-0.06272696798082814,0.003367762974390351,-0.01287798451023283,-0.0226267216055424,-0.0208104790309715,0.004402542467762899,-0.0008940589279743826,-0.01274675448870779,-0.04137809809461465
wild_jailbreak:train:179,0.16809113190375924,-0.08825187791232647,-0.012279487243250875,-0.025679908632092453,-0.018677795631248505,-0.010814855471173732,0.01833596460860448,0.004163418092869222,-0.02232122445542896,-0.035836695601431996
wild_jailbreak:train:186,0.29785796080728777,-0.14830119843720033,-0.03148248101706048,0.0327961615497574,-0.022893422344055912,-0.026855632992569406,-0.0063142681691493036,0.04357411122794434,0.022720151595843632,0.01494236317597487
wild_jailbreak:train:188,0.33872987812637617,-0.15077942359158752,-0.025594830018075495,0.05999022423705783,-0.00516102229662585,-0.045306526213890704,-0.024304203032839884,-0.00973342056130483,-0.04605580079710203,0.028483899415907985
wild_jailbreak:train:189,0.19312081364197237,-0.11520869387762678,-0.02371173740801526,-0.004935677873597886,-0.029701641438850162,-0.022933761943017984,0.012097811626083286,0.004416669691040652,-0.040037399506719924,-0.01920050788937294
wild_jailbreak:train:19,0.09668565149223703,-0.040532593851171334,0.006692949243527556,0.002024209913208029,-0.009766988991386267,-0.019244041141638035,0.004685427774572492,-0.005637478408111195,-0.013513821365796515,-0.01486858025042199
wild_jailbreak:train:191,0.3700774364083497,-0.15660019951691706,0.014564678391790098,0.005098955727682562,-0.04918281933716769,-0.003975780192964453,-0.0023020270136215877,-0.034030314317840746,-0.06590511630870845,-0.017616243578526702
wild_jailbreak:train:195,0.39689628899039386,-0.18767760923269552,-0.022328461858143942,0.05229993802803534,-0.044564450951434485,-0.0206725217110478,-0.0022933696749704207,-0.026704797071484675,-0.047043952408723444,-0.009656236356260095
wild_jailbreak:train:205,0.1768862355095757,-0.08624806873703493,0.010460284316875151,-0.020841995816015986,-0.0077086478559763956,-0.01599046976227955,0.017908549471032133,0.0010151713864898215,-0.023777972138827423,-0.020967211674685935
wild_jailbreak:train:210,0.2538286597427508,-0.13456597655279065,0.010908940022006658,-0.028512802537205454,-0.00790533917879739,0.007834526512023656,0.00732862580503962,-0.009372687074956082,-0.023703026730097835,-0.02459365655892477
wild_jailbreak:train:22,0.22036303457350453,-0.0656475791235977,-0.014795337202934175,-0.014536213123120612,-0.06118478679634071,-0.005053595004866439,0.0018655580069255589,-0.0051850695500407756,-0.03503933083430516,-0.013203130331259964
wild_jailbreak:train:226,0.15508371325989093,0.0066896245457500475,0.09342824576571156,0.02420118851859807,-0.017474174264270708,0.030249328670489982,-0.032296890269598144,-0.01280945912268017,-0.016170197663932167,0.024657558017401774
wild_jailbreak:train:227,0.1525129891634784,-0.0871039248426902,-0.023604243089379216,-0.014183669625449289,-0.04219577163393371,-0.010745377575490675,0.021144672460931508,0.012108858222771425,-0.019705653375600773,-0.017716202564009957
wild_jailbreak:train:228,0.23807124971055268,-0.15418031012080566,-0.017300813678813604,0.0076092314690859204,-0.06116616821530584,-0.03854537361692763,0.00748753867822192,0.07086129167764071,0.10415297915281646,0.017077811533534274
wild_jailbreak:train:231,0.3697933825195095,-0.19599991492725152,-0.016747558327926747,-0.008004348343494004,-0.06356787659765109,-0.026933331036893313,0.015298415681345942,-0.014201172204675408,-0.048853183542561296,-0.04389460274680948
wild_jailbreak:train:232,0.3345783676684081,-0.1714900692408075,0.0019169729113011347,0.01815778539831943,-0.0669874029869559,-0.04814295271479047,0.016402970703107752,-0.010534457268246653,0.003695554505339873,-0.012666339324153796
wild_jailbreak:train:233,0.1986753968880665,-0.10893864493157163,0.000672981393270078,0.014652251153864555,-0.006836502597032142,-0.01739401447858085,-0.00439102213743916,-0.003888088497100443,-0.020175617162327707,0.0031035167873080163
wild_jailbreak:train:234,0.1412198387350651,-0.08226251517963289,-0.005121270704554666,-0.010674006639374104,-0.015226971101285283,-0.015984978992679567,0.00016526209196923052,0.011206721883275338,-0.008609425896943294,-0.010547161628110317
wild_jailbreak:train:235,0.21195019967348247,-0.11651275444812409,-0.018090521470986307,0.026636586558579187,-0.04576701637248639,-0.020704330154326246,-0.010736502686697427,-0.006789507678668428,-0.04159467296646846,0.012640001804140032
wild_jailbreak:train:239,0.31875044975302347,-0.14173417784821812,-0.015102546156521676,0.02629615735104932,-0.023941928342280157,-0.03035912970883283,-0.019511807179901475,-0.02598102875099745,-0.05995958002523597,-0.0008804616499682231
wild_jailbreak:train:244,0.22250554501562123,-0.13045256621526954,0.005524767144408029,-0.009298520528342008,-0.022077432625436568,-0.023692484938978183,0.016947442048423193,0.01893768448337615,0.027071997133200423,-0.028059530352857097
wild_jailbreak:train:25,0.41247970528202066,-0.21001762664974508,0.0018650455801413365,0.04761672320821193,-0.059099018614465246,-0.04336860075681509,-0.01942584550809399,-0.023798113041888856,-0.06355577843300887,-0.008014563662455076
wild_jailbreak:train:263,0.34130937493717795,-0.18326746556394746,-0.019468120436204526,0.0061063602832643225,-0.03181559650486306,-0.01520571470842902,0.010555602162374394,-0.004367750833067026,-0.03520934602177091,-0.009701949186036694
wild_jailbreak:train:268,0.3186530798333094,-0.16319545866884022,-0.0275104234037465,-0.0034249059778570573,-0.05528515234070509,-0.026156569995610276,0.013668173610039528,-0.01623475955162603,-0.045849382429159,-0.021865438803210492
wild_jailbreak:train:277,0.39058898008842446,-0.2648717805765239,0.0004737628039724094,0.061510803585113384,-0.10947412811070235,-0.07659694927721153,0.02763216374224037,-0.03083028488060538,-0.20547051019032092,-0.025265885651632333
wild_jailbreak:train:283,0.25802381636437977,-0.14558360880400797,-0.012983573059521667,0.008722400590086657,-0.06794392506376168,-0.019532158325235895,0.02996281847319573,0.0045108755355343895,-0.024712606512119425,0.0024863905043511873
wild_jailbreak:train:297,0.43045002064583293,-0.2757268197956278,0.008640866088660567,0.03526765101062292,-0.0839020302887767,-0.05551645727634138,0.023007740973638533,-0.02573046616408342,-0.18264089663954725,-0.02041494202117912
wild_jailbreak:train:298,0.3550003866438588,-0.24341548366646432,-0.0018398694030486464,0.06838860544529704,-0.10090424236517298,-0.07820415598940021,0.014464174090863783,-0.022306254888911487,-0.18146606054616155,0.0056874724792550495
wild_jailbreak:train:308,0.23515828999084745,-0.12544026478950618,-0.020250188885530287,0.014734157633536462,-0.03716544625128473,-0.01879255563076749,-0.004101976473071381,-0.011025918149455333,-0.04529549002599026,-0.012845779460457547
wild_jailbreak:train:310,0.6077864675218104,-0.36710173434363236,0.004356346926282477,0.06936011219261082,-0.0976010287319942,-0.057413602185158695,-0.0009837755801115175,-0.005857725162441155,-0.1457263788875511,0.0404761575015652
wild_jailbreak:train:314,0.3626265651805052,-0.1616682480120154,-0.0007826875122497177,-0.04545975609919415,-0.007478262929032088,0.04452447303165845,0.007925216870291577,-0.02658012861899034,-0.04337000778781964,-0.0703909074340134
wild_jailbreak:train:317,0.3430835798731296,-0.22158669682067975,0.0010485383315207157,0.08682662978277675,-0.086080158583224,-0.07268559491928223,-0.005233114514835745,-0.012446463238228622,-0.1800007705156816,0.03548398985028919
wild_jailbreak:train:320,0.6381266971211755,-0.3447142665788501,0.0006872703690951095,0.06510298747019756,-0.09549738686317258,-0.0635350024676236,0.005516121879421061,-0.035602775421429936,-0.1416612039126367,0.02268189789301787
wild_jailbreak:train:323,0.5760180469810399,-0.3543910571619,0.01009445941271172,0.052865285789566646,-0.08681046249696767,-0.05733059075702009,-0.006070978321759671,-0.005002082732100601,-0.1421369408980492,0.02771665904299017
wild_jailbreak:train:332,0.03535837684105701,-0.0339304632312248,0.002124512426644646,0.0074897799075375505,-0.018435987202964882,-0.02034637831722978,0.008058469315804426,-0.0027818044192876317,-0.04891334905252549,-0.01035773840370585
wild_jailbreak:train:334,0.3737990670885359,-0.23898425306571244,4.494665678060484e-05,0.10358455974783216,-0.08319935523871923,-0.0746486936676393,-0.011006780177453178,-0.011746250859871426,-0.18628627210133225,0.03619661008329291
wild_jailbreak:train:336,0.09979298095114798,-0.04177364435582827,0.011370248586328355,-0.023460715087428884,0.006048488756960107,0.009478376492435664,-0.010069288513114434,0.000939394725677656,0.0017063092102504185,-0.02312008733410053
wild_jailbreak:train:348,0.4484239131494065,-0.2818159927089809,-0.00623950053944779,0.08433974415943137,-0.11763082895036729,-0.07211210007765635,0.02337157985025339,-0.038243403813346115,-0.20520975504653022,0.00538220919275025
wild_jailbreak:train:352,0.3360921077644533,-0.21199486650343669,-0.013702923391735861,0.0376828181532721,-0.09128557755662933,-0.05272620567568612,0.024958877529040545,-0.01367025711233497,-0.15882489254090462,0.0004934652996186624
wild_jailbreak:train:36,0.17108591160123832,-0.09988931261119494,0.004461062476596244,0.02024859172107951,0.006868023155127389,-0.027161141153472238,-0.005439323531028011,-0.002849544754271255,-0.007136013802376399,0.009619713038922931
wild_jailbreak:train:37,0.5072472603895128,-0.2503544862957175,-0.015035540924855732,0.10030003040935569,-0.059127730992326745,-0.0557789611191274,-0.005116935838458451,-0.02965331141585165,-0.07677118157021334,0.03534180430855625
wild_jailbreak:train:372,0.27799024433277864,-0.14159891187760998,-0.00184004370746808,0.005173469937552125,-0.03508157981095782,-0.01524803708507866,-0.007728634391896941,0.03784615154205858,0.0674396607271159,-0.015872038527655324
wild_jailbreak:train:376,0.4146664343008264,-0.27217529200891677,0.0018021163073875285,0.010035223899666849,-0.08719175161445517,-0.06684319090540639,0.044748345476427406,-0.009100644422484499,-0.12611156330294448,-0.046366434015593136
wild_jailbreak:train:380,0.30010025889214825,-0.14851811966119685,-6.506770590431885e-05,0.03144162476409343,-0.04060031420296209,-0.015592300762655583,0.008331539993783563,-0.02700337071585965,-0.061054721502639325,-0.02175407114177977
wild_jailbreak:train:383,0.3415590415345762,-0.2308278155620454,0.004009200401522658,0.010529858283342767,-0.09670545954635341,-0.07277134764469116,0.04621448238663505,-0.010909898954699924,-0.13656041153221857,-0.06300420658865061
wild_jailbreak:train:386,0.2897859861271865,-0.15035046819618933,0.015331829659868025,0.003741019833177943,-0.028030785041748555,-0.013091585343049246,-0.003877917526641089,-0.0044945449225244774,-0.03774035726366383,-0.006285972367905247
wild_jailbreak:train:389,0.38276080836912146,-0.17263811736737844,-0.04004240743317195,0.008689344772926808,-0.02032192362180965,0.028880043920366485,-0.010088305661071014,0.010918745462360631,-0.04904779472906982,0.010791016991785264
wild_jailbreak:train:39,0.19791029414598046,-0.11723478442927227,-0.008218770776957488,-0.008553746149749365,-0.03848896799909589,-0.05905153286062853,0.025570425991362774,0.1687017583867171,0.3472640001015138,0.06924380642877255
wild_jailbreak:train:391,0.3553440605735047,-0.23449700664091294,0.008967355458916018,0.0045574388994153465,-0.08708773205099189,-0.14670013804871995,0.049829172668488575,0.38319405741779855,0.7375251309590803,0.10532554567796827
wild_jailbreak:train:399,0.2792000808045785,-0.13919591764020947,-0.019699435393667815,0.12536548674437034,0.001668471037539239,-0.036012765537724235,-0.009858066025927498,-0.002813608018420397,-0.037378706974824705,0.006874389144306096
wild_jailbreak:train:406,0.4116812913062556,-0.20980682520620977,-0.020114276358163288,0.010471865505284053,-0.013398209659011881,-0.0232445890537569,-0.006352193060543879,-0.0007552709797982046,-0.04955237187389731,0.010230378915673176
wild_jailbreak:train:408,0.41883070479349477,-0.22160753458594454,-0.01694164030542205,0.014329309191832796,-0.028399856466595645,-0.024340314145648922,-0.012459037929295463,-0.0032087646005606292,-0.051663554426549775,0.006722079377605495
wild_jailbreak:train:409,0.4281621133499651,-0.20106752657764593,-0.024750684231892632,0.00918296012877646,-0.05390139032546547,-0.023881282801428184,0.009801506380397446,-0.02688543212118125,-0.034466747044170506,-0.036432867879690765
wild_jailbreak:train:411,0.39762110726247135,-0.24638781851262082,-0.003450133066701124,0.102561818153928,-0.08205885167739439,-0.07425175755838681,-0.00980534508244744,-0.01389352313365424,-0.18775997338316233,0.0392066687532172
wild_jailbreak:train:418,0.20755903706530066,-0.11524783308900448,-0.005499644270419063,0.008344160771414973,-0.04642870811611678,-0.018911251441283368,0.011045948884037211,-0.015702334189653694,-0.0337782381415062,-0.013276178568727249
wild_jailbreak:train:420,0.5444743447880084,-0.3384937281516361,-0.004386980075521274,0.1072769649618477,-0.07956195488897556,-0.06952870088872867,-0.01376853957004826,-0.005607326536158948,-0.11082295284564693,0.05265440081989489
wild_jailbreak:train:422,0.054243402036132406,-0.013146316319924368,-0.0078342044991271,0.008540323296426686,0.021321947612854258,0.011423274363483218,0.008718473363635562,0.10307614101449765,0.1576356617449752,0.011544663871543364
wild_jailbreak:train:426,0.30791627015782624,-0.14989030673375137,0.0011631258929443884,-0.04133149667926106,-0.008438331342061739,0.02054646000071851,0.03390400268714011,-0.009143602628798552,0.004265021777009275,-0.0538065652812324
wild_jailbreak:train:431,0.2133722959435076,-0.12792304998700602,-0.0038604057496959736,-0.015072004186285352,-0.030240724826558704,-0.02209088092702068,0.0278514355614372,-0.007238519648694694,-0.016791701092779644,-0.044884476700140084
wild_jailbreak:train:433,0.34015841464134045,-0.16832462091463907,0.005023169681240896,0.017728346904839425,-0.06286737380676592,-0.042811298904985425,0.00828574995219507,-0.008690408437513132,-0.0011658336048387876,-0.00906070288429312
wild_jailbreak:train:434,0.21931161495841084,-0.12606611172356938,-0.028101202129051435,-0.011281654242972127,-0.052200849290529434,-0.045826229212537935,0.03195066090767874,-0.01624620177275738,-0.015284088981346105,-0.06046970858078459
wild_jailbreak:train:435,0.47386751299754226,-0.25340890168966573,0.01693022608082739,-0.0050513888704830714,-0.025106231801797576,-0.00035617842754618646,-0.00549925071368025,0.03909273631095188,0.021691300305165608,-0.03139835234358801
wild_jailbreak:train:437,0.27208367842899306,-0.14034347750544457,-0.008683944380796794,0.013221184440283083,-0.0368417225999179,-0.013144616980286588,0.013502411119675957,-0.02515428848118221,-0.019413721884490514,-0.029085282234732394
wild_jailbreak:train:439,0.2940478363243053,-0.16817519484951549,0.0015755894803574152,-0.01083802630268607,-0.029707250908159094,-0.017456965683595695,0.008643975201909813,-0.01612775112732585,-0.03365578510161786,-0.05204942852074146
wild_jailbreak:train:442,0.29653675983720446,-0.12336887606603426,-0.023408476784448847,-0.01787092062513957,-0.018205473880371525,-0.03607932735778024,-0.034700445361767925,-0.03426217197461523,-0.024156155536002533,0.000304440472623311
wild_jailbreak:train:448,0.3317786657310379,-0.15970851263122032,-0.019655932610893864,0.02201112259974175,-0.057973732864614665,-0.015423879694874985,0.004614753180401097,0.007914125361553028,-0.019236857234719653,0.0005109896266195084
wild_jailbreak:train:453,0.4511761146694381,-0.27297854792345155,0.005390066440696613,-0.0033895329796484676,-0.08837319236727643,-0.13219962136511895,0.04089362226007678,0.30314579387744484,0.555951536357511,0.06377572489176002
wild_jailbreak:train:455,0.3331839921602045,-0.16823654023411827,0.0029093027463310615,0.01927522782344343,-0.06738667784805016,-0.04467231897721792,0.014207664213940315,-0.010969505528771673,0.0031302231544644782,-0.01176683235977127
wild_jailbreak:train:459,0.07626149631463701,-0.06543112317032578,-0.0009975316452297735,0.015179397588382548,-0.04020035729617806,-0.029391981876138673,0.010311613795447146,-0.0009709339093388557,-0.06065369333245619,-0.014417104585078994
wild_jailbreak:train:46,0.14594193872682967,-0.07490191827707907,-0.0021123716963520923,0.024515032392220172,-0.0250222705765437,-0.02312128159252859,0.018914161686448397,-0.02142613599348771,-0.006757850860428401,-0.01126548649493182
wild_jailbreak:train:461,0.3249017808892003,-0.146810624351025,0.006874688244500896,0.025657167867568983,-0.049413153362089304,-0.021219136840138073,0.01901793170331723,-0.011805831251303887,0.004612317999280939,-0.025222409781420898
wild_jailbreak:train:463,0.19223188900736943,-0.1118317009666448,-0.0011235452485212388,0.007731490151445373,-0.026519857440364388,-0.0285779614575921,0.0019819400988180225,-0.008382890448241007,-0.03855407796037632,-0.011586879438856047
wild_jailbreak:train:472,0.3495063693896015,-0.19251534784872698,0.013768050407318632,0.02787081433723038,-0.0028492551199127106,-0.020602010082099192,-0.022817697180462428,0.000631123991715035,-0.023756725005026923,0.03128783749050219
wild_jailbreak:train:474,0.3665304282732202,-0.2063586364085338,0.0035468772675083826,-0.005140825456853684,-0.05681310805305774,-0.05099144705554343,0.01320990580233416,0.04593135903041464,0.09393698214487192,-0.012805323594055706
wild_jailbreak:train:476,0.2330727400415942,-0.12446473321065149,-0.020271855105040645,-0.0077314744177034,-0.051240815471325044,-0.03667015738018097,0.0156584081531363,-0.0007389258722058085,-0.014138124715183852,-0.017188849370081083
wild_jailbreak:train:481,0.3368765896782607,-0.15092750722886492,-0.024399887589523828,0.062272236474228485,-0.006224555954022276,-0.048614796375016846,-0.02664482839341522,-0.008122306626802875,-0.04456824955184845,0.02683976567851225
wild_jailbreak:train:484,0.23863129466068808,-0.0863151570644563,0.006107079082548933,-0.007063675382416966,-0.011128523872089726,-0.004248108966909443,0.005361961480437138,-0.03755226339300714,-0.024089792215983088,-0.04786849111737063
wild_jailbreak:train:485,0.29922955329521966,-0.133239187362076,-0.012850576486920303,-0.002051122060949779,-0.04024591158004112,-0.03203114771550393,0.02062060095452982,-0.015565860985002136,-0.008167052216973756,-0.027382139822398205
wild_jailbreak:train:49,0.4549464466982419,-0.22282401420775894,-0.001533403353464914,0.02063980825590155,-0.029517178962312735,-0.028322749653871528,0.0073970793359879345,-0.0027317919749620776,-0.019308814375647,-0.006716288278184147
wild_jailbreak:train:491,0.17322130195798954,-0.09788527049331372,-0.007385995496756444,0.07322138639226589,-0.009188068118574734,-0.028680232633285452,-0.007071140342232343,-0.021832732221532876,-0.07125065266920624,0.021327286311428217
wild_jailbreak:train:495,0.3833912358085261,-0.264662666110051,0.011562660673073183,0.07151895287032169,-0.1061712999384789,-0.06763965073850481,0.00787894604465875,-0.030858841480745157,-0.21855492538145582,-0.01614399276925885
wild_jailbreak:train:497,0.3903418229521459,-0.2655435087207707,0.00906358348887749,0.07530085705271121,-0.10706087213055056,-0.07478865386284188,0.013529085885428319,-0.023258922117806214,-0.19576493327677813,-0.009535398423343559
wild_jailbreak:train:505,0.39988709343994805,-0.24719487786548902,0.013385366721937594,-0.00668433504966843,-0.07818807893834534,-0.13763187054922968,0.050419765153947645,0.3710803989515254,0.7150169391923145,0.10025030183604064
wild_jailbreak:train:507,0.4148946842271224,-0.2176592014125864,-0.013731731722312708,0.015664185854395597,-0.07207800115559938,-0.05459202108393881,0.030268171516161346,-0.06343732391923342,-0.06422064156889228,-0.012045666087402146
wild_jailbreak:train:51,0.08920269090665267,-0.03510123012353846,-0.00563803092385895,-0.0018507907564956898,-0.016877979535422142,0.0291881130118612,0.007533837834533433,-0.0026918610564728275,-0.021730644383479648,-0.028569221323391705
wild_jailbreak:train:510,0.5867807577470597,-0.36645589396948347,0.015918671465059542,0.09619786800458296,-0.10442875930427359,-0.07229634879271259,-0.011476057659792028,-0.01189906175868255,-0.15958884327363665,0.05028098142229822
wild_jailbreak:train:513,0.36547693772526313,-0.13049149113884037,0.016725556125969595,0.006917886806526718,0.04260868738465504,-0.0022029805051943497,-0.0045028144850690335,-0.017541410410625735,-0.009566180586449613,-0.08146700031990425
wild_jailbreak:train:515,0.35040191963073875,-0.1672731889217534,0.01203721627532972,-0.03305158962566178,-0.0348791258411524,-0.007109310344904912,0.018069053251438497,-0.024767030555548093,-0.03281369784056792,-0.05181140804973859
wild_jailbreak:train:52,0.2290701671904709,-0.1279268427150092,-0.0010813151824318823,-0.032700674723160086,0.0014458999570340285,-0.019300634529035868,0.010310501272587863,0.011829774295859805,-0.009034904276516337,-0.016723288642997613
wild_jailbreak:train:528,0.1951088105900493,-0.09472381351105613,0.007208332464650503,-0.03280479667363002,-0.024995109150074964,-0.016655207197806755,0.02924739886389518,0.11917127273790103,0.23074043881515247,0.001690122755682707
wild_jailbreak:train:532,0.27992085404613637,-0.12611421630625688,-0.032950072955736785,0.013118938316954515,-0.022497069205125772,-0.01465049720112355,0.009622482717681973,-0.027341833671753583,-0.041786215295062136,-0.02174512285005068
wild_jailbreak:train:534,0.15469396789273668,-0.06394689689857866,0.018145825042782525,-0.013765558751891279,-0.009359995622411294,0.012306739824403393,0.0008535022998735731,-0.022894792187024088,-0.0259093712469974,-0.03302826136445184
wild_jailbreak:train:538,0.36971163617987396,-0.23795836114232222,0.008941734114901482,0.0018710455415968576,-0.08873763052125147,-0.14549083288778172,0.04992277625446909,0.38453412788064223,0.7364285533990222,0.1051178274651431
wild_jailbreak:train:540,0.24576138687515792,-0.10264816995582884,-0.011014007211328638,0.007034512554241898,-0.025396722820900747,0.0021354581245882206,-0.002610880345022155,-0.018990320401010376,-0.03822824258536263,-0.0012255677825464936
wild_jailbreak:train:542,0.24386602658901455,-0.1216234452014783,0.006429232772885687,-0.02702024059268856,-0.01425400158254517,0.014951969411830482,-0.005788291420621586,-0.015577511469146195,-0.026284022117809152,-0.05211975244773698
wild_jailbreak:train:543,0.40274877112493024,-0.24117047890642065,0.009202810899346525,0.0715975115125432,-0.05955370916865562,-0.043113686962612655,-0.01810099115155878,-0.010182002601543913,-0.08712496146977491,0.04926897648923671
wild_jailbreak:train:548,0.26040738294442056,-0.1255833270278536,-0.007014553816106533,0.07637010815158501,-0.025725882127032095,-0.029133551563089416,-0.015957144917495083,-0.01840695055208058,-0.04228165551036958,0.041519087487282495
wild_jailbreak:train:552,0.20547972567379236,-0.11443512416003032,-0.016119914222287823,-0.009525051409171568,-0.047706411414662496,-0.0223385873920213,0.030170762140357563,0.009743891536993024,-0.00983062149184231,-0.0666271712513996
wild_jailbreak:train:557,0.30324514913377576,-0.14510522795898537,-0.005254468020567051,0.022168041876037083,-0.02183110992081487,-0.008648226203899248,0.023215940224712982,-0.04058164523748198,-0.0378667838289931,-0.006273422616279808
wild_jailbreak:train:566,0.15395168952087243,-0.07853679523571701,-0.00367972419395073,0.017324649096511716,-0.011359539104104257,-0.010692243436471368,-0.0003465088305476096,-0.010718374162195562,-0.025451865161810878,-0.008413080789973302
wild_jailbreak:train:567,0.34123126410718424,-0.19979915486429053,0.011502299482515682,0.029121849108428122,-0.043711246563677184,-0.02426340805237834,-0.008977381199990465,-0.011340837439666185,-0.0601394121311733,0.013007453382176598
wild_jailbreak:train:57,0.16785994081587624,-0.08059032989447308,0.014553093873417229,-0.02806809072018496,-0.009965308823246505,0.018435057831988184,0.0008084504031976634,-0.002365326842436541,-0.014023656873100917,-0.022081223219519046
wild_jailbreak:train:571,0.2380325788850254,-0.1213242464921101,-0.0077366936262557515,-0.01637494931631562,-0.04928644481157002,-0.02737038304555231,0.019557852430341728,-0.028642352682010257,-0.022076975659527494,-0.05342249166735788
wild_jailbreak:train:572,0.15944457333047005,-0.08415353245169599,-0.006683785501023976,0.025707229164989787,-0.0063830608769224265,-0.016660427488109173,-0.023947644718022094,-0.0010063173643779808,-0.031088644404484462,0.02835776645280291
wild_jailbreak:train:574,0.14868540483471865,-0.06971337538183736,-0.0025669980212405102,0.04428413851597833,-0.0004859369780171033,-0.008743614352807226,-0.03623967932039271,-0.010055235514300346,-0.028340562622740036,0.012570246617808084
wild_jailbreak:train:587,0.23189403885953191,-0.13073252311256714,-0.01901148398821399,0.018991643241257045,-0.04509032259975055,-0.022318233652319094,0.010308911535869842,-0.013736793065337349,-0.03542663544579283,-0.005086247488783193
wild_jailbreak:train:6,0.20445291997905532,-0.11089628751279192,0.004087490556966847,-0.036325446715799105,0.001619112453944585,0.000659784158324715,0.012717439951783288,-0.0034047760143885307,-0.021881193618625946,-0.034994173900549694
wild_jailbreak:train:617,0.34602726056430055,-0.20858474406412875,0.0012233994395097155,-0.01292720798459693,-0.06087160885732682,-0.0908691527229907,0.033601717462976466,0.1950375278542777,0.3622911722729831,0.02965319651753899
wild_jailbreak:train:62,0.20168705874246431,-0.11838112835153736,0.01718701945359552,-0.016856778326681046,-0.016844508741658507,0.003002130359118618,0.0007553379946126964,-0.016625697835379774,-0.03160724904427998,-0.03668775529984491
wild_jailbreak:train:638,0.1957535112931347,-0.09378080583739021,-0.021045690204074527,-0.009094341871706407,-0.032446820204650305,-0.01423393870036606,-0.0018946899472040547,0.03137887739266164,0.0275948954466765,-0.0013847568274786466
wild_jailbreak:train:64,0.2528635376371317,-0.11389566145175728,-0.035645237975273095,-0.03109727928695624,-0.0558707127483849,-0.023066309528759658,0.017341871669879824,-0.007826713067602601,-0.04487800615049514,-0.02543668967865251
wild_jailbreak:train:641,0.38726747649226273,-0.23743690216111885,0.01795152696958669,0.02481553127782061,-0.06320851139920369,-0.053117043774532184,0.02390131049630497,0.07791959767752302,0.12493965985600272,0.004297520966963919
wild_jailbreak:train:643,0.21570278237341753,-0.12068840221993996,-0.01640444699713455,0.024107194323261617,-0.043933063153687585,-0.02095596872517127,-0.01002549664042568,-0.006494526761694283,-0.04322354637382655,0.011908473416971146
wild_jailbreak:train:647,0.3168788623820651,-0.18971988549829943,-0.018526874417676985,0.0296640086426769,-0.08503451412409838,-0.04096743095564101,-0.0017438293693816337,-0.011845393252937727,-0.08601351122832038,0.005115485504709387
wild_jailbreak:train:652,0.2579219191159006,-0.1297984392196868,-0.023049917581289776,0.002128942263114283,-0.046260069929359805,-0.02380859326942978,0.00013501326611337744,-0.021731541586766764,-0.03508385758116624,-0.023442138821535993
wild_jailbreak:train:655,0.17076595553171045,-0.09160665117469817,-0.00790432138981613,-0.025639676330209027,-0.0049427879540311255,-0.014404656049226677,0.001277093723650408,-0.028282902659458216,-0.040017651366791925,0.009179718950731601
wild_jailbreak:train:674,0.19778844199367904,-0.09292607207075912,0.0018937406156957328,-0.023937349922921597,-0.010681379530950169,0.019553553405735044,-0.004363564078049513,-0.011269924096031768,-0.023097603268764883,-0.03289930185399864
wild_jailbreak:train:675,0.3239411884265456,-0.154346368668818,-0.0016634410366522493,-0.025589699376742655,-0.034218116422043414,0.025648947138368683,-0.0072601946418939835,-0.032138823597080986,-0.04324380771406661,0.008173596593561018
wild_jailbreak:train:676,0.19007400552736023,-0.0747687640380445,0.025577999496634262,-0.02481731895370115,-0.027261013468632897,-0.010864541244216246,0.006233938966358783,-0.012727531599237313,-0.012504576447613484,-0.05752936461323506
wild_jailbreak:train:678,0.3605728243631099,-0.24064850470353855,0.0005246941601015922,0.005622893388966386,-0.08828399670473386,-0.15423578136005855,0.04998826621592742,0.383974658865716,0.7355656058276546,0.10665052212377624
wild_jailbreak:train:679,0.1898628553256538,-0.09374778761130398,0.025446134427884244,0.0030441794729451897,-0.024909354319868758,0.007867265233110442,-0.010882327158832441,-0.002977262154854036,-0.026600959534557288,-0.00575818479090195
wild_jailbreak:train:680,0.08113171287642684,-0.04262851359704876,0.004666713132746019,-0.0034289291459336834,0.011463683322905567,0.0012193455136814794,0.010000365041947673,-0.011120173094468968,-0.009806347902090748,-0.002285953851546933
wild_jailbreak:train:681,0.46904926015872594,-0.2245324842948319,0.004015215137114624,-0.018011122580409083,-0.013420076719939047,-0.002676127927669573,0.006909085840242502,-0.013126974894076812,-0.05439051021467858,-0.06304450962866438
wild_jailbreak:train:682,0.1868127778987717,-0.09204095937423702,-0.004644620436168761,-0.0360271175765478,-0.008479267221326227,0.019167606110493583,0.00953621385137433,-0.01293313007746948,-0.0330026081223398,-0.04243402891934379
wild_jailbreak:train:683,0.4497999944616613,-0.2443747692875309,0.023058308908383847,-0.06640766045408492,-0.026441700547260416,0.020783184292724,0.020239412074988236,-0.02866928374517945,-0.05021676325513426,-0.0866987739041871
wild_jailbreak:train:686,0.23272890595597065,-0.11821348657330027,0.02463578348890365,-0.03797758929646123,0.0008284010849281405,-0.009139255231769314,0.01235550134353233,-0.014258179752754528,-0.03624865350184555,-0.04484256751455449
wild_jailbreak:train:688,0.02896981029942836,0.010917638993636921,0.0038880902380154137,-0.011460716049443664,0.025113441373786374,-0.011617760548058687,-0.0072117367336972755,0.004681363711850843,0.006177483039218037,-0.0011532995114051615
wild_jailbreak:train:689,0.30575315761098804,-0.1546106126754851,0.006104366302785095,-0.0305135919392938,-0.027601659396752957,-0.006543177827595799,0.03860234675366006,-0.012519833044715314,-0.0361934395823494,-0.06360170184572711
wild_jailbreak:train:69,0.10048964094326841,-0.06163481921024084,0.002295906024956128,0.0017003372884203706,-0.01952360154435572,-0.004026747241010285,0.010465360495264009,-0.011677713540137153,-0.01736054657690118,-0.014051071689599718
wild_jailbreak:train:691,0.1885117747307696,-0.09676667914676143,0.023249497096197624,-0.024245512693186512,-0.01287139529852043,0.011521384249033473,0.0035034044267297105,-0.009688061592672072,-0.021883378392035517,-0.037931745200500654
wild_jailbreak:train:696,0.2867437558414885,-0.1687574357302152,-0.004915887052660547,-0.01725191736936227,-0.03820183879132575,-0.020891999936416578,0.009130987792905774,-0.015174769908112283,-0.04294509229032698,-0.04848223560856561
wild_jailbreak:train:697,0.265818723390618,-0.1341986682181992,0.0075438366067646975,-0.048334485281447646,-0.016685622885163794,-0.027556155507047833,0.013337594654659887,-0.013416952837791929,-0.028516815079344292,-0.05987803444964839
wild_jailbreak:train:698,0.19652788372412314,-0.09348668591898214,-0.0077819642526450045,-0.03264519834595216,-0.005980627980291057,-0.003535823561899154,0.02459302461106393,-0.007907866770338102,-0.02900411024082733,-0.03488782808073897
wild_jailbreak:train:702,0.1947153019394879,-0.09802621638493225,0.005084477666834284,-0.03129485094984715,0.0027184004448206267,0.019596214970325765,0.007987053245591779,0.005491515520035172,-0.010577655925003794,-0.03505913042625204
wild_jailbreak:train:703,0.3524053409776344,-0.22398233181366542,0.005688653421633951,0.008607127139538609,-0.06924989481861461,-0.12284519003283322,0.03262751649312125,0.24585752319094065,0.45601412038544736,0.05751834869455544
wild_jailbreak:train:704,0.3676901002148129,-0.2039380568705564,0.008474440409033333,-0.0034582630007643747,-0.020562089988544995,-0.011207832043633474,0.011665798504618652,-0.018691910126142984,-0.04604118161295294,-0.010748926296938263
wild_jailbreak:train:705,0.31500789380670297,-0.1635027608613627,0.010464471118868788,-0.059421605292290604,0.004508811404258973,-0.01265033291526958,0.02988575328832217,-0.028990827489384086,-0.0287965523224587,-0.06659321386749376
wild_jailbreak:train:706,0.31730556990168174,-0.14457211421350694,0.05774835769837944,-0.0165869896773756,-0.029442686213414834,0.01807492470697142,-0.00828836332999324,-0.0276740641097433,-0.03920422478702748,-0.052011655532406026
wild_jailbreak:train:710,0.3575201068412906,-0.1687867568093618,-0.00449577842373216,-0.0409948672184057,-0.03259265247888055,0.008167041006031044,-0.013393915324780105,-0.013102040843268036,-0.028676521810625626,-0.03359078426305931
wild_jailbreak:train:712,0.2668326235305661,-0.1494558329671598,-0.00849143365077116,-0.008630022168236474,-0.036796737423110536,-0.027234435325260407,0.002674444149984315,-0.005750255111620685,-0.005390787548027518,-0.026804824009358717
wild_jailbreak:train:713,0.32928544363546747,-0.18557913359143519,0.004292815469242708,0.06038206416834927,-0.03740120684989247,-0.03902859567633749,-0.010215345150924225,-0.03782270386019976,-0.04649831744019554,0.0023703597640564104
wild_jailbreak:train:714,0.13116220274082382,-0.08153991039811884,0.0035802745260222688,0.009559567307589016,-0.04831202569518688,-0.01853568380400353,0.015485335129578297,-0.004575020931851522,-0.08080878035645424,-0.02051487139063108
wild_jailbreak:train:715,0.37302619694071437,-0.13702388710746743,0.016821056555546412,-0.00040689681843030016,-0.029936482956277766,-0.01561451098871885,-0.0033378157797648005,-0.008527188764278899,-0.05703245391240503,0.02220810005013554
wild_jailbreak:train:716,0.19049571094496096,-0.08793118959446951,-0.028575689029390623,-0.020616565631854922,-0.03918429314435171,-0.01572903966416828,0.013128543728316651,-0.005791321264322273,-0.044860558793954286,-0.023904504141984632
wild_jailbreak:train:717,0.3664754422636341,-0.18373659766546008,-0.003224683705638528,0.016584829346253088,-0.03023745603762501,-0.022995309082752165,-0.002353987333900968,0.00352879768183214,-0.00956629993268953,-0.007975018864362856
wild_jailbreak:train:718,0.15364949468664257,-0.062371304073688606,0.027164665616058868,-0.022171116322370933,-0.012913610021863673,0.012532289262827343,-0.0030681328122967888,-0.016150158305129062,-0.006139717257621801,-0.02727747143129949
wild_jailbreak:train:72,0.587469155980042,-0.36901945008115855,0.01627231108873869,0.09864721181998586,-0.10714795748522801,-0.07387494792020774,-0.012560607041180298,-0.0092517474017724,-0.15575050698376897,0.052182228741407606
wild_jailbreak:train:720,0.4223527591897665,-0.23386409322864615,0.004280065919465546,0.09002699241843022,-0.059842276635288294,-0.03556405927361181,-0.03198344162495325,-0.01709511408234125,-0.07005356483699281,0.05122803134766651
wild_jailbreak:train:721,0.2689975197988126,-0.1514225809174031,-0.0015709637743265166,0.06950323721568412,-0.058477551953176006,-0.03163171966149692,-0.015578198072109244,-0.019215513743937516,-0.07153805595232428,0.04561493342134629
wild_jailbreak:train:722,0.380759161859842,-0.13569259446317922,-0.013758834638948883,0.00626082178562901,-0.03863646771720806,-0.03221605900639498,0.03001787942373609,-0.02382774028219075,-0.004977225040800537,-0.004676188958926936
wild_jailbreak:train:723,0.3648343535161943,-0.19877988058695567,0.006844105792504192,-0.0006116096661471548,-0.029271896362625435,-0.018414705734707926,-0.0007470819561329251,-0.0189141531190609,-0.04727688223332404,-0.004665178943320715
wild_jailbreak:train:727,0.5273805364897184,-0.2752706904186951,0.011513870276018958,-0.03781686532784078,-0.05185582699055944,-0.020767445156087697,0.029518163614483964,-0.013763815043903333,-0.018001646997307656,-0.06680356336933023
wild_jailbreak:train:728,0.3659659424944362,-0.17676240732934725,-0.002600330689753853,-0.0504315803268335,-0.03949444443490903,0.016418578751726857,0.006333933550092353,-0.02162279878205247,-0.021274688913979944,-0.07126485127406819
wild_jailbreak:train:738,0.2889536523081028,-0.1587223712492739,0.009385682172484196,-0.01862079411111156,-0.056391558430025454,-0.08592371437151072,0.040529272994149664,0.17616938269805302,0.35853344671947784,0.01823572096590773
wild_jailbreak:train:741,0.06782745841543145,-0.04225061998277088,0.0012771929561063346,-0.0043140871294039315,-0.007954293393650112,-0.01739268073648617,0.008499719738135373,-0.002543753453983479,-0.012246378596445407,-0.013396971800012916
wild_jailbreak:train:744,0.32990613913619604,-0.15932003158187566,0.012997456379550569,-0.0334938232749656,-0.01731148425104613,0.01921707499142033,-0.008314686651043124,-0.0376997774130386,-0.04344175410814956,-0.04728597469851319
wild_jailbreak:train:745,0.18230246061405347,-0.08532029491552957,0.004551046094840831,-0.024275514182653182,-0.008080466762164527,0.019865187753530536,-0.004825389258683175,-0.01104953809600347,-0.020259090772831063,-0.03137334533970428
wild_jailbreak:train:747,0.09369330478003644,-0.05162286968592459,0.005280426994205699,-0.0036061940089044744,-0.016953766262841622,0.01804391138047157,0.0015128682966950016,-0.002362384160572604,-0.022797214882770003,-0.024024275417713147
wild_jailbreak:train:748,0.49597386296399354,-0.2668481148419252,-0.005450075788248834,0.06444584976739348,-0.06591915651149442,-0.02819630226699598,-0.016744819005832037,-0.026445157918196086,-0.07916999227917972,0.015442110252533944
wild_jailbreak:train:75,0.2665862660893119,-0.13068332394554044,-0.04385687423656355,0.08439284146500954,-0.024276418143615607,-0.01917893002788661,-0.04027537687866279,0.012148546532123156,-0.05014240658070593,0.06530121507461549
wild_jailbreak:train:751,0.22888569754789184,-0.11806109812035998,-0.008039020628154111,-0.01350846966376541,-0.0420554745219816,-0.010816162328045123,0.017404326372171864,-0.010156986675510845,-0.029428137232174474,-0.03410974879830833
wild_jailbreak:train:754,0.3235420578877234,-0.17019972420474372,-0.007661095636350733,-0.027925589125402602,-0.05115355483805178,-0.01889089519716037,0.046625314662921406,0.01624426236796032,0.034274240076025454,-0.04819663465595272
wild_jailbreak:train:755,0.08403180200817845,-0.04703655996800433,-0.007962875663695251,0.012460065260168685,-0.032804927452900964,-0.008783997560707711,0.031467047218023035,-0.017905275024185305,-0.016157362404974663,0.007362748898708014
wild_jailbreak:train:756,0.24302274859605033,-0.11414013628663079,-0.036837757078609784,0.032855951499364565,-0.04866085376288742,-0.0174984955324984,-0.0003496488509481989,-0.010255945251456185,-0.03313549789955673,0.036674082483113955
wild_jailbreak:train:757,0.1599614559356223,-0.0886175229248365,-0.026846309490678094,-0.012641610534901218,-0.04834043061859009,-0.010481223180277948,0.022410764832724705,0.014465108226383205,-0.015622919482638761,-0.024274793817642738
wild_jailbreak:train:763,0.21982393762757593,-0.11535836991302621,-0.012727526085499215,0.019022023252686766,-0.036216315509854075,-0.040844585050277965,0.0039082738707500835,-0.004293697170325787,-0.03989600380107243,-0.010423416072013875
wild_jailbreak:train:765,0.15698704952440684,-0.10074464694144954,0.009837835510134046,0.019873579454375012,-0.019020946081620436,-0.013229260538597427,-0.01536794624860894,0.020784482006272788,0.005914662383225448,0.010459623350396224
wild_jailbreak:train:767,0.2916895794232602,-0.16435716195989972,-0.0017011516807941514,-0.03684419988928477,-0.03032489731666329,-0.01598846915052327,0.02304501117738111,-0.004122725150459246,-0.02718709763353469,-0.053956058364846377
wild_jailbreak:train:768,0.3358741633354428,-0.16470268246885697,-0.006595908701115151,-0.04286608544248839,-0.044306975806375076,0.003600124349400234,0.03973294929044627,0.00891967756322147,0.017202934770005316,-0.05399797845471123
wild_jailbreak:train:769,0.2749444449573625,-0.15235010034762658,-0.0019415266019802073,-0.021514666983209745,-0.012885630375988041,0.0044717695056505245,-0.006575064751097556,-0.006678453958066538,-0.028812296323036408,-0.025090661136641948
wild_jailbreak:train:770,0.047976043717532064,-0.029360918840683616,0.008548400583466976,-0.011623976561088703,-0.0022805761518524454,0.012428334882315985,-0.003166463824598226,-0.005019851532924594,-0.008604988717751443,-0.017706604197602085
wild_jailbreak:train:771,0.440052708590247,-0.2716593372117118,0.00685369370245952,0.02607749376366728,-0.09989459400948893,-0.09419808423021352,0.04697336098818845,0.19031537978625113,0.3163238784785062,0.03029172134123292
wild_jailbreak:train:772,0.2053123444272883,-0.08613694891458132,-0.0031044889860949642,0.03128480729216622,0.009303704849141,-0.019198732460108177,-0.011062106822859737,0.003832980119891621,-0.017817116046286212,-0.011766978714443928
wild_jailbreak:train:774,0.13059949275029106,-0.06881382079634853,0.007621396698000504,0.012393016471501773,-0.012727297074134137,-0.013629824983777005,-0.0031515576375369383,0.003573102274177015,-0.002220673611629078,-0.002900476224898935
wild_jailbreak:train:777,0.3506099635633013,-0.17072685871721555,-0.025693708435070937,0.08946659395556812,-0.022114380802802095,-0.02592265244637796,-0.025067210910291793,-0.0027366903926328207,-0.04826773236634688,0.028582945745593735
wild_jailbreak:train:780,0.2507331522292807,-0.11281311235059287,-0.013110901890552218,0.04096225483812057,-0.054099533070772074,-0.02035552607869682,0.0006017580929328546,0.06546233803188045,0.09548873538889069,0.04558331284361467
wild_jailbreak:train:781,0.4274856071513602,-0.2313671429712816,0.009366008298613589,0.005479213196463147,-0.049359399647595004,-0.039261161242838696,-0.0059777488370526145,0.04398272340248368,0.08342977918754103,-0.015087593096491523
wild_jailbreak:train:782,0.21866244512029004,-0.12414184841340037,-0.013683584864098609,0.024834088257222237,-0.042316937873652115,-0.016108273067356328,-0.009406183821433045,-0.00022287076797079296,-0.047044248611566974,0.032636227454515804
wild_jailbreak:train:783,0.0,0.0,0.0,0.0,0.0,0.0,0.0,0.0,0.0,0.0
wild_jailbreak:train:784,0.2243564370642619,-0.08862590768374652,-0.04754109005523756,-0.010495101506906294,-0.03348524163420719,-0.012953943077326877,0.010005769518258647,-0.011156250255094235,-0.017164219892141133,0.017387792097351227
wild_jailbreak:train:786,0.5476989572744351,-0.2577502930062579,-0.020600472680027317,0.0012773999754157825,-0.05112755571810617,-0.03804530498171268,0.008676370202797195,0.001677789977133635,-0.00887450434721561,-0.01427317841340448
wild_jailbreak:train:787,0.3484488163254277,-0.17436783125472496,0.02370702142155273,-0.017651892189701618,-0.054175003902234176,-0.016222281830074403,0.022971353217011062,-0.0023019361460539334,-0.01729526946163358,-0.04472116887237455
wild_jailbreak:train:788,0.29947323719752544,-0.14677339183417842,0.02984556847467074,-0.05161481940732289,-0.00827692967952418,0.03364720043697459,-0.013066752622187617,-0.016709576035924448,-0.038811672537085166,-0.08621981488156635
wild_jailbreak:train:792,0.25519095375188533,-0.12899507601202329,-0.020224346796723452,0.02588905752326851,-0.04616981628359498,-0.01865312523479322,0.011899018719519216,-0.00555917368770412,-0.029954118726323947,0.033983311292546635
wild_jailbreak:train:793,0.5103082982504701,-0.27564220360658737,-0.007773684549495801,0.06872290478061788,-0.06638269693067483,-0.03405127904105775,-0.019282336683322264,-0.027772594041239676,-0.08406875396909892,0.021696143795414076
wild_jailbreak:train:795,0.3593330658238284,-0.20382084384413557,-0.008375919973064081,-0.024104623267700093,-0.01493008713983636,-0.011740634504387018,0.030465580736774897,-0.0038887654054811393,-0.05322123235642334,-0.024049827263235596
wild_jailbreak:train:798,0.3177094598884556,-0.17585896313884963,0.013500594057713897,0.014307848811322453,0.03048402876965032,-0.010595213291454962,0.0019092846657545047,-0.005052644998571365,-0.016799605803930077,0.04803728239546497
wild_jailbreak:train:799,0.2536628999304493,-0.10683503779860093,0.003381845766770304,-0.006594171660536643,-0.05452584070361975,-0.0150862669716099,0.025813562337562043,-0.012823479349563401,-0.0073620544594601555,-0.029134607842294408
wild_jailbreak:train:800,0.20533992890919925,-0.09362502228103706,-0.01894074858584291,0.013478493302074356,-0.016717666260847613,-0.00892302723193971,-0.007607577502468993,-0.012758239946159723,-0.02028487356531489,-0.006261973604970719
wild_jailbreak:train:802,0.21615484621826048,-0.09896492782034771,-0.013065702922302866,-0.028407658124710623,-0.03633691565035994,0.025048314653709665,0.014019144506217348,-0.015184299206380092,-0.047025734427270705,-0.03776463776067908
wild_jailbreak:train:805,0.11029181831017365,-0.07217610636727255,-0.010387760606136269,0.012354872107662701,-0.02277364258269365,-0.02623275146525108,0.0012828604954926719,0.001191692021822258,-0.01617742659996123,0.0019507538455110832
wild_jailbreak:train:806,0.2655531051370419,-0.12343525148360876,-0.01174687053702988,0.04298675654203623,-0.056156353746577126,-0.019123183128115145,-0.002670504679717755,0.06488026703838962,0.09067058063003529,0.04781053478129594
wild_jailbreak:train:807,0.1733181642775926,-0.08713921933812797,-0.01290793550197393,0.004209727707913301,-0.02108416082248314,-0.013367062592254194,0.004291455266360449,-0.014416024714356487,-0.013550170858171118,0.005735465078314351
wild_jailbreak:train:808,0.423888881037454,-0.19848434169994814,-0.01668674162477305,0.034309685012448,-0.03438941151229024,-0.02253826999245128,-0.0032250315730775296,-0.02930668968001743,-0.03485011833493902,-0.03200434789716387
wild_jailbreak:train:809,0.25865374483387493,-0.09985991551179445,-0.000990613059010702,0.020069943531035268,0.02639846662596379,0.016195939663828596,-0.013413436488668511,-0.014577194902334988,-0.02744354304135724,0.006623594977328639
wild_jailbreak:train:810,0.25092096611832626,-0.14803773500743278,-0.0038653817840397686,-0.033239117865114694,-0.031345621857956835,-0.014239172681801802,0.01800864639103583,-0.017134487062211566,-0.02073986523510663,-0.053132934031776435
wild_jailbreak:train:816,0.39434537481301307,-0.17685296152797209,-0.005127098173047861,-0.024910113158492213,-0.0455802974984864,-0.00797708001252983,0.014327171088026688,-0.029161373014897643,-0.04255548034571445,-0.06758402088974849
wild_jailbreak:train:817,0.15422433192065566,-0.09325109647372284,-0.01092848107286483,-0.010070347051602474,-0.027892948422474556,-0.039630260368693215,0.004301871008585512,0.042122781211914144,0.06397881092221623,0.014900699022331735
wild_jailbreak:train:818,0.35937827288633006,-0.2400197883505375,0.0006285530035099504,0.004445276955990158,-0.08823403057020897,-0.15404248413051022,0.05056656868353331,0.3843179518567953,0.7365359652945893,0.1056125133644817
wild_jailbreak:train:82,0.2506043712522798,-0.12080152973120918,-0.026513678034778814,-0.02742767155348542,-0.042189903606175735,-0.028368912416124464,0.01939175610257368,-0.007574493928533266,-0.0281605129972713,-0.024239116414588976
wild_jailbreak:train:820,0.4242624283281241,-0.1806424085742004,-0.03119839749331565,0.062330877076161105,-0.06742203952718365,-0.011040105443762747,-0.02153569151890346,-0.01921397585705571,-0.06541998601887422,0.040396051340727136
wild_jailbreak:train:821,0.1606679281282788,-0.08263508711661917,-0.006552410559684093,-0.011094155186705638,-0.02306969581441242,-0.023836892934702605,0.015072537457929172,0.0017143077439860008,-0.02272318188047767,-0.028508075253111078
wild_jailbreak:train:823,0.3643483707946853,-0.2421872998295889,0.0011932422112482682,0.0043917458370665305,-0.08895859128062297,-0.15026557304132152,0.04968831097513433,0.3828805962295815,0.7343476825102461,0.10371519432970706
wild_jailbreak:train:826,0.21110026307907223,-0.12861433827886226,-0.020058873592111837,0.0232327065792539,-0.04355417027880578,-0.030533138143359725,-0.0012393415594462557,0.01179907350742008,-0.0019542276436566516,0.012525052201199155
wild_jailbreak:train:828,0.057025797642013085,-0.03902964300446685,0.0036559625669746174,0.01995795135746156,-0.014604684767200641,-0.011363754959321336,-0.008367696694483038,-0.008077837124180655,-0.020361958014913542,0.00904933436879534
wild_jailbreak:train:829,0.5109813610626749,-0.2779229460347453,0.01128941944416674,0.012128418337129361,-0.018614730975782996,-0.033511571377052005,0.010437865330099357,-0.010292974631634406,-0.013618740061839997,-0.010525837271298279
wild_jailbreak:train:832,0.14710412480933913,-0.07213569040612498,0.0066082317755005275,-0.006978260691754826,-0.01915482316874405,-0.022192619538940007,0.0071484416848929715,0.008767594577340141,0.005486847643392091,-0.013580866423889193
wild_jailbreak:train:833,0.35903104117518875,-0.1794860589400125,0.002545473440532184,0.008647359554937695,-0.06270606399447055,-0.028408660915744285,0.03416250125755181,-0.016882835319263045,-0.014556627192709896,-0.043635190733910305
wild_jailbreak:train:834,0.2735824852081867,-0.15678762966444018,-0.017027701259786143,-0.016810702676484882,-0.03132173993328574,-0.038961364831237154,0.016754278559299486,-0.004657858001953684,-0.019174133217533036,-0.05345478557408551
wild_jailbreak:train:837,0.30396209422487486,-0.17589414118468694,-0.015541224913339348,-0.02209337728655319,-0.03847138166651507,-0.047247766904129636,0.02282340645580985,-0.008559990518344352,-0.005850103112228495,-0.06122393299769029
wild_jailbreak:train:838,0.29961037208540064,-0.17863350047056037,-0.01072386471502167,-0.022972537899523873,-0.03771566687277705,-0.04757994281388751,0.01911420168665124,-0.007772508814644953,-0.009087751483124316,-0.06354458173540777
wild_jailbreak:train:840,0.457200838932222,-0.25140253057812434,0.009530103132278143,0.02141726542473454,-0.03312683769318524,-0.041867742838745815,-0.0024184255125710586,-0.024184710540597714,-0.045684112389380194,-0.01429082677841503
wild_jailbreak:train:841,0.3553314726917307,-0.234489315603487,0.008967038658054477,0.0045673689011539,-0.08708619482346548,-0.14669790407875977,0.049831354230768066,0.3831999409680409,0.737519148787735,0.10535562949359122
wild_jailbreak:train:842,0.3184902643899229,-0.17621267017821407,-0.004056303757430293,-0.00877198661150594,-0.04071830660670754,-0.03157580444202551,0.02845276832980147,0.032815743599266874,0.07114051052113643,-0.03493072893465746
wild_jailbreak:train:844,0.16902744397429187,-0.09741417964199761,0.0025330827356199698,-0.002976683620690811,0.026563045753448884,-0.014078895848072277,0.0009469603521220672,0.007390440578343843,-0.002788498523164365,0.016156698218416452
wild_jailbreak:train:845,0.10565229887726742,-0.01628248844787234,-0.027023461942588502,-0.015122816470780445,-0.004907887463620854,0.00048195363685847717,-0.017535363561385048,-0.01322821592089769,-0.012284953517760887,-0.0015943378856804317
wild_jailbreak:train:847,0.2497760091811097,-0.14626588959443448,0.008974584899565622,0.027006509748963584,-0.0034977295664746894,-0.012696751604629812,-0.003079904427337271,-0.004396477489215528,-0.047550727156041396,-0.030316384195290223
wild_jailbreak:train:849,0.39845187865968634,-0.2077246659433287,0.011030854395516657,-0.05202462336557448,-0.03268834357642222,0.022057694089578674,0.0165779140207048,-0.026982766674725475,-0.016783809742003837,-0.07827109370118555
wild_jailbreak:train:850,0.1936008329491179,-0.08330001991991587,0.003257599930008472,0.014067871810947877,0.006481045104244835,-0.00013399676340649963,-0.0116291012466397,-0.014459424061612798,-0.02825660974827267,-0.0002454680677514222
wild_jailbreak:train:854,0.3401701340723841,-0.12466490003769257,-0.006352259661888791,-0.0036542158463518863,0.009728097532987328,-0.0005292122653633155,-0.020496606590613472,-0.026343923190241824,-0.03552254249143198,-0.04786491856349704
wild_jailbreak:train:855,0.20629395747716775,-0.13643517168832434,-0.022275478571999498,-0.013475265167144307,-0.051605815270990035,-0.04916056968458794,0.04023958353884373,-1.4213214032738613e-05,-0.00624685316398068,-0.07750922640992151
wild_jailbreak:train:856,0.20344214806805935,-0.09097109367510799,-0.014361891191860456,0.012168283866437288,-0.023538400703321284,-3.233453558311711e-05,-0.007679378906519792,-0.010567392669023205,-0.0314695242582884,-0.04648424160575598
wild_jailbreak:train:857,0.33546449848996623,-0.1365192179591249,-0.03470852454291108,0.011044227136084621,-0.05375465053868471,-0.025829163037979455,-0.014754585817395787,0.011932641565507173,-0.0011971160706255842,0.021124432434554478
wild_jailbreak:train:858,0.15331715036071172,-0.08177939255066666,0.009371100401008223,-0.00614356851894068,0.005326821373320267,-0.0006207084216552929,0.012139554607004681,-0.011617318171295089,0.015542914264790292,-0.04959702150164525
wild_jailbreak:train:86,0.2543153701489153,-0.14021897673138872,0.006157579504397285,-0.02107660465969224,-0.03138244567636143,-0.01600065906683194,-0.0016400350402897773,0.01908004737390829,-0.010327838725408852,-0.020715080084514052
wild_jailbreak:train:862,0.25407972578960125,-0.1553851888892225,0.0012236270064609975,0.04351232433600718,-0.05121680426638235,-0.0517638209714712,0.020431333536156837,0.15851580375220423,0.3017028075786488,0.03806671100221672
wild_jailbreak:train:864,0.12596712061292548,-0.07326811757546528,0.005889201440381919,0.035323906104019996,-0.010929896941810232,-0.024532966159224234,-0.0012189643320510187,0.007422539654875516,0.010702210102901632,-0.009378258369815397
wild_jailbreak:train:865,0.3027585311843551,-0.1564513743702096,0.016736869103551443,0.04281420752119342,-0.01937045684645237,-0.017412562191784837,-0.02342941816254522,-0.02600300553305312,-0.04820215446429086,0.003689649974341772
wild_jailbreak:train:866,0.2510971966530691,-0.12150797511481469,0.01997625452470633,-0.033652337251071925,-0.021410799118642757,-0.0026505111742351063,0.007587643344081925,-0.012672641735256021,-0.0149647627544825,-0.04303368736106371
wild_jailbreak:train:868,0.4014172864428417,-0.20496366935332927,-0.016971578496185587,-0.006454769795730028,-0.06506232584867032,-0.036873548683221014,0.014256824912331987,-0.015595707999196783,-0.04814092710048408,-0.04450082500708905
wild_jailbreak:train:869,0.34124189395850296,-0.16316156364758447,0.00258235677646827,0.08344636318809638,-0.005529309169413636,-0.004852739444435027,-0.028777076069073065,-0.015617182004373599,-0.03861436987262365,0.03954972142861765
wild_jailbreak:train:871,0.3820895455657908,-0.17601189253606336,-0.025815270428501284,-0.0025177251238979338,-0.032275125689388284,-0.03266314009626373,0.0038827896896891883,-0.001246427994450475,-0.019671673769892574,-0.04052493205390736
wild_jailbreak:train:872,0.17762241386469219,-0.05040731661402686,-0.0404488766048602,-0.0008345247793346703,-0.026740924263286305,-0.0024111794842845793,0.0008608473876910023,0.027013691981381725,-0.033245663034509404,0.0038647642803715317
wild_jailbreak:train:873,0.1813845102265485,-0.07572568676334338,-0.017619208309784834,-0.009684497477115262,-0.011465271446107471,-0.04326391018630527,-0.037552911585150256,-0.02357312265860878,-0.017851215240200557,0.008732166293216832
wild_jailbreak:train:874,0.20736091389367642,-0.13725254018974503,-0.021994547062639473,-0.014804303297570461,-0.04979629842498374,-0.04906483594795208,0.04058042625180556,0.00013752484824281944,-0.006210739446945753,-0.07748940928079963
wild_jailbreak:train:876,0.5916261393322739,-0.3554102546482294,0.015897532660161272,0.09219780866304858,-0.09099026982921507,-0.05812782454419476,-0.018621104050002186,-0.011954474920189246,-0.12152922381031993,0.056339395077152514
wild_jailbreak:train:877,0.41441514758802983,-0.24498924158672025,0.025080717976030235,-0.03814204934136442,-0.03806372910723292,-0.04032695707591419,0.02207128184899421,-0.039859374587261506,-0.03672647945336012,-0.09079075645381504
wild_jailbreak:train:881,0.2686707359009847,-0.12235535992046793,0.03512920784578729,-0.021376957708056886,-0.022349196845501993,0.011233573655160513,0.006901913231307271,-0.005308065318816179,-0.024427926714944957,-0.02439560944043969
wild_jailbreak:train:883,0.3619458561296591,-0.24022284592536244,0.0009201354479299862,0.004337048191121066,-0.08818462260073724,-0.15016199281372197,0.049920044526878385,0.3846822014227217,0.7377823996396742,0.10534623526350322
wild_jailbreak:train:885,0.40527414289759106,-0.20996735383948775,0.004333215128523302,0.09549279242497571,-0.0010625291133199645,-0.03776872945222956,-0.03136620986457235,-0.008885086964012643,-0.041443462011346084,0.008649687690279632
wild_jailbreak:train:888,0.5943937256437634,-0.34831925477747,0.003301734268943136,0.1002394361952123,-0.07981416932430377,-0.06400533492247788,-0.018560534184657057,-0.007529747465703148,-0.10396896944996181,0.058077082789323636
wild_jailbreak:train:890,0.5586697209028547,-0.3501289837028725,0.02238766754157371,0.0550689881526591,-0.10326026535850141,-0.05842127932620279,0.0005659237065566423,-0.011298458548121115,-0.13834670359914128,0.028152798811568198
wild_jailbreak:train:891,0.20871382609866498,-0.109174625059534,0.023786861736083728,-0.05886071857191162,0.037006097811868935,-0.005790617243001089,0.018743647790772987,0.010911381118051636,-0.020510685352564728,-0.0351610271909731
wild_jailbreak:train:892,0.2338970597346688,-0.15191468047155954,0.011442130324277284,0.0015232710504114355,-0.026863254584534067,-0.009175225979742034,-0.0030596153583193867,-0.001998677255866083,-0.04773410952554787,-0.02790140074200725
wild_jailbreak:train:893,0.30015629885403516,-0.1493646594620871,-0.00405680540411856,0.004411932703485769,-0.02710318824656844,-0.033135776007515924,-0.014805285586840715,0.028060038753223288,0.006181317379626197,0.02347123279369586
wild_jailbreak:train:894,0.20255468724096384,-0.10689980726311163,0.004204958681006386,-0.019356351632815936,-0.004716210501023645,-0.008872796339276913,0.02393915631511908,-0.025376271402072974,-0.008381551289756192,-0.017949711342045947
wild_jailbreak:train:897,0.3084279594181933,-0.1363077805912631,-0.012074601434774715,0.05116171351516775,-0.043688804191115885,-0.008043055411755897,0.001106652116064403,0.0017264857094062879,-0.020391865821646357,-0.0023681405306255746
wild_jailbreak:train:90,0.1624368464423759,-0.08713305822650505,-0.010345987979156767,-0.016809240048009932,-0.024035888783442455,-0.006023710566857698,0.03142436381082907,0.002935207028532578,-0.0032717223500043848,-0.03371284645438501
wild_jailbreak:train:900,0.1929361035841781,-0.09408091993827963,-0.006179295820321417,-0.01998058044438396,-0.03724247378285113,-0.013712147339023368,0.009424123429743107,-0.01150888256262592,-0.0249770510829741,-0.03122604132099572
wild_jailbreak:train:902,0.22516104252704205,-0.11163995969840813,-0.018397564274135077,0.05983133052858588,-0.02538003808483274,-0.03441850844220107,-0.02325527831051123,0.021337440966253077,0.028403978133175488,0.022040222159670827
wild_jailbreak:train:903,0.2720316856422816,-0.1365007071437694,0.0014068669652236335,0.010397313510650805,-0.01972752406611295,-0.04257920435923185,0.008255532434863214,0.046490309559066835,0.06698398357416852,0.006314880582454387
wild_jailbreak:train:904,0.27761103915706037,-0.1042878984414372,0.019642283414623405,0.007727926630424427,-0.04311425446143334,0.006461581902180054,-0.0025567815242692597,-0.037313703505462016,-0.028235458798954644,-0.02251465168144683
wild_jailbreak:train:907,0.15259440048893916,-0.07413499108716984,0.02845401516294041,-0.029408946499836504,0.019591219914285782,0.020335511090081724,0.012217211581724428,-0.013498626484881827,-0.00018747809325475503,-0.034752629703329485
wild_jailbreak:train:908,0.11414592922379824,-0.061782959416983585,-0.005588920449019723,0.0036226961181732246,-0.025937704520461506,0.010555857257608386,0.0020562262629364434,0.014998585427361419,-0.0023143577187245278,0.0011782050541706225
wild_jailbreak:train:909,0.3171822768102653,-0.17905372102587977,-0.030502934610805672,-0.024951131631226375,-0.050243835995138604,-0.03467795441701245,0.03750166161373653,-0.0065401775110836505,-0.0237666491237755,-0.055338298260713965
wild_jailbreak:train:91,0.22428243190341968,-0.09706483462264838,-0.038559315943645006,-0.024830565787829745,-0.05361580439504562,-0.017211254474754273,0.015305469911484066,-0.004184145431201057,-0.04221529683980732,-0.02588148217961531
wild_jailbreak:train:911,0.2357604022696889,-0.13205541570799506,0.0115569339809223,0.0004947948920540949,-0.01643991600777372,-0.02431374313500413,0.004580223103352399,-0.03242072599814003,-0.04706138997538211,-0.041467476614550906
wild_jailbreak:train:914,0.3102374072689334,-0.15697173586011573,0.0012056364445539145,-0.03910362812545608,-0.02498152676587332,0.007990587517222128,0.013297097230700473,-0.021018250504604218,-0.045430246013954845,-0.06204503917258358
wild_jailbreak:train:915,0.30094714820361174,-0.14963377295163,-0.0008320903861869554,-0.010803637900938138,-0.02033894050545798,-0.025401491752233916,0.0009825498487153232,-0.030129152055530843,-0.027723650632331346,-0.062306980383600725
wild_jailbreak:train:916,0.4961168517012376,-0.30018283731773987,0.021353456052157892,0.034527194782776965,-0.08389292797257672,-0.06822143980406489,0.029724375831718605,0.0931351966431656,0.14844641379226847,0.00916108515532564
wild_jailbreak:train:917,0.43291280362564943,-0.21568131683167907,0.0030053680707813894,0.00853031884906574,-0.04113287808222463,-0.020258546528194758,0.029447685912346984,-0.009443461047306945,0.009376449267821699,0.0006851230025884123
wild_jailbreak:train:919,0.20160687832650562,-0.12145062453074497,-0.001186512779070718,0.00245270385475656,-0.005110608514018578,-0.004689601186778293,0.005722500483548083,-0.011791680550527822,-0.03826798441588529,-0.016079762945864478
wild_jailbreak:train:920,0.33096488350887665,-0.15933407976154604,0.01123262450076139,-0.03488070551536381,-0.03852060830848929,-0.003813708100110109,0.019596404681038813,-0.026165965720793494,-0.03565117947480493,-0.055552032574435126
wild_jailbreak:train:921,0.21317573361713477,-0.07942807765804084,-0.03314702754405427,-0.029935213295385787,-0.02165361169326772,-0.014747183008589433,0.002625435404213331,-0.022904752565007333,-0.028051122124341604,-0.023289710870046783
wild_jailbreak:train:922,0.2375552576031335,-0.11732811797903629,-0.011137096653158273,0.0009910211249290022,-0.036585341319387434,-0.02324794157084834,-0.012753546926289862,0.04355111434565536,0.06163165067047234,0.0051456358763496066
wild_jailbreak:train:923,0.12752942261421762,-0.05559927220431742,-0.010762728023723704,-0.0177950525711859,-0.015490374734672043,0.010638196304105861,-0.014299839524600823,0.019815762559866428,0.002839246727806187,0.003558886507967032
wild_jailbreak:train:924,0.23415805498915393,-0.12068944477656664,0.0017539517474747357,0.0027914933003025887,-0.0312917058580816,-0.001021458584826302,0.026304085625006003,-0.024181966114927043,-0.019314438931819576,-0.020140281779383075
wild_jailbreak:train:925,0.23167818707267732,-0.11799575553031015,0.024713893252495032,-0.037568571757400554,0.0004710490467774711,-0.008888305652001603,0.012072404900722467,-0.0142649603476518,-0.036630037610494826,-0.04479335641957999
wild_jailbreak:train:926,0.2368872899105427,-0.12226635460736132,0.031070373180861165,0.02435143153232655,-0.056892036013099646,-0.0150026423993686,-0.012545024099644511,-0.007480906706799593,-0.026919089393131267,0.0035755725392555946
wild_jailbreak:train:928,0.21441521429668647,-0.09732622349958084,0.018812963572972685,0.0011567718887588018,-0.03024594453279809,0.006180117533498438,-0.0002770444083170069,-0.007657604295077052,-0.01251142705470002,0.0039021531569881874
wild_jailbreak:train:930,0.07580044062836755,-0.023679588079236966,-0.0009196363783967671,0.0216271007731171,-0.01263427336226079,-0.011210118191274803,-0.00012948790118314985,-0.0088437900818779,-0.006001743744259007,0.010094451057155326
wild_jailbreak:train:931,0.369360044403139,-0.20530300616072752,0.009430426151142797,0.03830439209513719,-0.0458392705324923,-0.03855932555844893,0.005868699241521522,-0.021450646523348407,-0.05411571226258234,0.00823789482733077
wild_jailbreak:train:934,0.36766062528741184,-0.237162420033629,0.00853238922856597,0.004724626613469817,-0.08928210835453326,-0.14588143611377183,0.0487937773023059,0.38480847693449105,0.7374860896265311,0.10765852165492125
wild_jailbreak:train:936,0.2795717089795903,-0.12277736794241305,-0.0288648090654183,0.0279620343588618,-0.04249889223697307,0.012481673979151972,0.014626433461069887,-0.007142005268025886,-0.02473279553907907,0.028525225460395553
wild_jailbreak:train:937,0.4006004748912373,-0.19497419190378856,0.0006747677522393756,-0.0005212467018918169,-0.026620196963905964,0.004425241996775496,-6.17150835874445e-05,-0.02653927126313075,-0.046009953715895245,-0.014337394038036253
wild_jailbreak:train:938,0.3133988967737006,-0.12272499427837137,-0.030299419595568092,0.037817568944549,0.0009243854260111425,-0.02331628758159371,-0.04459551872672409,0.01577110558822559,-0.03724158154463956,0.02741827229798997
wild_jailbreak:train:939,0.11261108578745956,-0.04544803291464609,-0.004419318778038848,-0.011985989652005419,0.0132284723369546,-0.012000315902138034,-0.01784787432090017,0.01857116338384656,-0.011046170515731311,0.01795292979166723
wild_jailbreak:train:942,0.3150547141316686,-0.1481211083774837,-0.015020425013562544,-0.03578396438939949,-0.02739968870214326,-0.03896153700621295,0.020627493800314166,-0.002667889196826651,-0.03426106420646612,-0.04536483467643626
wild_jailbreak:train:943,0.2528865407262669,-0.12159225338625351,0.03477410360297189,-0.03410470407713826,-0.008471986870308718,0.006607023480679832,0.009011763614749254,-0.011277792097232033,-0.006023912050320412,-0.0598521979887175
wild_jailbreak:train:945,0.045373253006732554,-0.016424878962495764,-0.012780572254416745,-0.015419046517883547,0.000657699643960195,0.01190321147493491,0.008655762900014886,0.0018348728122310502,-0.0022680788569381695,-0.004697200739601359
wild_jailbreak:train:946,0.20621016137413736,-0.09631413573025513,0.0008229046426702475,-0.02557100812942304,-0.0161411728064307,-0.004371637090813195,0.005095744223722402,-0.016981354832323468,0.007216868103962396,-0.04857154103127963
wild_jailbreak:train:949,0.3749349764610518,-0.16003832354956024,-0.00443210716059233,-0.007173865259244412,0.0032096714577294805,0.04733694313435043,-0.017883224924047186,0.00414660576774508,-0.054040416171881774,-0.06723232894775052
wild_jailbreak:train:950,0.36276431327596803,-0.18349296821796668,0.017686968732369683,-0.07247142454737134,-0.0028953712788505996,0.016904266314517656,0.007220201990088263,-0.0295204761341175,-0.02881774218264179,-0.09781643750615833
wild_jailbreak:train:951,0.24108576613435387,-0.10142949518866468,0.01848417987560027,-0.034164487440573085,0.0024572005866960113,-0.008507727078487163,-0.01733743846793017,-0.019394940953834466,-0.030906096865588133,-0.050777172335034385
wild_jailbreak:train:952,0.1932131315072439,-0.09904677903054418,0.00802715873858357,-0.03778707430878082,-0.0013755447901493151,0.0005714297119794157,0.01924072200311971,-0.01923662075499805,-0.01237073503145317,-0.04583330131657452
wild_jailbreak:train:954,0.2983444385423897,-0.14790296000016623,0.025432156429299045,-0.0462771207254078,-0.011845914737676908,0.0391916676825954,-0.01585104131691908,-0.023255485135640876,-0.03125996179710814,-0.04694986478470155
wild_jailbreak:train:955,0.21353167562186628,-0.1257897729407323,0.002722028545266491,-0.003342112946418963,-0.023787673168155846,-0.025413597001387032,0.008871864706143507,-0.015225496631283315,-0.03714595593593083,-0.030197791312791385
wild_jailbreak:train:956,0.20873139369496185,-0.11862448581164636,-0.0012257608355879144,0.013743797338560664,-0.035467598719841696,-0.016226426878446543,0.009851589550177833,-0.012763485957103301,-0.026146261943030345,-0.011389075609503998
wild_jailbreak:train:957,0.11541359380840104,-0.04363887489866706,0.0018681478374885806,0.008192028584720241,-0.0178782515527506,-0.0014670230198818217,0.012529436494165247,-0.011317075437631193,0.0041634411172660184,-0.014342883995940078
wild_jailbreak:train:958,0.20001103181001761,-0.11071163265730406,-0.002021058601547175,0.015376746799227355,-0.029027101470473056,-0.012156179654417862,0.007059391540903627,-0.006726326605706462,-0.01902933817567344,-0.0064537440784304834
wild_jailbreak:train:959,0.250805372992229,-0.1251137561339384,-0.006960619638566958,-0.0002945440384836296,-0.0361673806292657,-0.011014941387957522,0.030957883232089502,-0.00414749085275742,-0.011743773244853279,-0.035581503072016116
wild_jailbreak:train:960,0.35026603047951455,-0.19012262664191082,0.022534852568714285,0.07478747956426544,-0.050093550127649177,-0.05325577496510517,-0.0028563282263820112,-0.007880499409975181,-0.04890666769805246,0.058548973617729025
wild_jailbreak:train:961,0.35848711372184444,-0.20216985539005664,0.0012685509344977357,0.07514267633697308,-0.027332506076730993,-0.04125317614602095,-0.02475358260940013,-0.01338545822252265,-0.06424207537959209,0.06019631328654557
wild_jailbreak:train:963,0.35788557661236525,-0.140578590662251,0.03411443528664701,0.03814402738450768,-0.02273588322823104,0.006432846287018958,-0.0017949937776961745,-0.006999974962849719,-0.0037388600680953415,0.033669938464270424
wild_jailbreak:train:964,0.33248986657438856,-0.1949052243277004,0.005935448278744697,-0.02192129188548816,-0.056117861109486154,-0.12598518206712736,0.02295438370928776,0.2617689327959761,0.5108773688837139,0.0462799245049765
wild_jailbreak:train:965,0.24591880302333527,-0.06065157636676671,0.05184372320313439,0.035811900109899056,-0.010425555174353502,-0.013679412695536467,0.01125815811708576,-0.014703757979311472,-0.01003948865566529,-0.01462286810594649
wild_jailbreak:train:966,0.2663369095470669,-0.1431785492832746,-0.002314752365476829,0.07213261581079906,-0.0366822733738576,-0.05002862560444772,-0.004843298922021202,-0.015234326839674064,-0.056265387682459825,-0.0018161295306676909
wild_jailbreak:train:967,0.20469095673707363,-0.1342756489962362,-0.02327280394616595,-0.012539758131191856,-0.052054892060460566,-0.04910155111111651,0.0401116941292771,-0.0008232377191936522,-0.006957292370952201,-0.07697048127413841
wild_jailbreak:train:970,0.2219997668091298,-0.12273864262161002,-0.019500913387396318,-0.015249935436559085,-0.04023694583527969,-0.016178881671498835,0.02204323990862713,-0.007863005865127783,-0.018357136946537865,-0.0481266951357867
wild_jailbreak:train:971,0.3427063997306939,-0.1759972164559405,-0.04808260338509428,0.003791570049941327,-0.07646361564138884,-0.058734819337891514,0.04048892511899508,0.0182487936794741,0.039099663877007265,-0.028711550655470503
wild_jailbreak:train:972,0.3799439325760598,-0.20485920842259242,0.022026707691746014,-0.038237227413646005,-0.03924885070880162,-0.04977183685350911,0.01504332694473023,0.08593521988211295,0.20279416475277917,-0.03667962007222311
wild_jailbreak:train:973,0.3236722202094348,-0.20256740204360144,0.009696057932615637,0.021688627556975332,-0.044462514591529924,-0.032735213483904936,-0.0018034800869562374,0.013325806321356434,-0.017165158209076697,0.012529750928545184
wild_jailbreak:train:974,0.46977286550740954,-0.26400669830561146,0.006349714453756378,0.00574891648401706,-0.04680973211721449,-0.05244664469991792,0.027461555811238825,0.05383515081459023,0.0718791764397615,0.011305870479519928
wild_jailbreak:train:975,0.4737708964726353,-0.28815652681621134,0.011435087749873781,0.019680499915965884,-0.08043181126385665,-0.1376770245967356,0.03627010937737524,0.3278641360698995,0.6203096561439113,0.11051675897549641
wild_jailbreak:train:976,0.2963568700743318,-0.15954617814245298,-0.01847302939242863,-0.02538426652667674,-0.04034162941234655,-0.017717385478671764,0.021351743570085725,-0.011000552781443445,-0.027126417121538793,-0.0574235170512265
wild_jailbreak:train:978,0.23017376209075313,-0.11286051291388151,-0.02520072585008096,-0.006960880529610615,-0.030066015763087116,-0.017368626481812432,-0.0025263936791340125,0.03072166118926291,0.012320090018636452,0.002429879208933204
wild_jailbreak:train:980,0.3175445683448408,-0.16990233365464452,-0.013348912128820766,-0.026949168936779982,-0.046128414275031324,-0.016475777774017267,0.01963690067301698,-0.01637266481737473,-0.0343466519103141,-0.06164816294597377
wild_jailbreak:train:981,0.13610229241372038,-0.07663222520932411,0.007897262539378959,0.015048902983240284,0.007040807298802195,-0.024120856552599153,-0.009392294595070353,-0.006255697949115812,-0.02344168315145445,0.005848237332239784
wild_jailbreak:train:982,0.23149117269137784,-0.1147498381917706,0.008103805056514722,-0.04004713358418132,-0.02102984055725937,-0.002966142002315201,-0.00250115603099528,-0.0260786428279818,-0.012490371587021676,-0.06089127743563556
wild_jailbreak:train:983,0.33863703592613903,-0.1804100250081493,-0.004346911657643656,0.034554243159187516,-0.024831197885699166,-0.01562630964489842,-0.01717037764637995,-0.007948019080935658,-0.04985896299491776,-0.022767045941114804
wild_jailbreak:train:984,0.29558155283233667,-0.13816041809429272,-0.010399794395796181,0.10356642240130506,0.0014287349642819744,-0.038269237521636586,-0.038591512724879554,-0.0007128431987287692,-0.05383762357183732,0.021528308449114273
wild_jailbreak:train:985,0.40434652664983567,-0.2412568743136173,0.013440123776537099,-0.005286472669980634,-0.0669129636452865,-0.11375961148598744,0.0334820110203669,0.2580457956724376,0.4831164761953619,0.06197927327290837
wild_jailbreak:train:986,0.32350888000653716,-0.18836518832135885,-0.0034628885335255296,0.04063975922793648,-0.04530683424877037,-0.038833286682040204,0.01898134519876462,-0.013925212827487437,-0.03441063741326903,0.014850369883714845
wild_jailbreak:train:987,0.20446234935178442,-0.07768540221082817,0.024230652677383863,0.013712703912025406,-0.021354019244661168,0.016653808413969337,-0.025491175436703806,0.02706868317844841,0.013833997290662342,0.003235319393803939
wild_jailbreak:train:988,0.19663312238718458,-0.12911332770737768,0.017985428049532202,-0.017647815430521945,-0.020390122545879834,0.00012974529155371217,-0.010095487958162598,0.004962481477573459,-0.01630008646631019,-0.02592768450835251
wild_jailbreak:train:989,0.09148575564348087,-0.027039219887523603,-0.0034360254580133977,0.026200759888814165,0.014475059113764378,0.002973030922898115,0.01840142126605579,-0.017415019184012368,-0.003660793549746979,0.010532837029414112
wild_jailbreak:train:99,0.3793655207624932,-0.25453051402837396,-0.0023537697846512566,0.07982048150181421,-0.09778490830881355,-0.0836719224033798,0.010190370671116871,-0.011513458808903676,-0.12365777353541142,0.026491026220438738
wild_jailbreak:train:990,0.16926216909731184,-0.08154953464103323,0.016497928339098133,-0.02548433413041918,0.006737488668154231,0.018094121219745567,-0.0017079547818439535,-0.011896915978247059,-0.01978837227380906,-0.023838089206139446
wild_jailbreak:train:992,0.13838333418164636,-0.07496233891818646,-0.007587129472868217,0.026741565500611745,-0.0335298326641956,-0.013784824119194673,-0.009396990057519868,0.014354756055733352,-0.007268333071201834,0.010914203728945953
wild_jailbreak:train:993,0.4068178207074769,-0.19545971896362677,0.0441385031152123,0.07957352363714414,-0.04510543445399436,-0.042092647147402684,-0.013108902907652063,0.014958830237956411,0.0026722573637626276,0.05324318593412729
wild_jailbreak:train:994,0.22752847107748056,-0.13357657565370873,0.021032054800191345,-0.001701325820576394,0.008885665575357578,0.002436264670282727,-0.021043219802537587,-0.008390003397965745,-0.024787665799683098,-0.010506263045048762
wild_jailbreak:train:996,0.28548479932819576,-0.14792563724364347,-0.01372609798783112,0.014599241491933554,-0.04488099502925216,-0.010291763141832022,0.002647812460072479,0.0027102270269834883,-0.009033752644722942,-0.0035640802255226455
wild_jailbreak:train:997,0.3268816846292964,-0.2188950467771837,0.002184520510039937,0.040073526132658556,-0.05831102176525422,-0.06290115429943692,-0.01100382264588938,-0.015163108187678083,-0.15504426717756312,0.015842541041880893
wild_jailbreak:train:998,0.3984988042889996,-0.21047777781676671,0.008482886266038044,0.002300919217783014,-0.048510959042640044,-0.015474745796680137,0.013925795387220845,-0.021442341548829118,-0.037114345315844406,-0.01950040073835675
wild_jailbreak:train:999,0.24238406422868797,-0.14100150724660254,0.015026533279475542,0.023946869190639767,-0.02393001082616776,-0.010405323601772112,-0.016964332105938434,-0.0071647172093671505,-0.037092356101687186,-0.0044812639200538535
